,ranker,player,pos,age,team_id,g,mp,per,ts_pct,fg3a_per_fga_pct,fta_per_fga_pct,orb_pct,drb_pct,trb_pct,ast_pct,stl_pct,blk_pct,tov_pct,usg_pct,ws-dum,ows,dws,ws,ws_per_48,bpm-dum,obpm,dbpm,bpm,vorp,player_link,team_id_link
0,1,Steven Adams,C,26,OKC,29,806,21.6,.613,.004,.373,14.0,24.4,19.3,15.5,1.1,3.7,14.1,17.6,,2.1,1.2,3.3,.195,,1.6,3.2,4.8,1.4,/players/a/adamsst01.html,/teams/OKC/2020.html
1,2,Bam Adebayo,C,22,MIA,32,1098,20.5,.608,.027,.561,8.9,24.8,17.2,20.8,2.0,3.6,17.8,19.8,,2.3,2.0,4.3,.189,,0.8,4.3,5.1,2.0,/players/a/adebaba01.html,/teams/MIA/2020.html
2,3,LaMarcus Aldridge,C,34,SAS,29,953,21.5,.575,.128,.226,6.9,17.2,12.1,11.5,0.9,4.9,7.9,23.9,,2.0,0.8,2.9,.144,,1.0,0.8,1.9,0.9,/players/a/aldrila01.html,/teams/SAS/2020.html
3,4,Nickeil Alexander-Walker,SG,21,NOP,27,341,8.3,.444,.525,.099,1.2,16.2,8.5,19.6,1.2,1.0,13.3,23.6,,-0.5,0.2,-0.3,-0.041,,-3.9,-2.2,-6.1,-0.4,/players/a/alexani01.html,/teams/NOP/2020.html
4,5,Grayson Allen,SG,24,MEM,19,347,11.6,.574,.542,.176,0.9,13.9,7.4,11.8,0.7,0.2,11.9,19.3,,0.3,0.1,0.3,.044,,-0.7,-3.2,-3.8,-0.2,/players/a/allengr01.html,/teams/MEM/2020.html
5,6,Jarrett Allen,C,21,BRK,31,823,22.9,.671,.009,.604,14.2,25.2,19.9,7.7,1.3,4.2,11.6,16.0,,2.7,1.5,4.1,.239,,1.1,2.9,4.0,1.3,/players/a/allenja01.html,/teams/BRK/2020.html
6,7,Kadeem Allen,SG,27,NYK,2,18,11.8,.643,.714,.000,0.0,0.0,0.0,17.8,2.7,0.0,22.2,21.2,,0.0,0.0,0.0,.034,,-1.1,-7.1,-8.1,0.0,/players/a/allenka01.html,/teams/NYK/2020.html
7,8,Al-Farouq Aminu,PF,29,ORL,18,380,7.9,.395,.419,.337,6.5,18.2,12.2,7.6,2.3,1.9,14.7,13.2,,-0.4,0.5,0.1,.019,,-4.6,2.1,-2.4,0.0,/players/a/aminual01.html,/teams/ORL/2020.html
8,9,Kyle Anderson,PF,26,MEM,28,511,13.1,.509,.180,.278,6.4,19.1,12.7,17.4,1.6,2.4,14.8,14.3,,0.4,0.4,0.8,.073,,-1.9,1.3,-0.6,0.2,/players/a/anderky01.html,/teams/MEM/2020.html
9,10,Ryan Anderson,PF,31,HOU,2,14,9.8,.357,.714,.000,0.0,51.5,25.8,20.0,3.3,0.0,12.5,23.4,,0.0,0.0,0.0,-0.023,,-6.9,1.6,-5.3,0.0,/players/a/anderry01.html,/teams/HOU/2020.html
10,11,Giannis Antetokounmpo,PF,25,MIL,31,963,33.8,.610,.250,.504,8.9,31.2,20.6,33.3,1.9,3.4,12.7,38.1,,3.7,2.5,6.2,.307,,7.8,5.0,12.8,3.6,/players/a/antetgi01.html,/teams/MIL/2020.html
11,12,Kostas Antetokounmpo,PF,22,LAL,2,3,3.9,,,,0.0,36.1,18.5,0.0,0.0,0.0,,0.0,,0.0,0.0,0.0,.069,,-9.4,-1.3,-10.7,0.0,/players/a/antetko01.html,/teams/LAL/2020.html
12,13,Thanasis Antetokounmpo,SF,27,MIL,8,40,20.0,.594,.067,.533,13.1,2.4,7.4,21.8,1.1,2.2,13.9,22.2,,0.1,0.1,0.2,.203,,1.5,-0.9,0.6,0.0,/players/a/antetth01.html,/teams/MIL/2020.html
13,14,Carmelo Anthony,PF,35,POR,18,561,13.1,.509,.270,.208,3.9,16.7,10.4,5.6,1.8,2.1,11.6,24.0,,-0.2,0.5,0.3,.029,,-2.8,-1.0,-3.8,-0.3,/players/a/anthoca01.html,/teams/POR/2020.html
14,15,OG Anunoby,SF,22,TOR,32,947,12.8,.577,.430,.169,3.7,15.8,10.0,7.8,1.8,2.6,12.4,15.7,,0.7,1.6,2.2,.112,,-0.6,2.3,1.7,0.9,/players/a/anunoog01.html,/teams/TOR/2020.html
15,16,Ryan Arcidiacono,PG,25,CHI,33,497,8.7,.534,.600,.209,2.9,9.0,5.9,14.2,1.3,0.4,12.5,12.2,,0.4,0.5,0.9,.086,,-2.0,-0.5,-2.5,-0.1,/players/a/arcidry01.html,/teams/CHI/2020.html
16,17,Trevor Ariza,SF,34,SAC,24,568,9.1,.521,.736,.124,3.1,18.9,10.8,7.9,2.1,1.0,14.1,11.5,,0.1,0.6,0.7,.058,,-1.7,1.0,-0.7,0.2,/players/a/arizatr01.html,/teams/SAC/2020.html
17,18,D.J. Augustin,PG,32,ORL,32,824,14.1,.535,.414,.319,1.6,8.3,4.8,26.8,1.2,0.1,11.8,17.9,,1.2,0.6,1.7,.102,,0.2,-2.3,-2.2,0.0,/players/a/augusdj01.html,/teams/ORL/2020.html
18,19,Deandre Ayton,C,21,PHO,2,58,25.3,.538,.000,.030,18.3,25.6,21.8,9.5,0.8,7.5,5.6,25.7,,0.1,0.1,0.2,.143,,-0.7,1.4,0.7,0.0,/players/a/aytonde01.html,/teams/PHO/2020.html
19,20,Dwayne Bacon,SG,24,CHO,25,409,5.0,.378,.278,.216,2.5,12.9,7.4,10.7,2.0,0.4,10.6,21.0,,-1.0,0.2,-0.7,-0.087,,-7.0,-2.0,-9.1,-0.7,/players/b/bacondw01.html,/teams/CHO/2020.html
21,21,Marvin Bagley,PF,20,SAC,9,212,16.8,.513,.128,.229,9.4,24.4,16.7,4.9,0.9,3.6,9.8,27.5,,0.0,0.2,0.3,.059,,-4.3,-2.1,-6.4,-0.2,/players/b/baglema01.html,/teams/SAC/2020.html
22,22,Lonzo Ball,PG,22,NOP,26,737,12.0,.491,.577,.109,4.2,15.2,9.5,25.8,2.0,0.7,19.1,19.9,,-0.2,0.5,0.4,.023,,-0.7,-0.2,-0.9,0.2,/players/b/balllo01.html,/teams/NOP/2020.html
23,23,Mo Bamba,C,21,ORL,28,436,15.0,.527,.369,.101,9.9,25.7,17.5,6.1,1.0,7.7,15.3,18.3,,0.0,0.8,0.8,.087,,-3.5,3.0,-0.5,0.2,/players/b/bambamo01.html,/teams/ORL/2020.html
24,24,J.J. Barea,PG,35,DAL,8,111,21.7,.587,.397,.063,1.9,9.1,5.6,33.4,0.9,0.8,9.8,27.5,,0.3,0.1,0.4,.180,,3.9,-3.4,0.5,0.1,/players/b/bareajo01.html,/teams/DAL/2020.html
25,25,Harrison Barnes,PF,27,SAC,33,1162,13.8,.555,.329,.378,3.4,13.9,8.5,9.2,1.0,0.4,9.1,19.0,,1.5,0.6,2.1,.087,,-0.3,-1.2,-1.5,0.1,/players/b/barneha02.html,/teams/SAC/2020.html
26,26,RJ Barrett,SG,19,NYK,32,1013,10.2,.456,.264,.316,3.5,14.3,8.7,14.0,1.6,1.2,12.5,23.1,,-1.1,0.5,-0.6,-0.028,,-3.3,-0.8,-4.1,-0.5,/players/b/barrerj01.html,/teams/NYK/2020.html
27,27,Will Barton,SF,29,DEN,30,988,16.4,.549,.349,.185,5.1,17.6,11.3,16.1,1.7,1.1,9.9,19.5,,1.4,1.5,2.9,.142,,1.1,1.3,2.4,1.1,/players/b/bartowi01.html,/teams/DEN/2020.html
28,28,Keita Bates-Diop,SF,24,MIN,19,334,12.5,.581,.510,.230,2.7,12.0,7.3,3.6,1.1,1.7,5.2,14.4,,0.4,0.2,0.6,.089,,-1.3,-1.6,-2.9,-0.1,/players/b/bateske01.html,/teams/MIN/2020.html
29,29,Nicolas Batum,SF,31,CHO,16,357,9.6,.503,.667,.111,5.2,15.0,9.9,18.5,1.8,2.0,25.1,9.2,,0.2,0.2,0.4,.055,,-2.3,1.1,-1.1,0.1,/players/b/batumni01.html,/teams/CHO/2020.html
30,30,Aron Baynes,C,33,PHO,23,549,17.0,.619,.413,.197,6.6,19.5,12.8,14.2,0.4,2.4,10.7,20.8,,1.1,0.4,1.5,.132,,1.9,-0.5,1.3,0.5,/players/b/baynear01.html,/teams/PHO/2020.html
31,31,Kent Bazemore,SF,30,POR,33,812,8.4,.495,.504,.211,1.3,14.7,8.1,7.8,1.9,2.6,15.4,16.5,,-0.5,0.7,0.2,.013,,-2.7,0.7,-2.0,0.0,/players/b/bazemke01.html,/teams/POR/2020.html
32,32,Darius Bazley,PF,19,OKC,32,554,6.6,.461,.550,.155,2.3,21.3,12.0,4.2,1.1,3.1,17.4,13.3,,-0.7,0.7,0.0,.000,,-5.4,1.2,-4.3,-0.3,/players/b/bazleda01.html,/teams/OKC/2020.html
33,33,Bradley Beal,SG,26,WAS,30,1099,20.8,.555,.372,.348,3.2,11.6,7.2,28.9,1.4,0.8,11.8,32.0,,2.2,-0.1,2.0,.089,,4.0,-3.0,1.0,0.8,/players/b/bealbr01.html,/teams/WAS/2020.html
34,34,Malik Beasley,SG,23,DEN,25,397,9.3,.506,.512,.055,1.6,8.6,5.1,9.2,1.4,0.9,11.1,20.6,,-0.2,0.4,0.3,.031,,-2.4,-1.7,-4.2,-0.2,/players/b/beaslma01.html,/teams/DEN/2020.html
35,35,Marco Belinelli,SG,33,SAS,29,468,8.1,.474,.515,.184,0.2,10.5,5.4,9.9,0.7,0.0,5.9,17.1,,-0.1,0.1,0.0,.004,,-2.5,-3.3,-5.7,-0.4,/players/b/belinma01.html,/teams/SAS/2020.html
36,36,Jordan Bell,C,25,MIN,18,181,15.2,.571,.111,.556,12.4,22.8,17.5,9.8,0.5,4.0,21.1,16.2,,0.2,0.2,0.3,.084,,-3.4,0.8,-2.5,0.0,/players/b/belljo01.html,/teams/MIN/2020.html
37,37,DeAndre' Bembry,SG,25,ATL,32,720,10.7,.507,.261,.217,4.6,15.0,9.7,13.8,2.6,1.7,18.6,14.0,,-0.2,0.5,0.4,.023,,-3.0,1.0,-2.0,0.0,/players/b/bembrde01.html,/teams/ATL/2020.html
38,38,Dragan Bender,SF,22,MIL,3,29,19.6,.889,.500,.125,0.0,6.5,3.4,14.6,0.0,6.0,10.6,13.4,,0.1,0.0,0.2,.275,,3.5,0.0,3.5,0.0,/players/b/bendedr01.html,/teams/MIL/2020.html
39,39,Dāvis Bertāns,PF,27,WAS,28,839,16.4,.640,.766,.149,3.1,15.4,8.9,7.9,1.0,1.9,6.1,17.6,,2.0,0.0,2.0,.115,,4.0,-2.4,1.7,0.8,/players/b/bertada01.html,/teams/WAS/2020.html
40,40,Patrick Beverley,PG,31,LAC,29,839,11.8,.518,.587,.127,4.9,16.4,10.8,15.0,2.2,2.0,14.1,12.8,,0.7,1.4,2.0,.116,,0.4,3.4,3.7,1.2,/players/b/beverpa01.html,/teams/LAC/2020.html
42,41,Khem Birch,C,27,ORL,19,409,9.7,.481,.016,.531,9.0,16.4,12.6,6.8,1.3,3.1,14.1,9.7,,0.2,0.5,0.7,.079,,-3.6,2.6,-0.9,0.1,/players/b/birchkh01.html,/teams/ORL/2020.html
43,42,Goga Bitadze,C,20,IND,25,256,12.0,.525,.242,.318,7.7,18.4,13.1,7.8,0.2,7.7,14.7,15.0,,0.1,0.4,0.5,.100,,-3.6,3.4,-0.1,0.1,/players/b/bitadgo01.html,/teams/IND/2020.html
44,43,Bismack Biyombo,C,27,CHO,33,622,18.7,.592,.000,.572,12.8,20.4,16.4,7.8,0.5,3.9,8.5,17.2,,1.5,0.4,2.0,.151,,-0.7,-0.1,-0.8,0.2,/players/b/biyombi01.html,/teams/CHO/2020.html
45,44,Nemanja Bjelica,PF,31,SAC,33,875,17.0,.592,.463,.105,6.6,19.6,12.9,15.7,1.6,2.3,13.0,18.9,,1.5,0.9,2.4,.133,,1.9,1.0,2.8,1.1,/players/b/bjeline01.html,/teams/SAC/2020.html
46,45,Eric Bledsoe,PG,30,MIL,26,693,19.1,.570,.302,.260,3.2,14.5,9.1,30.2,1.5,1.5,14.9,24.0,,1.4,1.2,2.6,.182,,1.5,0.9,2.4,0.8,/players/b/bledser01.html,/teams/MIL/2020.html
47,46,Bogdan Bogdanović,SG,27,SAC,28,795,14.9,.549,.564,.169,1.3,11.1,6.0,20.7,2.0,0.7,13.2,23.8,,0.6,0.6,1.2,.070,,1.3,-1.7,-0.3,0.3,/players/b/bogdabo01.html,/teams/SAC/2020.html
48,47,Bojan Bogdanović,SF,30,UTA,31,1043,15.8,.598,.471,.297,2.0,11.8,7.2,10.6,1.0,0.3,13.9,26.2,,1.1,1.1,2.2,.100,,1.1,-1.5,-0.4,0.4,/players/b/bogdabo02.html,/teams/UTA/2020.html
49,48,Jonah Bolden,PF,24,PHI,2,5,7.7,.532,.000,2.000,0.0,0.0,0.0,0.0,9.6,0.0,34.7,24.7,,0.0,0.0,0.0,-0.206,,-9.8,4.1,-5.8,0.0,/players/b/boldejo01.html,/teams/PHI/2020.html
50,49,Jordan Bone,PG,22,DET,3,6,-16.4,.400,.200,.000,0.0,0.0,0.0,0.0,0.0,0.0,28.6,50.3,,-0.1,0.0,-0.1,-0.654,,-23.7,-11.0,-34.8,0.0,/players/b/bonejo01.html,/teams/DET/2020.html
51,50,Isaac Bonga,SF,20,WAS,26,410,9.2,.547,.243,.365,5.5,14.0,9.5,9.1,1.9,1.1,15.7,10.2,,0.3,0.1,0.4,.046,,-1.8,-0.3,-2.1,0.0,/players/b/bongais01.html,/teams/WAS/2020.html
52,51,Devin Booker,SG,23,PHO,29,1035,19.3,.617,.304,.328,2.0,10.3,6.0,29.6,0.9,0.7,16.3,28.1,,2.1,0.4,2.5,.118,,3.0,-2.2,0.8,0.7,/players/b/bookede01.html,/teams/PHO/2020.html
53,52,Chris Boucher,PF,27,TOR,30,387,21.1,.583,.350,.445,15.5,18.3,17.0,5.5,1.1,5.8,6.3,19.3,,1.2,0.7,1.9,.233,,1.6,1.4,2.9,0.5,/players/b/bouchch01.html,/teams/TOR/2020.html
54,53,Brian Bowen,SG,21,IND,3,10,1.1,.250,.250,.000,0.0,10.7,5.4,0.0,0.0,8.6,0.0,17.4,,0.0,0.0,0.0,-0.138,,-12.5,-0.1,-12.5,0.0,/players/b/bowenbr02.html,/teams/IND/2020.html
55,54,Ky Bowman,PG,22,GSW,30,684,11.1,.527,.347,.111,2.4,10.5,6.4,19.8,1.7,0.7,13.7,16.3,,0.3,0.3,0.6,.043,,-1.7,-1.6,-3.3,-0.2,/players/b/bowmaky01.html,/teams/GSW/2020.html
56,55,Avery Bradley,SG,29,LAL,19,454,6.5,.479,.347,.068,2.8,8.8,5.9,7.1,1.7,0.2,13.7,16.4,,-0.4,0.5,0.1,.014,,-3.5,-0.7,-4.2,-0.2,/players/b/bradlav01.html,/teams/LAL/2020.html
57,56,Tony Bradley,C,22,UTA,21,181,18.3,.642,.000,.286,15.5,22.7,19.3,4.5,0.5,3.7,13.7,17.6,,0.4,0.3,0.7,.193,,-0.9,0.3,-0.6,0.1,/players/b/bradlto01.html,/teams/UTA/2020.html
58,57,Jarrell Brantley,PF,23,UTA,2,9,10.2,,,,0.0,45.6,23.9,13.8,0.0,18.6,100.0,4.8,,0.0,0.0,0.0,.063,,-11.9,15.1,3.3,0.0,/players/b/brantja01.html,/teams/UTA/2020.html
59,58,Ignas Brazdeikis,SF,21,NYK,8,48,0.7,.322,.400,.200,4.2,6.8,5.4,6.1,0.0,2.0,8.4,21.0,,-0.2,0.0,-0.2,-0.159,,-8.1,-4.2,-12.4,-0.1,/players/b/brazdig01.html,/teams/NYK/2020.html
60,59,Mikal Bridges,SF,23,PHO,32,696,13.1,.600,.338,.344,4.4,15.2,9.6,8.0,2.9,1.4,12.8,12.8,,0.8,0.8,1.6,.109,,-0.8,1.8,1.1,0.5,/players/b/bridgmi01.html,/teams/PHO/2020.html
61,60,Miles Bridges,SF,21,CHO,35,1064,11.4,.530,.396,.146,4.0,15.1,9.3,9.0,0.9,2.2,12.3,18.6,,0.2,0.5,0.6,.029,,-2.1,-0.8,-2.9,-0.2,/players/b/bridgmi02.html,/teams/CHO/2020.html
63,61,Oshae Brissett,SF,21,TOR,8,54,4.8,.458,.250,.000,6.0,9.3,7.7,7.6,0.9,1.7,20.0,11.9,,0.0,0.1,0.0,.017,,-5.0,0.5,-4.4,0.0,/players/b/brissos01.html,/teams/TOR/2020.html
64,62,Ryan Broekhoff,SG,29,DAL,10,77,16.3,.669,.800,.240,1.4,17.1,9.4,7.3,1.3,1.1,6.7,16.4,,0.2,0.1,0.3,.179,,2.3,-1.6,0.7,0.1,/players/b/broekry01.html,/teams/DAL/2020.html
65,63,Malcolm Brogdon,PG,27,IND,26,816,20.2,.562,.294,.278,2.3,13.3,7.8,37.0,1.4,0.5,14.3,26.4,,1.7,1.0,2.7,.157,,3.1,-0.4,2.8,1.0,/players/b/brogdma01.html,/teams/IND/2020.html
66,64,Dillon Brooks,SG,24,MEM,34,942,11.5,.517,.386,.224,3.8,9.4,6.6,10.4,1.8,1.1,10.9,23.2,,0.1,0.4,0.5,.026,,-1.1,-2.0,-3.0,-0.2,/players/b/brookdi01.html,/teams/MEM/2020.html
67,65,Bruce Brown,SG,23,DET,32,852,11.5,.518,.235,.283,3.9,14.8,9.4,19.5,2.0,1.7,18.8,16.1,,0.2,0.7,0.9,.050,,-1.8,1.1,-0.7,0.3,/players/b/brownbr01.html,/teams/DET/2020.html
68,66,Charlie Brown,SG,22,ATL,4,16,21.5,.735,.333,1.333,13.3,6.9,10.2,0.0,0.0,5.3,0.0,12.3,,0.1,0.0,0.1,.252,,1.4,-4.3,-2.9,0.0,/players/b/brownch02.html,/teams/ATL/2020.html
69,67,Jaylen Brown,SF,23,BOS,27,906,19.6,.620,.364,.284,3.2,18.8,11.1,11.4,1.6,0.9,10.9,23.8,,2.0,1.4,3.4,.179,,2.7,0.1,2.8,1.1,/players/b/brownja02.html,/teams/BOS/2020.html
70,68,Moses Brown,C,20,POR,4,15,15.5,.457,.000,.571,13.9,46.9,30.7,0.0,3.1,0.0,10.2,27.4,,0.0,0.0,0.0,.065,,-10.6,-8.2,-18.8,-0.1,/players/b/brownmo01.html,/teams/POR/2020.html
71,69,Sterling Brown,SF,24,MIL,25,422,9.8,.504,.520,.213,3.7,19.0,11.7,8.0,1.8,0.6,14.7,15.9,,-0.1,0.8,0.7,.083,,-2.9,0.9,-2.0,0.0,/players/b/brownst02.html,/teams/MIL/2020.html
72,70,Troy Brown,SG,20,WAS,28,678,14.3,.522,.261,.209,5.3,20.0,12.3,12.8,2.6,0.5,10.7,17.1,,0.6,0.3,0.8,.060,,-0.8,-0.2,-1.0,0.2,/players/b/browntr01.html,/teams/WAS/2020.html
73,71,Jalen Brunson,PG,23,DAL,32,564,16.5,.563,.343,.192,3.0,12.0,7.6,30.2,1.2,0.2,14.4,20.4,,1.1,0.4,1.6,.136,,1.0,-1.6,-0.6,0.2,/players/b/brunsja01.html,/teams/DAL/2020.html
74,72,Thomas Bryant,C,22,WAS,18,511,19.4,.605,.190,.288,8.5,24.9,16.3,13.6,0.7,3.1,10.4,18.6,,1.2,0.1,1.4,.129,,1.2,-0.1,1.2,0.4,/players/b/bryanth01.html,/teams/WAS/2020.html
75,73,Trey Burke,PG,27,PHI,16,237,17.3,.556,.289,.156,5.8,6.9,6.4,25.0,1.4,0.4,7.7,18.9,,0.6,0.2,0.8,.171,,1.7,-1.9,-0.2,0.1,/players/b/burketr01.html,/teams/PHI/2020.html
76,74,Alec Burks,SG,28,GSW,31,901,16.6,.553,.355,.326,2.4,14.2,8.2,16.8,2.1,0.9,9.6,22.6,,1.2,0.6,1.8,.097,,0.7,-1.3,-0.6,0.3,/players/b/burksal01.html,/teams/GSW/2020.html
77,75,Deonte Burton,SG,26,OKC,17,153,4.8,.402,.480,.100,3.0,14.8,9.1,5.6,0.3,1.6,7.1,16.3,,-0.2,0.1,-0.1,-0.030,,-5.6,-1.9,-7.5,-0.2,/players/b/burtode02.html,/teams/OKC/2020.html
78,76,Jimmy Butler,SF,30,MIA,28,991,23.5,.568,.223,.677,7.1,13.7,10.5,29.3,2.8,1.7,12.3,25.3,,3.2,1.5,4.7,.227,,3.6,1.9,5.5,1.9,/players/b/butleji01.html,/teams/MIA/2020.html
79,77,Bruno Caboclo,SF,24,MEM,21,190,12.5,.447,.368,.044,9.5,15.3,12.4,7.2,2.5,5.4,9.2,16.8,,-0.1,0.2,0.2,.042,,-2.8,1.7,-1.1,0.0,/players/c/cabocbr01.html,/teams/MEM/2020.html
80,78,Kentavious Caldwell-Pope,SG,26,LAL,33,838,12.0,.597,.446,.196,2.7,6.7,4.8,9.6,1.5,0.8,10.6,14.8,,1.2,0.9,2.0,.115,,0.5,-0.6,-0.1,0.4,/players/c/caldwke01.html,/teams/LAL/2020.html
81,79,Vlatko Čančar,SF,22,DEN,3,5,24.4,.532,.000,2.000,21.6,0.0,10.9,23.6,0.0,0.0,0.0,16.2,,0.0,0.0,0.0,.315,,4.6,-2.7,2.0,0.0,/players/c/cancavl01.html,/teams/DEN/2020.html
82,80,Clint Capela,C,25,HOU,27,907,20.5,.632,.000,.264,12.3,31.8,22.1,5.3,1.2,5.0,13.5,15.4,,2.0,1.5,3.4,.182,,-1.2,2.4,1.2,0.7,/players/c/capelca01.html,/teams/HOU/2020.html
84,81,DeMarre Carroll,SF,33,SAS,13,131,5.2,.445,.464,.643,5.7,18.4,12.1,9.4,0.7,1.3,21.8,15.0,,-0.2,0.1,-0.1,-0.028,,-4.9,-0.9,-5.9,-0.1,/players/c/carrode01.html,/teams/SAS/2020.html
85,82,Jevon Carter,PG,24,PHO,22,314,9.8,.485,.568,.099,3.7,12.4,7.9,15.5,3.0,1.7,16.7,13.6,,0.0,0.3,0.3,.048,,-2.2,1.5,-0.7,0.1,/players/c/carteje01.html,/teams/PHO/2020.html
86,83,Vince Carter,SF,43,ATL,27,419,6.6,.454,.662,.099,1.3,12.5,6.7,9.3,0.9,2.0,9.2,17.2,,-0.4,0.1,-0.3,-0.031,,-3.6,-2.5,-6.1,-0.4,/players/c/cartevi01.html,/teams/ATL/2020.html
87,84,Wendell Carter,C,20,CHI,33,991,16.1,.599,.081,.434,11.6,23.2,17.2,5.8,1.2,2.8,13.8,16.0,,1.7,1.6,3.3,.159,,-1.5,1.9,0.4,0.6,/players/c/cartewe01.html,/teams/CHI/2020.html
88,85,Michael Carter-Williams,SG,28,ORL,19,310,13.4,.464,.323,.333,6.0,14.9,10.3,18.0,3.2,2.3,13.7,17.3,,0.0,0.5,0.5,.076,,-2.1,2.4,0.4,0.2,/players/c/cartemi01.html,/teams/ORL/2020.html
89,86,Alex Caruso,PG,25,LAL,31,619,10.1,.545,.447,.270,1.5,10.0,5.8,11.2,2.6,1.2,15.5,12.8,,0.3,0.9,1.2,.090,,-1.6,1.2,-0.4,0.3,/players/c/carusal01.html,/teams/LAL/2020.html
90,87,Willie Cauley-Stein,C,26,GSW,31,724,16.7,.580,.000,.205,6.8,22.3,14.3,9.5,2.5,5.5,12.1,14.5,,0.8,1.0,1.8,.119,,-2.2,3.6,1.3,0.6,/players/c/caulewi01.html,/teams/GSW/2020.html
91,88,Tyson Chandler,C,37,HOU,22,192,12.5,.717,.000,.722,11.9,20.9,16.4,4.0,1.4,3.6,22.8,6.6,,0.3,0.2,0.6,.142,,-1.9,1.6,-0.3,0.1,/players/c/chandty01.html,/teams/HOU/2020.html
92,89,Wilson Chandler,SF,32,BRK,6,120,6.4,.446,.486,.057,0.9,21.3,11.4,9.4,1.6,0.7,16.3,14.8,,-0.2,0.2,0.0,.002,,-6.0,0.8,-5.2,-0.1,/players/c/chandwi01.html,/teams/BRK/2020.html
93,90,Zylan Cheatham,SF,24,NOP,2,20,-3.5,.250,.250,.000,0.0,16.3,7.9,6.2,0.0,0.0,20.0,10.3,,-0.1,0.0,-0.1,-0.131,,-10.1,-1.8,-11.9,0.0,/players/c/cheatzy01.html,/teams/NOP/2020.html
94,91,Chris Chiozza,PG,24,WAS,10,123,9.3,.397,.471,.000,0.0,14.0,6.6,28.2,3.8,1.4,20.9,14.4,,-0.1,0.1,0.0,-0.011,,-4.0,-0.3,-4.3,-0.1,/players/c/chiozch01.html,/teams/WAS/2020.html
95,92,Marquese Chriss,PF,22,GSW,33,566,17.9,.573,.120,.480,10.5,22.9,16.5,15.7,1.6,4.8,18.5,19.5,,0.7,0.6,1.3,.108,,-1.7,2.1,0.4,0.3,/players/c/chrisma01.html,/teams/GSW/2020.html
96,93,Gary Clark,PF,25,HOU,17,208,11.7,.548,.862,.121,5.5,13.9,9.7,7.7,0.4,2.9,3.2,12.4,,0.4,0.1,0.5,.122,,0.1,-1.2,-1.1,0.0,/players/c/clarkga01.html,/teams/HOU/2020.html
97,94,Brandon Clarke,PF,23,MEM,28,602,23.4,.696,.145,.195,6.9,20.5,13.7,10.8,0.9,3.6,10.0,20.1,,1.9,0.4,2.3,.184,,2.8,0.0,2.7,0.7,/players/c/clarkbr01.html,/teams/MEM/2020.html
98,95,Jordan Clarkson,SG,27,TOT,31,711,19.0,.576,.481,.262,3.4,7.9,5.6,17.1,1.2,1.0,9.3,25.9,,1.5,0.1,1.7,.113,,3.3,-3.3,0.0,0.4,/players/c/clarkjo01.html,NO LINK
99,95,Jordan Clarkson,SG,27,CLE,29,666,19.3,.581,.488,.264,3.4,8.0,5.7,17.7,1.2,1.0,9.7,25.7,,1.5,0.1,1.6,.116,,3.6,-3.3,0.3,0.4,/players/c/clarkjo01.html,/teams/CLE/2020.html
100,95,Jordan Clarkson,G,27,UTA,2,45,14.2,.507,.400,.240,2.5,6.8,4.8,7.9,1.1,0.0,3.5,27.8,,0.0,0.0,0.1,.059,,-1.3,-4.5,-5.7,0.0,/players/c/clarkjo01.html,/teams/UTA/2020.html
101,96,Nicolas Claxton,PF,20,BRK,9,119,9.6,.514,.238,.571,7.1,11.6,9.4,12.6,0.4,3.4,18.6,11.2,,0.0,0.1,0.2,.065,,-3.7,1.4,-2.4,0.0,/players/c/claxtni01.html,/teams/BRK/2020.html
102,97,Chris Clemons,SG,22,HOU,21,198,14.8,.585,.798,.043,1.0,7.3,4.2,11.6,1.4,1.7,9.5,21.9,,0.3,0.1,0.4,.101,,1.2,-3.7,-2.5,0.0,/players/c/clemoch01.html,/teams/HOU/2020.html
103,98,John Collins,PF,22,ATL,8,255,22.2,.593,.298,.182,7.1,26.6,16.6,8.2,1.5,6.0,7.8,23.1,,0.5,0.3,0.8,.142,,0.4,0.7,1.1,0.2,/players/c/collijo01.html,/teams/ATL/2020.html
104,99,Zach Collins,PF,22,POR,3,86,9.2,.624,.368,.316,4.8,9.4,7.1,9.3,0.0,1.9,21.7,13.5,,0.1,0.0,0.1,.055,,-1.5,-1.6,-3.0,0.0,/players/c/colliza01.html,/teams/POR/2020.html
105,100,Mike Conley,PG,32,UTA,22,647,12.3,.491,.410,.280,2.8,9.0,6.1,24.1,1.2,0.5,12.9,23.6,,0.1,0.6,0.8,.059,,-0.7,-1.0,-1.7,0.0,/players/c/conlemi01.html,/teams/UTA/2020.html
107,101,Pat Connaughton,SG,27,MIL,32,558,12.1,.537,.515,.169,3.6,18.9,11.6,14.0,0.9,2.5,13.1,12.4,,0.6,1.0,1.6,.135,,-1.4,2.2,0.8,0.4,/players/c/connapa01.html,/teams/MIL/2020.html
108,102,Quinn Cook,PG,26,LAL,22,286,7.8,.480,.365,.048,1.6,7.9,4.8,14.8,1.0,0.3,15.2,18.6,,-0.2,0.3,0.0,.008,,-3.9,-2.3,-6.3,-0.3,/players/c/cookqu01.html,/teams/LAL/2020.html
109,103,Tyler Cook,PF,22,CLE,6,17,34.5,.872,.000,.333,19.1,13.1,16.1,0.0,2.8,0.0,12.7,19.7,,0.1,0.0,0.1,.309,,5.4,-6.0,-0.6,0.0,/players/c/cookty01.html,/teams/CLE/2020.html
110,104,Robert Covington,PF,29,MIN,30,845,13.2,.568,.611,.212,2.5,17.9,10.1,5.9,2.4,2.6,12.8,18.0,,0.4,1.0,1.4,.079,,-1.0,0.7,-0.2,0.4,/players/c/covinro01.html,/teams/MIN/2020.html
111,105,Allen Crabbe,SG,27,ATL,20,389,8.6,.503,.670,.110,2.2,11.7,6.8,7.2,1.6,0.7,8.0,13.3,,0.1,0.1,0.2,.019,,-2.1,-1.8,-3.9,-0.2,/players/c/crabbal01.html,/teams/ATL/2020.html
112,106,Torrey Craig,SF,29,DEN,22,267,8.6,.459,.469,.203,5.7,13.1,9.4,7.5,1.3,4.4,10.3,12.6,,0.0,0.4,0.4,.074,,-3.2,2.2,-1.0,0.1,/players/c/craigto01.html,/teams/DEN/2020.html
113,107,Jae Crowder,SF,29,MEM,32,986,10.0,.497,.680,.215,3.0,18.4,10.7,12.1,1.3,1.0,11.7,15.6,,0.1,0.5,0.7,.033,,-0.8,-0.3,-1.1,0.2,/players/c/crowdja01.html,/teams/MEM/2020.html
114,108,Jarrett Culver,SG,20,MIN,30,661,8.4,.415,.394,.228,4.9,9.9,7.4,12.8,1.9,2.3,11.4,19.7,,-0.9,0.5,-0.4,-0.031,,-4.1,-0.2,-4.3,-0.4,/players/c/culveja01.html,/teams/MIN/2020.html
115,109,Seth Curry,SG,29,DAL,30,653,13.1,.603,.584,.199,2.0,7.3,4.7,11.5,1.3,0.5,11.7,17.7,,1.0,0.4,1.5,.110,,1.2,-1.6,-0.5,0.2,/players/c/curryse01.html,/teams/DAL/2020.html
116,110,Stephen Curry,PG,31,GSW,4,112,21.1,.548,.561,.273,3.7,15.8,9.6,42.0,2.1,1.6,16.9,33.7,,0.1,0.1,0.2,.085,,4.8,-1.4,3.3,0.2,/players/c/curryst01.html,/teams/GSW/2020.html
117,111,Troy Daniels,SG,28,LAL,24,304,8.0,.514,.723,.069,1.5,8.5,5.1,3.5,1.1,0.3,5.5,15.4,,0.1,0.3,0.3,.055,,-1.5,-2.6,-4.1,-0.2,/players/d/danietr01.html,/teams/LAL/2020.html
118,112,Anthony Davis,PF,26,LAL,31,1089,28.5,.599,.194,.434,7.7,21.3,14.7,15.6,2.0,6.5,9.6,30.6,,3.7,2.2,5.9,.262,,3.5,3.4,6.9,2.5,/players/d/davisan02.html,/teams/LAL/2020.html
119,113,Ed Davis,C,30,UTA,19,219,6.9,.407,.000,.321,10.8,28.1,19.9,4.8,2.0,3.1,27.3,8.8,,-0.1,0.5,0.3,.071,,-5.5,4.2,-1.3,0.0,/players/d/davised01.html,/teams/UTA/2020.html
120,114,Terence Davis,SG,22,TOR,33,549,14.6,.610,.562,.142,4.1,14.8,9.6,16.7,1.5,1.0,13.5,16.1,,0.9,0.8,1.7,.151,,1.2,0.5,1.7,0.5,/players/d/daviste02.html,/teams/TOR/2020.html
121,115,Dewayne Dedmon,C,30,SAC,23,312,8.3,.497,.457,.124,9.2,23.4,16.1,3.8,1.4,3.6,22.4,20.0,,-0.5,0.4,-0.1,-0.020,,-5.6,-0.4,-6.0,-0.3,/players/d/dedmode01.html,/teams/SAC/2020.html
122,116,Matthew Dellavedova,PG,29,CLE,30,399,8.0,.422,.549,.242,3.3,8.6,5.9,26.8,1.5,0.2,19.2,13.3,,0.0,0.1,0.1,.007,,-2.7,-2.4,-5.0,-0.3,/players/d/dellama01.html,/teams/CLE/2020.html
123,117,DeMar DeRozan,SF,30,SAS,31,1043,19.6,.579,.039,.366,1.6,15.0,8.4,23.1,1.3,1.0,12.3,26.4,,1.9,0.6,2.5,.116,,0.7,-0.8,-0.2,0.5,/players/d/derozde01.html,/teams/SAS/2020.html
124,118,Cheick Diallo,C,23,PHO,21,202,20.3,.734,.015,.323,7.9,25.4,16.3,8.6,0.5,1.7,13.9,18.0,,0.6,0.2,0.8,.180,,-0.1,-1.0,-1.0,0.0,/players/d/diallch01.html,/teams/PHO/2020.html
125,119,Hamidou Diallo,SF,21,OKC,12,256,13.9,.525,.141,.196,6.2,13.5,10.0,6.2,3.4,1.3,12.3,19.7,,0.0,0.4,0.4,.072,,-2.6,1.0,-1.6,0.0,/players/d/diallha01.html,/teams/OKC/2020.html
126,120,Gorgui Dieng,C,30,MIN,27,438,17.7,.546,.421,.255,8.6,24.6,16.5,9.2,2.7,4.8,11.5,17.2,,0.5,0.7,1.2,.135,,-1.0,2.8,1.8,0.4,/players/d/dienggo01.html,/teams/MIN/2020.html
128,121,Spencer Dinwiddie,SG,26,BRK,31,951,19.5,.549,.368,.414,0.8,8.9,5.0,34.9,1.2,1.0,12.2,31.5,,1.8,0.8,2.7,.136,,2.9,-2.1,0.8,0.7,/players/d/dinwisp01.html,/teams/BRK/2020.html
129,122,Donte DiVincenzo,SG,23,MIL,31,691,14.2,.542,.469,.161,4.1,15.4,10.0,13.1,3.2,1.0,13.7,16.6,,0.5,1.5,2.1,.143,,-0.2,2.7,2.4,0.8,/players/d/divindo01.html,/teams/MIL/2020.html
130,123,Luka Dončić,PG,20,DAL,28,897,31.5,.614,.465,.471,4.5,25.6,15.3,49.5,1.9,0.3,15.6,36.9,,4.1,1.3,5.4,.288,,11.1,2.6,13.7,3.6,/players/d/doncilu01.html,/teams/DAL/2020.html
131,124,Luguentz Dort,SG,20,OKC,7,115,0.9,.391,.560,.400,1.0,8.5,4.8,3.5,0.8,0.0,9.3,12.5,,-0.2,0.1,-0.1,-0.040,,-5.4,-1.9,-7.2,-0.2,/players/d/dortlu01.html,/teams/OKC/2020.html
132,125,Damyean Dotson,SG,25,NYK,29,496,10.9,.517,.608,.139,0.8,10.0,5.2,12.0,1.3,0.8,6.9,16.2,,0.3,0.1,0.5,.045,,-0.8,-2.4,-3.1,-0.1,/players/d/dotsoda01.html,/teams/NYK/2020.html
133,126,Sekou Doumbouya,SF,19,DET,6,22,1.7,.365,.273,.273,0.0,20.4,10.3,0.0,2.2,0.0,7.5,26.1,,-0.1,0.0,-0.1,-0.169,,-12.4,-6.8,-19.2,-0.1,/players/d/doumbse01.html,/teams/DET/2020.html
134,127,Goran Dragić,PG,33,MIA,22,636,16.7,.581,.455,.323,1.5,10.4,6.2,28.3,1.1,0.9,15.3,24.5,,1.0,0.6,1.6,.120,,1.6,-2.0,-0.4,0.3,/players/d/dragigo01.html,/teams/MIA/2020.html
135,128,Andre Drummond,C,26,DET,31,1045,23.0,.571,.038,.361,14.9,38.5,26.8,13.5,2.7,4.4,18.1,24.6,,1.1,2.0,3.1,.142,,-0.6,4.3,3.7,1.5,/players/d/drumman01.html,/teams/DET/2020.html
136,129,Jared Dudley,SF,34,LAL,23,180,8.4,.589,.679,.071,1.9,10.2,6.2,9.5,2.1,0.5,9.4,7.5,,0.2,0.2,0.4,.118,,-0.9,0.4,-0.5,0.1,/players/d/dudleja01.html,/teams/LAL/2020.html
137,130,Kris Dunn,PG,25,CHI,33,779,12.2,.484,.307,.129,2.2,13.3,7.6,20.3,4.2,1.5,13.5,14.9,,0.1,1.6,1.7,.104,,-2.2,3.5,1.3,0.6,/players/d/dunnkr01.html,/teams/CHI/2020.html
138,131,Carsen Edwards,SG,21,BOS,24,246,6.8,.447,.616,.151,2.2,13.8,8.0,9.4,1.6,0.7,12.4,18.2,,-0.2,0.3,0.1,.018,,-3.4,-0.8,-4.3,-0.1,/players/e/edwarca01.html,/teams/BOS/2020.html
139,132,Henry Ellenson,PF,23,BRK,4,14,-5.0,.143,.571,.000,15.1,14.0,14.5,0.0,0.0,0.0,0.0,20.7,,-0.1,0.0,-0.1,-0.243,,-12.5,-8.1,-20.6,-0.1,/players/e/ellenhe01.html,/teams/BRK/2020.html
140,133,Wayne Ellington,SG,32,NYK,18,257,5.3,.460,.852,.074,0.4,11.8,5.9,9.0,0.9,0.7,12.5,15.8,,-0.2,0.1,-0.2,-0.031,,-3.0,-2.7,-5.7,-0.2,/players/e/ellinwa01.html,/teams/NYK/2020.html
141,134,Joel Embiid,C,25,PHI,29,897,26.3,.596,.238,.513,9.7,34.7,22.4,16.8,1.2,3.8,13.3,31.8,,2.4,1.8,4.2,.226,,2.1,2.2,4.3,1.4,/players/e/embiijo01.html,/teams/PHI/2020.html
142,135,James Ennis,SF,29,PHI,35,616,13.6,.585,.478,.283,7.6,14.3,11.0,7.7,1.2,1.6,9.8,15.6,,1.0,0.8,1.8,.142,,0.4,-0.1,0.3,0.4,/players/e/ennisja01.html,/teams/PHI/2020.html
143,136,Drew Eubanks,PF,22,SAS,5,34,19.7,.632,.000,.077,18.8,30.9,24.9,9.1,0.0,2.5,22.9,21.9,,0.0,0.0,0.1,.103,,-1.9,-1.5,-3.4,0.0,/players/e/eubandr01.html,/teams/SAS/2020.html
144,137,Jacob Evans,SG,22,GSW,13,177,3.0,.421,.258,.210,1.8,8.8,5.2,9.9,0.5,2.0,17.1,19.6,,-0.4,0.0,-0.4,-0.102,,-7.9,-2.8,-10.7,-0.4,/players/e/evansja02.html,/teams/GSW/2020.html
145,138,Dante Exum,SG,24,TOT,13,114,8.6,.561,.242,.242,3.0,11.0,7.1,10.4,1.7,1.5,26.3,18.8,,-0.1,0.1,0.0,-0.008,,-5.1,0.0,-5.1,-0.1,/players/e/exumda01.html,NO LINK
146,138,Dante Exum,SG,24,UTA,11,83,5.0,.503,.261,.087,4.1,11.1,7.8,12.3,0.6,2.0,29.5,17.8,,-0.2,0.1,-0.1,-0.045,,-6.5,0.2,-6.3,-0.1,/players/e/exumda01.html,/teams/UTA/2020.html
147,138,Dante Exum,G,24,CLE,2,31,18.3,.672,.200,.600,0.0,10.7,5.3,5.2,4.7,0.0,19.2,21.5,,0.0,0.0,0.1,.090,,-1.5,-0.5,-2.1,0.0,/players/e/exumda01.html,/teams/CLE/2020.html
148,139,Tacko Fall,C,24,BOS,3,11,35.3,.732,.000,.250,0.0,67.5,34.1,0.0,0.0,16.8,25.3,46.3,,0.0,0.0,0.0,.087,,-14.0,-2.3,-16.3,0.0,/players/f/fallta01.html,/teams/BOS/2020.html
149,140,Derrick Favors,C,28,NOP,18,415,18.4,.562,.024,.152,15.3,31.2,23.0,14.5,1.1,3.2,16.3,15.9,,0.7,0.5,1.2,.135,,-0.7,2.5,1.7,0.4,/players/f/favorde01.html,/teams/NOP/2020.html
151,141,Terrance Ferguson,SF,21,OKC,26,699,4.4,.524,.779,.074,2.8,5.4,4.1,5.0,1.0,0.7,13.7,9.3,,0.0,0.4,0.4,.031,,-1.3,-0.1,-1.5,0.1,/players/f/fergute01.html,/teams/OKC/2020.html
152,142,Bruno Fernando,C,21,ATL,32,380,11.0,.526,.228,.317,9.8,19.0,14.3,12.2,1.1,2.5,20.1,15.7,,0.0,0.2,0.2,.029,,-3.2,-0.2,-3.4,-0.1,/players/f/fernabr01.html,/teams/ATL/2020.html
153,143,Yogi Ferrell,PG,26,SAC,25,355,12.3,.531,.363,.283,1.2,10.3,5.6,18.7,1.4,0.8,13.0,18.0,,0.3,0.2,0.5,.067,,-1.9,-2.0,-3.9,-0.2,/players/f/ferreyo01.html,/teams/SAC/2020.html
154,144,Dorian Finney-Smith,PF,26,DAL,32,912,12.6,.618,.552,.226,6.7,12.2,9.5,6.7,1.1,1.4,11.4,12.3,,1.6,0.8,2.4,.125,,1.4,0.7,2.1,0.9,/players/f/finnedo01.html,/teams/DAL/2020.html
155,145,Bryn Forbes,SG,26,SAS,31,801,11.5,.552,.619,.150,1.1,8.8,4.9,9.7,0.8,0.0,7.4,18.8,,0.7,0.1,0.9,.053,,0.8,-3.4,-2.6,-0.1,/players/f/forbebr01.html,/teams/SAS/2020.html
156,146,Evan Fournier,SG,27,ORL,32,984,18.5,.610,.450,.259,0.4,9.2,4.6,18.6,1.6,0.5,10.7,25.1,,1.9,0.8,2.8,.135,,3.6,-2.2,1.4,0.8,/players/f/fournev01.html,/teams/ORL/2020.html
157,147,De'Aaron Fox,PG,22,SAC,15,443,19.3,.558,.244,.457,3.5,11.7,7.5,38.3,1.8,1.1,18.0,28.6,,0.6,0.3,1.0,.104,,1.8,-1.1,0.7,0.3,/players/f/foxde01.html,/teams/SAC/2020.html
158,148,Melvin Frazier,SG,23,ORL,7,19,9.0,.414,.400,.200,5.4,5.8,5.6,8.3,2.6,0.0,0.0,24.8,,0.0,0.0,0.0,.011,,-2.5,-3.6,-6.2,0.0,/players/f/frazime01.html,/teams/ORL/2020.html
159,149,Tim Frazier,PG,29,DET,19,248,13.3,.508,.348,.319,2.3,6.3,4.3,38.3,2.0,0.7,18.6,16.8,,0.4,0.1,0.5,.096,,-1.1,-3.7,-4.8,-0.2,/players/f/fraziti01.html,/teams/DET/2020.html
160,150,Markelle Fultz,PG,21,ORL,31,812,13.8,.520,.167,.222,1.5,10.2,5.7,26.5,2.0,0.8,14.9,21.4,,0.2,0.8,1.0,.060,,-1.6,-0.6,-2.3,-0.1,/players/f/fultzma01.html,/teams/ORL/2020.html
161,151,Wenyen Gabriel,PF,22,SAC,8,49,8.1,.401,.500,.563,9.1,9.6,9.3,8.6,2.0,3.8,13.1,20.5,,-0.1,0.0,0.0,-0.027,,-4.3,-0.3,-4.6,0.0,/players/g/gabriwe01.html,/teams/SAC/2020.html
162,152,Daniel Gafford,C,21,CHI,23,256,17.4,.697,.000,.417,8.0,9.4,8.7,3.7,0.2,10.3,9.0,12.9,,0.6,0.4,1.0,.185,,-1.7,4.0,2.3,0.3,/players/g/gaffoda01.html,/teams/CHI/2020.html
163,153,Danilo Gallinari,PF,31,OKC,27,823,18.8,.606,.548,.357,1.9,18.3,10.3,11.4,1.1,0.4,8.9,23.7,,1.9,0.8,2.7,.156,,2.7,-1.6,1.0,0.6,/players/g/gallida01.html,/teams/OKC/2020.html
164,154,Langston Galloway,SG,28,DET,33,872,13.2,.610,.644,.212,1.8,7.5,4.7,7.6,1.2,0.8,7.0,16.2,,1.6,0.2,1.8,.097,,1.9,-2.2,-0.2,0.4,/players/g/gallola01.html,/teams/DET/2020.html
165,155,Darius Garland,PG,20,CLE,32,902,7.9,.500,.436,.098,1.7,6.3,3.9,15.7,1.2,0.0,18.7,20.9,,-1.0,0.0,-1.0,-0.051,,-2.7,-2.9,-5.6,-0.8,/players/g/garlada01.html,/teams/CLE/2020.html
166,156,Marc Gasol,C,35,TOR,27,762,10.2,.480,.509,.162,3.2,20.5,12.2,16.4,1.4,3.7,15.1,12.2,,0.2,1.4,1.6,.100,,-2.1,4.0,2.0,0.8,/players/g/gasolma01.html,/teams/TOR/2020.html
167,157,Rudy Gay,PF,33,SAS,31,706,16.0,.562,.376,.237,5.0,22.6,13.8,11.7,1.1,2.5,13.9,21.3,,0.5,0.6,1.2,.078,,-0.7,-0.1,-0.9,0.2,/players/g/gayru01.html,/teams/SAS/2020.html
168,158,Paul George,SF,29,LAC,23,717,20.7,.588,.516,.278,1.6,17.8,9.9,18.7,2.1,1.5,14.2,30.9,,1.1,1.2,2.2,.149,,3.1,0.5,3.6,1.0,/players/g/georgpa01.html,/teams/LAC/2020.html
169,159,Taj Gibson,C,34,NYK,30,481,12.2,.491,.079,.135,11.0,17.5,14.2,10.6,1.8,2.4,15.2,13.9,,0.2,0.4,0.6,.058,,-2.4,1.3,-1.1,0.1,/players/g/gibsota01.html,/teams/NYK/2020.html
170,160,Harry Giles,PF,21,SAC,8,69,14.3,.505,.000,.188,4.8,11.9,8.3,19.5,2.2,5.5,12.6,25.2,,0.0,0.1,0.1,.065,,-3.6,1.4,-2.3,0.0,/players/g/gilesha01.html,/teams/SAC/2020.html
172,161,Shai Gilgeous-Alexander,SG,21,OKC,32,1131,16.5,.551,.234,.319,2.1,13.3,7.8,13.2,1.6,0.9,10.4,25.2,,1.0,1.2,2.1,.091,,-0.6,-0.6,-1.2,0.2,/players/g/gilgesh01.html,/teams/OKC/2020.html
173,162,Rudy Gobert,C,27,UTA,30,1037,21.3,.689,.000,.676,11.6,31.2,21.8,6.6,1.0,4.5,16.0,16.2,,2.7,2.1,4.8,.222,,0.6,3.8,4.3,1.7,/players/g/goberru01.html,/teams/UTA/2020.html
174,163,Brandon Goodwin,PG,24,ATL,4,32,-2.4,.208,.500,.000,3.3,10.4,6.8,12.4,1.5,2.7,14.3,18.2,,-0.2,0.0,-0.1,-0.224,,-10.3,-1.6,-11.9,-0.1,/players/g/goodwbr01.html,/teams/ATL/2020.html
175,164,Aaron Gordon,PF,24,ORL,29,903,13.4,.486,.319,.257,5.8,19.0,12.2,14.5,1.0,1.9,10.0,21.0,,0.1,1.0,1.1,.059,,-1.5,0.6,-0.9,0.2,/players/g/gordoaa01.html,/teams/ORL/2020.html
176,165,Eric Gordon,SG,31,HOU,10,287,5.1,.448,.664,.180,1.4,5.0,3.2,4.9,1.0,0.6,10.2,20.9,,-0.4,0.1,-0.3,-0.049,,-4.0,-3.8,-7.8,-0.4,/players/g/gordoer01.html,/teams/HOU/2020.html
177,166,Devonte' Graham,PG,24,CHO,35,1215,17.1,.537,.596,.252,2.9,9.6,6.1,36.4,1.2,0.7,14.3,25.9,,1.8,0.3,2.1,.084,,3.6,-3.0,0.6,0.8,/players/g/grahade01.html,/teams/CHO/2020.html
178,167,Treveon Graham,SG,26,MIN,29,612,6.3,.440,.479,.215,4.7,11.2,7.9,5.9,1.2,0.3,8.2,13.1,,-0.2,0.3,0.1,.008,,-3.5,-1.2,-4.7,-0.4,/players/g/grahatr01.html,/teams/MIN/2020.html
179,168,Jerami Grant,PF,25,DEN,32,753,12.6,.574,.430,.309,2.1,12.8,7.4,5.4,1.0,2.5,8.7,17.8,,0.7,1.0,1.7,.108,,-1.1,-0.1,-1.2,0.1,/players/g/grantje01.html,/teams/DEN/2020.html
180,169,Josh Gray,PG,26,NOP,2,23,-5.0,.500,.000,.000,4.5,4.7,4.6,10.8,0.0,0.0,71.4,12.6,,-0.1,0.0,-0.1,-0.236,,-11.6,-1.9,-13.5,-0.1,/players/g/grayjo01.html,/teams/NOP/2020.html
181,170,Danny Green,SG,32,LAL,33,837,10.9,.567,.733,.103,3.1,12.7,8.0,6.2,2.2,1.7,11.3,13.9,,0.6,1.2,1.8,.103,,0.3,1.0,1.3,0.7,/players/g/greenda02.html,/teams/LAL/2020.html
182,171,Draymond Green,PF,29,GSW,24,704,13.4,.505,.340,.305,2.2,21.4,11.5,28.1,2.6,2.1,20.4,17.2,,0.0,0.8,0.7,.051,,-2.2,1.7,-0.5,0.3,/players/g/greendr01.html,/teams/GSW/2020.html
183,172,JaMychal Green,PF,29,LAC,25,514,11.4,.550,.687,.153,6.6,24.6,15.8,3.9,1.4,1.4,11.6,14.4,,0.4,0.8,1.2,.116,,-1.0,0.5,-0.5,0.2,/players/g/greenja01.html,/teams/LAC/2020.html
184,173,Javonte Green,SF,26,BOS,24,183,11.5,.601,.255,.137,3.5,13.9,8.8,5.6,1.1,2.0,12.9,14.5,,0.1,0.2,0.4,.102,,-2.2,0.0,-2.2,0.0,/players/g/greenja02.html,/teams/BOS/2020.html
185,174,Jeff Green,PF,33,UTA,30,553,10.3,.523,.533,.323,2.8,12.4,7.9,5.4,1.0,1.5,10.8,19.7,,0.0,0.6,0.6,.056,,-2.2,-0.9,-3.1,-0.2,/players/g/greenje02.html,/teams/UTA/2020.html
186,175,Blake Griffin,PF,30,DET,18,512,12.1,.476,.444,.392,3.8,14.7,9.3,17.5,0.7,1.1,12.0,28.1,,-0.2,0.2,-0.1,-0.006,,-2.0,-2.6,-4.5,-0.3,/players/g/griffbl01.html,/teams/DET/2020.html
187,176,Marko Guduric,SG,24,MEM,26,382,7.6,.476,.508,.135,3.3,11.5,7.4,12.5,1.1,1.4,17.3,17.6,,-0.4,0.1,-0.2,-0.029,,-3.6,-1.7,-5.3,-0.3,/players/g/gudurma01.html,/teams/MEM/2020.html
188,177,Rui Hachimura,PF,21,WAS,25,729,14.2,.533,.158,.178,5.5,16.7,10.8,8.0,1.1,0.4,5.8,19.6,,0.9,0.0,0.8,.055,,-1.0,-2.6,-3.7,-0.3,/players/h/hachiru01.html,/teams/WAS/2020.html
189,178,Devon Hall,SG,24,OKC,5,20,3.8,.370,.400,.800,0.0,5.4,2.8,19.7,0.0,0.0,12.9,17.2,,0.0,0.0,0.0,-0.060,,-6.8,-4.8,-11.6,0.0,/players/h/hallde01.html,/teams/OKC/2020.html
190,179,Tim Hardaway,SG,27,DAL,32,816,14.1,.560,.595,.170,1.3,8.9,5.2,9.9,1.1,0.3,6.9,22.0,,1.1,0.6,1.7,.099,,1.3,-2.6,-1.3,0.1,/players/h/hardati02.html,/teams/DAL/2020.html
191,180,James Harden,SG,30,HOU,32,1205,32.0,.639,.556,.501,2.8,13.3,8.1,35.7,2.3,1.8,13.5,37.7,,6.3,1.3,7.6,.301,,11.4,-0.5,10.8,3.9,/players/h/hardeja01.html,/teams/HOU/2020.html
193,181,Maurice Harkless,SF,26,LAC,34,788,9.6,.562,.347,.220,4.1,11.7,8.0,6.3,2.3,2.6,15.9,10.2,,0.4,1.2,1.6,.097,,-1.3,3.5,2.2,0.8,/players/h/harklma01.html,/teams/LAC/2020.html
194,182,Jared Harper,PG,22,PHO,1,2,-19.5,.000,1.000,.000,0.0,0.0,0.0,0.0,0.0,0.0,0.0,21.0,,0.0,0.0,0.0,-0.526,,-16.2,-7.3,-23.5,0.0,/players/h/harpeja01.html,/teams/PHO/2020.html
195,183,Montrezl Harrell,C,26,LAC,33,964,23.0,.600,.027,.378,10.6,15.6,13.2,10.9,1.2,3.4,10.8,24.8,,2.5,1.4,3.9,.192,,1.6,1.6,3.1,1.3,/players/h/harremo01.html,/teams/LAC/2020.html
196,184,Gary Harris,SG,25,DEN,31,1019,10.9,.538,.433,.164,1.7,7.5,4.6,9.3,2.1,0.8,8.9,15.2,,0.7,1.3,2.0,.094,,-0.5,0.7,0.1,0.5,/players/h/harriga01.html,/teams/DEN/2020.html
197,185,Joe Harris,SF,28,BRK,31,980,13.2,.598,.540,.103,2.8,9.8,6.4,10.1,1.0,0.9,10.3,17.7,,1.3,0.8,2.1,.104,,0.8,-0.7,0.2,0.5,/players/h/harrijo01.html,/teams/BRK/2020.html
198,186,Tobias Harris,PF,27,PHI,35,1203,17.5,.566,.291,.210,2.7,18.9,10.9,14.1,1.2,1.7,9.1,23.9,,1.8,1.7,3.4,.137,,0.5,0.4,0.9,0.9,/players/h/harrito02.html,/teams/PHI/2020.html
199,187,Shaquille Harrison,SF,26,CHI,19,153,14.8,.461,.192,.385,4.0,18.6,11.1,22.6,3.1,3.1,9.0,18.5,,0.1,0.3,0.4,.120,,-3.0,3.0,0.0,0.1,/players/h/harrish01.html,/teams/CHI/2020.html
200,188,Josh Hart,SF,24,NOP,27,747,11.7,.557,.700,.193,3.2,19.6,11.1,8.0,1.7,0.8,11.4,16.5,,0.5,0.6,1.1,.069,,-0.2,-0.6,-0.8,0.2,/players/h/hartjo01.html,/teams/NOP/2020.html
201,189,Isaiah Hartenstein,C,21,HOU,11,162,16.7,.727,.029,.441,9.6,21.0,15.3,8.7,1.1,3.2,19.8,12.8,,0.4,0.2,0.6,.174,,-0.8,1.1,0.3,0.1,/players/h/harteis01.html,/teams/HOU/2020.html
202,190,Udonis Haslem,PF,39,MIA,2,11,16.1,.906,.000,4.000,0.0,29.1,15.3,0.0,0.0,0.0,0.0,10.9,,0.1,0.0,0.1,.296,,-1.7,-5.5,-7.2,0.0,/players/h/hasleud01.html,/teams/MIA/2020.html
203,191,Jaxson Hayes,C,19,NOP,31,626,17.2,.656,.026,.629,9.3,14.8,12.0,5.9,1.5,4.9,11.9,14.4,,1.5,0.6,2.1,.159,,-0.2,1.8,1.6,0.6,/players/h/hayesja02.html,/teams/NOP/2020.html
204,192,Gordon Hayward,SF,29,BOS,14,427,20.0,.603,.297,.171,2.5,18.1,10.4,23.0,1.2,1.5,10.9,21.2,,1.1,0.6,1.7,.188,,2.5,0.8,3.3,0.6,/players/h/haywago01.html,/teams/BOS/2020.html
205,193,John Henson,PF,29,CLE,14,178,17.8,.534,.267,.378,7.9,21.8,14.8,15.8,2.4,9.6,17.3,15.2,,0.1,0.3,0.4,.105,,-1.7,6.2,4.4,0.3,/players/h/hensojo01.html,/teams/CLE/2020.html
206,194,Dewan Hernandez,C,23,TOR,4,11,4.4,.340,.200,.400,19.5,45.5,32.9,0.0,4.3,0.0,14.5,26.7,,0.0,0.0,0.0,.011,,-13.3,-6.0,-19.3,0.0,/players/h/hernade01.html,/teams/TOR/2020.html
207,195,Juan Hernangómez,PF,24,DEN,20,256,6.8,.457,.643,.214,5.1,15.8,10.4,7.3,0.2,1.1,11.5,14.6,,-0.1,0.3,0.2,.031,,-3.4,-1.1,-4.5,-0.2,/players/h/hernaju01.html,/teams/DEN/2020.html
208,196,Willy Hernangómez,C,25,CHO,11,69,14.1,.480,.269,.462,15.0,23.2,18.9,7.0,0.7,3.9,16.1,23.4,,0.0,0.1,0.0,.006,,-4.8,-1.8,-6.5,-0.1,/players/h/hernawi01.html,/teams/CHO/2020.html
209,197,Tyler Herro,SG,20,MIA,31,894,11.9,.542,.449,.164,1.2,14.8,8.4,11.6,1.1,0.3,12.7,22.2,,0.1,0.9,1.0,.052,,-1.7,-1.5,-3.2,-0.3,/players/h/herroty01.html,/teams/MIA/2020.html
210,198,Kevin Hervey,F,23,OKC,2,8,-15.2,.000,.750,.000,0.0,27.0,13.9,15.4,0.0,0.0,0.0,22.2,,-0.1,0.0,-0.1,-0.454,,-15.9,-3.1,-19.0,0.0,/players/h/herveke01.html,/teams/OKC/2020.html
211,199,Mario Hezonja,PF,24,POR,25,414,7.2,.461,.320,.290,4.0,22.3,13.3,6.9,1.5,0.4,15.1,13.5,,-0.2,0.4,0.2,.022,,-4.1,-0.2,-4.3,-0.2,/players/h/hezonma01.html,/teams/POR/2020.html
212,200,Buddy Hield,SG,27,SAC,33,1128,14.7,.535,.561,.116,2.9,14.2,8.4,14.8,1.2,0.9,11.7,27.5,,0.4,0.7,1.1,.045,,1.1,-2.1,-1.0,0.3,/players/h/hieldbu01.html,/teams/SAC/2020.html
214,201,George Hill,PG,33,MIL,32,688,20.1,.709,.463,.236,4.7,10.0,7.5,18.7,1.7,0.4,11.2,16.1,,2.6,1.1,3.6,.253,,4.6,0.1,4.6,1.2,/players/h/hillge01.html,/teams/MIL/2020.html
215,202,Solomon Hill,SF,28,MEM,32,631,10.7,.543,.596,.140,3.4,14.5,8.9,12.2,2.0,0.7,13.8,13.9,,0.3,0.4,0.7,.053,,-0.7,-0.4,-1.1,0.2,/players/h/hillso01.html,/teams/MEM/2020.html
216,203,Jaylen Hoard,SF,20,POR,5,18,23.0,.509,.000,.333,17.3,22.3,19.9,16.1,2.6,0.0,0.0,16.1,,0.1,0.0,0.1,.221,,2.5,0.4,2.9,0.0,/players/h/hoardja01.html,/teams/POR/2020.html
217,204,Aaron Holiday,PG,23,IND,31,718,14.3,.556,.436,.143,1.7,10.0,5.9,19.3,1.8,0.4,12.6,21.1,,0.6,0.8,1.5,.100,,0.6,-0.7,-0.1,0.3,/players/h/holidaa01.html,/teams/IND/2020.html
218,205,Jrue Holiday,SG,29,NOP,32,1142,17.1,.516,.319,.156,4.0,10.7,7.2,29.0,2.3,1.8,13.8,25.9,,0.8,0.8,1.6,.067,,1.0,-0.1,1.0,0.9,/players/h/holidjr01.html,/teams/NOP/2020.html
219,206,Justin Holiday,SG,30,IND,33,829,10.8,.526,.626,.114,2.1,13.4,7.8,7.6,2.0,1.9,7.3,13.0,,0.5,1.2,1.7,.097,,-0.6,1.9,1.3,0.7,/players/h/holidju01.html,/teams/IND/2020.html
220,207,Rondae Hollis-Jefferson,SF,25,TOR,25,490,16.7,.558,.066,.447,12.2,15.1,13.7,11.6,1.8,1.9,12.9,18.2,,0.9,0.8,1.7,.163,,-0.3,1.8,1.5,0.4,/players/h/holliro01.html,/teams/TOR/2020.html
221,208,Richaun Holmes,C,26,SAC,33,968,21.4,.694,.000,.288,11.6,21.9,16.6,5.9,1.8,4.2,11.3,15.6,,3.1,1.2,4.3,.214,,1.8,2.3,4.0,1.5,/players/h/holmeri01.html,/teams/SAC/2020.html
222,209,Rodney Hood,SF,27,POR,21,619,12.4,.625,.413,.157,1.7,10.1,5.9,7.2,1.3,0.5,9.4,13.8,,1.0,0.3,1.3,.097,,0.9,-1.1,-0.1,0.3,/players/h/hoodro01.html,/teams/POR/2020.html
223,210,Al Horford,C,33,PHI,31,946,16.6,.534,.357,.111,6.0,17.9,12.1,18.3,1.6,2.7,8.5,18.2,,1.5,1.5,3.0,.150,,1.1,2.2,3.3,1.3,/players/h/horfoal01.html,/teams/PHI/2020.html
224,211,Talen Horton-Tucker,SG,19,LAL,2,5,15.2,.000,1.000,.000,0.0,0.0,0.0,45.4,9.6,0.0,0.0,8.5,,0.0,0.0,0.0,.110,,-5.5,-3.9,-9.4,0.0,/players/h/hortota01.html,/teams/LAL/2020.html
225,212,Danuel House,SF,26,HOU,27,832,12.4,.587,.642,.189,4.1,9.7,6.9,5.8,1.6,1.6,9.0,14.3,,1.2,0.6,1.8,.105,,0.6,-0.4,0.2,0.5,/players/h/houseda01.html,/teams/HOU/2020.html
226,213,Dwight Howard,C,34,LAL,33,647,17.6,.718,.024,.667,12.8,25.7,19.4,4.9,1.0,6.3,19.7,13.3,,1.3,1.2,2.6,.190,,-0.4,3.2,2.8,0.8,/players/h/howardw01.html,/teams/LAL/2020.html
227,214,Kevin Huerter,SG,21,ATL,22,557,11.0,.517,.578,.160,2.1,12.0,6.9,19.2,1.7,1.4,15.2,17.6,,0.1,0.2,0.3,.024,,-1.2,-1.5,-2.7,-0.1,/players/h/huertke01.html,/teams/ATL/2020.html
228,215,De'Andre Hunter,SF,22,ATL,32,1015,8.3,.504,.431,.209,1.6,11.8,6.6,8.7,1.0,0.8,11.8,18.4,,-0.4,0.1,-0.3,-0.014,,-2.8,-2.2,-5.1,-0.8,/players/h/huntede01.html,/teams/ATL/2020.html
229,216,Chandler Hutchison,SF,23,CHI,9,154,11.0,.564,.273,.659,0.7,22.7,11.4,7.8,1.5,1.2,17.5,18.9,,0.0,0.2,0.2,.064,,-5.4,0.2,-5.2,-0.1,/players/h/hutchch01.html,/teams/CHI/2020.html
230,217,Serge Ibaka,C,30,TOR,23,569,17.0,.552,.218,.234,9.2,23.4,16.5,8.5,0.9,3.4,13.5,25.0,,0.3,1.0,1.3,.112,,-2.1,0.8,-1.3,0.1,/players/i/ibakase01.html,/teams/TOR/2020.html
231,218,Ersan İlyasova,PF,32,MIL,31,526,19.2,.636,.436,.265,7.9,22.4,15.5,7.8,1.2,1.8,8.2,17.3,,1.5,1.0,2.5,.228,,1.6,0.6,2.3,0.6,/players/i/ilyaser01.html,/teams/MIL/2020.html
232,219,Joe Ingles,SF,32,UTA,32,957,12.2,.596,.641,.164,1.6,13.7,8.0,20.9,1.5,0.3,19.1,15.5,,1.0,1.2,2.1,.107,,0.9,0.7,1.6,0.9,/players/i/inglejo01.html,/teams/UTA/2020.html
233,220,Brandon Ingram,PF,22,NOP,30,1022,22.0,.606,.312,.319,2.5,19.7,10.8,19.3,1.3,2.0,12.1,28.8,,2.4,0.8,3.1,.147,,3.0,-0.5,2.4,1.1,/players/i/ingrabr01.html,/teams/NOP/2020.html
235,221,Kyrie Irving,PG,27,BRK,11,372,25.8,.561,.361,.250,2.8,12.9,8.1,40.4,1.5,1.3,8.5,34.0,,1.2,0.4,1.6,.211,,7.2,-0.3,6.9,0.8,/players/i/irvinky01.html,/teams/BRK/2020.html
236,222,Jonathan Isaac,SF,22,ORL,30,914,17.1,.548,.290,.221,5.6,19.5,12.3,7.2,2.5,7.5,12.2,18.2,,0.5,1.8,2.3,.120,,-1.7,5.0,3.3,1.2,/players/i/isaacjo01.html,/teams/ORL/2020.html
237,223,Wesley Iwundu,SF,25,ORL,18,251,5.8,.378,.267,.333,3.3,12.7,7.8,9.3,1.8,1.4,11.6,13.4,,-0.3,0.3,0.0,-0.006,,-5.9,0.7,-5.1,-0.2,/players/i/iwundwe01.html,/teams/ORL/2020.html
238,224,Frank Jackson,PG,21,NOP,27,355,7.1,.478,.463,.215,1.4,8.6,4.9,9.3,1.2,0.2,12.4,21.7,,-0.3,0.1,-0.3,-0.034,,-4.2,-3.6,-7.8,-0.5,/players/j/jacksfr01.html,/teams/NOP/2020.html
239,225,Jaren Jackson,C,20,MEM,33,918,16.9,.592,.475,.229,3.8,14.4,9.1,8.4,1.1,4.1,10.6,24.9,,1.1,0.6,1.7,.090,,1.4,-1.1,0.2,0.5,/players/j/jacksja02.html,/teams/MEM/2020.html
240,226,Justin Jackson,PF,24,DAL,28,414,11.1,.528,.503,.141,3.1,13.9,8.6,5.5,0.6,0.4,3.1,16.8,,0.5,0.3,0.8,.088,,-1.1,-2.3,-3.4,-0.1,/players/j/jacksju01.html,/teams/DAL/2020.html
241,227,Reggie Jackson,PG,29,DET,2,36,10.9,.437,.455,.091,3.2,12.5,7.9,30.8,0.0,0.0,8.0,14.9,,0.0,0.0,0.0,.061,,-1.5,-3.9,-5.3,0.0,/players/j/jacksre01.html,/teams/DET/2020.html
242,228,Justin James,SG,23,SAC,15,176,9.3,.453,.350,.150,1.9,14.7,8.1,9.3,1.4,4.3,9.9,17.7,,-0.2,0.2,0.0,.001,,-4.9,0.5,-4.4,-0.1,/players/j/jamesju01.html,/teams/SAC/2020.html
243,229,LeBron James,PG,35,LAL,32,1119,26.2,.568,.316,.274,3.3,20.0,11.9,51.2,1.8,1.5,14.6,31.5,,3.4,1.7,5.2,.221,,6.9,2.1,9.0,3.1,/players/j/jamesle01.html,/teams/LAL/2020.html
244,230,Amile Jefferson,PF,26,ORL,8,21,11.6,.615,.000,.500,14.7,20.9,17.7,14.7,0.0,0.0,29.1,14.2,,0.0,0.0,0.0,.057,,-2.8,-0.8,-3.7,0.0,/players/j/jeffeam01.html,/teams/ORL/2020.html
245,231,DaQuan Jeffries,SG,22,SAC,2,11,12.8,1.000,.000,.000,10.1,0.0,5.2,12.6,0.0,0.0,0.0,4.0,,0.0,0.0,0.0,.170,,2.4,-3.1,-0.7,0.0,/players/j/jeffrda01.html,/teams/SAC/2020.html
246,232,Ty Jerome,PG,22,PHO,10,134,9.1,.410,.408,.102,2.4,11.9,7.0,22.3,3.8,0.0,15.0,18.9,,-0.2,0.2,0.0,-0.006,,-3.9,0.1,-3.7,-0.1,/players/j/jeromty01.html,/teams/PHO/2020.html
247,233,Alize Johnson,SF,23,IND,10,43,16.2,.576,.000,.308,15.3,22.4,18.9,6.6,0.0,0.0,6.3,15.9,,0.1,0.0,0.2,.182,,-0.8,-2.0,-2.8,0.0,/players/j/johnsal02.html,/teams/IND/2020.html
248,234,B.J. Johnson,SF,24,ORL,1,3,0.0,,,,0.0,0.0,0.0,0.0,0.0,0.0,,0.0,,0.0,0.0,0.0,.004,,-6.8,0.3,-6.5,0.0,/players/j/johnsbj01.html,/teams/ORL/2020.html
249,235,Cameron Johnson,PF,23,PHO,29,613,12.8,.587,.699,.141,4.8,12.3,8.4,6.9,1.2,1.1,8.0,16.3,,0.8,0.4,1.1,.089,,1.0,-1.4,-0.4,0.2,/players/j/johnsca02.html,/teams/PHO/2020.html
250,236,James Johnson,PF,32,MIA,6,68,9.4,.506,.500,.222,3.5,14.1,9.1,8.5,2.1,2.9,16.8,15.2,,0.0,0.1,0.1,.044,,-3.6,1.1,-2.5,0.0,/players/j/johnsja01.html,/teams/MIA/2020.html
251,237,Keldon Johnson,SF,20,SAS,1,2,-19.8,.000,.000,.000,0.0,0.0,0.0,0.0,0.0,0.0,0.0,21.3,,0.0,0.0,0.0,-0.540,,-21.4,-6.5,-27.9,0.0,/players/j/johnske04.html,/teams/SAS/2020.html
252,238,Stanley Johnson,PF,23,TOR,7,25,6.0,.500,.308,.000,8.6,28.0,18.6,0.0,3.8,0.0,27.8,30.8,,-0.1,0.1,-0.1,-0.121,,-12.2,-4.7,-16.9,-0.1,/players/j/johnsst04.html,/teams/TOR/2020.html
253,239,Tyler Johnson,SG,27,PHO,22,403,8.5,.495,.496,.211,2.1,9.9,5.9,14.5,0.9,1.5,13.0,16.1,,0.0,0.2,0.2,.020,,-2.8,-1.3,-4.1,-0.2,/players/j/johnsty01.html,/teams/PHO/2020.html
254,240,Nikola Jokić,C,24,DEN,32,997,23.7,.575,.282,.218,7.9,27.0,17.4,35.3,1.6,1.6,13.9,25.3,,2.7,1.8,4.5,.218,,4.8,3.2,8.0,2.5,/players/j/jokicni01.html,/teams/DEN/2020.html
256,241,Damian Jones,C,24,ATL,30,533,16.6,.710,.050,.438,9.4,14.0,11.6,5.9,1.1,4.3,11.1,12.6,,1.4,0.3,1.7,.155,,0.3,0.4,0.7,0.4,/players/j/jonesda03.html,/teams/ATL/2020.html
257,242,Derrick Jones,SF,22,MIA,18,408,13.4,.601,.359,.408,4.4,13.6,9.2,6.8,2.3,2.2,11.0,14.5,,0.6,0.6,1.1,.135,,-0.4,1.3,0.9,0.3,/players/j/jonesde02.html,/teams/MIA/2020.html
258,243,Tyus Jones,PG,23,MEM,34,674,13.9,.499,.273,.137,0.8,8.1,4.4,32.8,2.2,0.5,13.9,15.6,,0.7,0.3,1.0,.074,,-1.3,-2.7,-4.0,-0.3,/players/j/jonesty01.html,/teams/MEM/2020.html
259,244,DeAndre Jordan,C,31,BRK,28,592,21.3,.663,.000,.448,12.5,34.4,23.8,14.9,1.0,3.6,16.2,14.3,,1.6,1.2,2.8,.225,,-0.1,4.0,3.9,0.9,/players/j/jordade01.html,/teams/BRK/2020.html
260,245,Cory Joseph,PG,28,SAC,33,884,8.6,.452,.311,.132,2.4,9.9,6.0,20.2,1.3,1.5,16.1,13.3,,0.0,0.5,0.5,.030,,-3.1,-0.1,-3.2,-0.3,/players/j/josepco01.html,/teams/SAC/2020.html
261,246,Mfiondu Kabengele,C,22,LAC,10,44,18.7,.622,.545,.136,2.4,16.1,9.4,3.6,1.1,2.0,4.1,22.6,,0.1,0.1,0.2,.190,,1.4,-2.7,-1.3,0.0,/players/k/kabenmf01.html,/teams/LAC/2020.html
262,247,Frank Kaminsky,C,26,PHO,32,718,14.7,.554,.401,.315,4.4,20.3,12.1,14.6,0.8,1.2,9.4,20.6,,0.9,0.5,1.4,.092,,-0.2,-0.8,-1.1,0.2,/players/k/kaminfr01.html,/teams/PHO/2020.html
263,248,Enes Kanter,C,27,BOS,23,402,24.2,.596,.021,.317,18.6,27.2,22.9,9.6,1.7,3.2,10.5,19.3,,1.3,0.8,2.1,.248,,1.8,2.2,4.0,0.6,/players/k/kanteen01.html,/teams/BOS/2020.html
264,249,Luke Kennard,SG,23,DET,28,922,14.5,.589,.535,.219,1.1,10.8,6.0,18.7,0.6,0.5,10.3,19.6,,1.8,0.2,2.0,.102,,2.1,-2.6,-0.4,0.4,/players/k/kennalu01.html,/teams/DET/2020.html
265,250,Stanton Kidd,SF,27,UTA,4,15,-13.6,.000,.333,.000,0.0,20.5,10.7,8.3,0.0,0.0,40.0,14.5,,-0.1,0.0,-0.1,-0.320,,-16.4,0.4,-16.0,-0.1,/players/k/kiddst01.html,/teams/UTA/2020.html
266,251,Michael Kidd-Gilchrist,PF,26,CHO,11,151,6.1,.418,.333,.176,6.2,18.9,12.2,8.9,0.0,1.8,11.3,17.8,,-0.2,0.0,-0.1,-0.034,,-5.9,-2.3,-8.2,-0.2,/players/k/kiddgmi01.html,/teams/CHO/2020.html
267,252,Louis King,F,20,DET,2,7,35.8,.583,.500,.000,16.3,16.0,16.2,35.4,6.9,0.0,14.3,43.1,,0.0,0.0,0.0,.126,,12.3,2.7,15.0,0.0,/players/k/kinglo02.html,/teams/DET/2020.html
268,253,Maxi Kleber,C,28,DAL,31,736,12.7,.590,.587,.184,7.1,15.9,11.6,5.7,0.6,2.4,10.2,13.6,,1.2,0.7,1.9,.124,,0.5,0.3,0.8,0.5,/players/k/klebima01.html,/teams/DAL/2020.html
269,254,Brandon Knight,PG,28,CLE,10,114,8.9,.465,.745,.170,0.9,6.8,3.8,20.9,1.7,0.7,13.7,21.8,,-0.1,0.0,-0.1,-0.025,,-1.4,-3.9,-5.3,-0.1,/players/k/knighbr03.html,/teams/CLE/2020.html
270,255,Kevin Knox,SF,20,NYK,32,642,11.0,.507,.527,.268,1.9,13.8,7.6,8.8,1.4,2.4,9.1,18.2,,0.1,0.3,0.5,.037,,-1.7,-1.0,-2.7,-0.1,/players/k/knoxke01.html,/teams/NYK/2020.html
271,256,John Konchar,SG,23,MEM,2,8,1.4,,,,0.0,13.4,6.7,0.0,0.0,0.0,,0.0,,0.0,0.0,0.0,-0.002,,-7.3,-1.2,-8.5,0.0,/players/k/konchjo01.html,/teams/MEM/2020.html
272,257,Furkan Korkmaz,SG,22,PHI,34,706,10.3,.560,.602,.104,1.1,10.8,6.1,5.4,1.3,0.8,8.7,16.8,,0.3,0.8,1.2,.079,,-1.0,-1.2,-2.3,0.0,/players/k/korkmfu01.html,/teams/PHI/2020.html
273,258,Luke Kornet,C,24,CHI,16,148,8.6,.420,.571,.102,4.2,12.6,8.2,5.9,0.6,7.0,5.5,15.5,,-0.1,0.2,0.1,.037,,-5.1,1.9,-3.2,0.0,/players/k/kornelu01.html,/teams/CHI/2020.html
274,259,Kyle Korver,SF,38,MIL,29,479,10.4,.583,.810,.129,1.5,8.8,5.4,7.9,1.4,1.1,12.9,15.4,,0.3,0.7,1.1,.106,,-0.1,-0.4,-0.5,0.2,/players/k/korveky01.html,/teams/MIL/2020.html
275,260,Rodions Kurucs,PF,21,BRK,16,169,4.4,.530,.359,.256,5.6,17.4,11.7,4.1,1.7,0.5,30.4,15.3,,-0.3,0.2,-0.1,-0.027,,-6.9,0.1,-6.8,-0.2,/players/k/kurucro01.html,/teams/BRK/2020.html
277,261,Kyle Kuzma,PF,24,LAL,24,567,10.9,.540,.465,.206,2.4,13.9,8.3,4.6,0.8,1.6,12.5,22.7,,-0.1,0.6,0.5,.041,,-2.7,-2.2,-4.9,-0.4,/players/k/kuzmaky01.html,/teams/LAL/2020.html
278,262,Skal Labissière,C,23,POR,33,567,15.6,.588,.088,.224,11.9,18.4,15.2,10.4,0.6,4.6,15.7,14.2,,1.1,0.5,1.6,.131,,-0.2,1.6,1.5,0.5,/players/l/labissk01.html,/teams/POR/2020.html
279,263,Jeremy Lamb,SG,27,IND,22,667,14.2,.537,.322,.227,2.0,14.6,8.4,11.4,2.0,1.8,10.2,20.4,,0.4,1.0,1.4,.098,,-0.9,1.3,0.4,0.4,/players/l/lambje01.html,/teams/IND/2020.html
280,264,Romeo Langford,SG,20,BOS,7,86,7.0,.481,.500,.222,5.0,3.7,4.4,1.5,1.7,2.1,9.2,10.8,,0.0,0.1,0.1,.057,,-2.5,0.3,-2.2,0.0,/players/l/langfro01.html,/teams/BOS/2020.html
281,265,Zach LaVine,SG,24,CHI,33,1099,18.4,.565,.421,.302,2.2,12.8,7.4,20.7,1.9,1.2,14.0,30.7,,0.9,1.5,2.3,.103,,1.7,-0.5,1.3,0.9,/players/l/lavinza01.html,/teams/CHI/2020.html
282,266,Jake Layman,PF,25,MIN,14,369,10.4,.539,.409,.076,3.3,8.3,5.8,4.6,1.5,2.2,11.7,17.3,,0.0,0.2,0.2,.026,,-2.5,-0.9,-3.3,-0.1,/players/l/laymaja01.html,/teams/MIN/2020.html
283,267,T.J. Leaf,PF,22,IND,20,172,14.9,.489,.210,.161,12.7,23.7,18.3,4.9,2.0,1.5,8.3,18.3,,0.1,0.3,0.4,.114,,-2.6,0.0,-2.6,0.0,/players/l/leaftj01.html,/teams/IND/2020.html
284,268,Courtney Lee,SG,34,DAL,8,69,15.2,.750,.545,.000,0.0,4.4,2.3,6.5,0.0,2.5,8.3,14.8,,0.2,0.0,0.2,.139,,1.7,-2.7,-1.0,0.0,/players/l/leeco01.html,/teams/DAL/2020.html
285,269,Damion Lee,SG,27,GSW,20,505,15.2,.556,.379,.353,4.1,19.1,11.4,13.4,1.5,0.0,9.5,20.4,,0.7,0.3,1.0,.096,,-0.2,-1.9,-2.1,0.0,/players/l/leeda03.html,/teams/GSW/2020.html
286,270,Alex Len,C,26,ATL,31,552,17.9,.612,.223,.287,9.5,22.5,15.9,10.1,1.3,3.5,13.1,18.3,,0.9,0.4,1.4,.119,,-0.3,0.1,-0.2,0.3,/players/l/lenal01.html,/teams/ATL/2020.html
287,271,Kawhi Leonard,SF,28,LAC,25,795,25.2,.567,.249,.347,3.8,21.3,12.7,27.8,2.6,1.5,13.1,33.5,,1.7,1.5,3.2,.191,,3.5,2.5,6.0,1.6,/players/l/leonaka01.html,/teams/LAC/2020.html
288,272,Meyers Leonard,PF,27,MIA,32,604,11.6,.662,.470,.097,3.3,23.1,13.8,7.7,0.6,2.3,14.7,11.8,,0.7,0.8,1.5,.119,,-1.1,0.8,-0.3,0.3,/players/l/leoname01.html,/teams/MIA/2020.html
289,273,Caris LeVert,SG,25,BRK,9,284,10.8,.491,.257,.221,3.7,12.1,8.1,20.5,1.0,0.3,16.8,26.9,,-0.3,0.2,-0.1,-0.016,,-3.6,-1.3,-4.9,-0.2,/players/l/leverca01.html,/teams/BRK/2020.html
290,274,Damian Lillard,PG,29,POR,31,1141,24.5,.605,.502,.401,1.3,10.0,5.7,32.8,1.2,1.0,11.5,28.9,,4.3,0.5,4.8,.203,,7.5,-2.6,5.0,2.0,/players/l/lillada01.html,/teams/POR/2020.html
291,275,Nassir Little,PF,19,POR,22,310,9.6,.475,.380,.329,7.0,14.9,11.0,5.6,1.2,1.9,9.1,13.5,,0.1,0.2,0.3,.053,,-2.2,-0.5,-2.7,-0.1,/players/l/littlna01.html,/teams/POR/2020.html
292,276,Kevon Looney,C,23,GSW,10,105,6.7,.380,.063,.156,14.9,14.8,14.8,5.5,1.4,1.7,14.9,16.2,,-0.1,0.1,-0.1,-0.033,,-6.1,-1.4,-7.4,-0.1,/players/l/looneke01.html,/teams/GSW/2020.html
293,277,Brook Lopez,C,31,MIL,32,845,14.0,.527,.542,.205,2.7,15.3,9.3,7.6,1.2,8.0,9.2,16.9,,0.5,1.9,2.4,.137,,-1.6,4.5,2.8,1.0,/players/l/lopezbr01.html,/teams/MIL/2020.html
294,278,Robin Lopez,C,31,MIL,34,487,11.4,.571,.349,.204,7.1,10.6,9.0,6.3,0.6,4.0,17.4,17.0,,0.2,0.8,0.9,.092,,-2.3,1.0,-1.3,0.1,/players/l/lopezro01.html,/teams/MIL/2020.html
295,279,Kevin Love,PF,31,CLE,27,826,18.6,.605,.522,.349,3.4,34.9,19.0,15.1,0.9,1.0,16.3,23.0,,1.1,0.6,1.8,.104,,1.0,0.0,1.0,0.6,/players/l/loveke01.html,/teams/CLE/2020.html
296,280,Kyle Lowry,PG,33,TOR,22,839,17.9,.602,.570,.414,1.5,11.6,6.7,29.7,1.5,0.9,16.3,23.1,,1.8,1.1,2.9,.166,,3.5,-0.2,3.3,1.1,/players/l/lowryky01.html,/teams/TOR/2020.html
298,281,Timothé Luwawu-Cabarrot,SG,24,BRK,9,149,4.5,.484,.471,.353,1.4,9.9,5.8,5.4,1.3,0.5,18.6,13.4,,-0.1,0.1,0.0,-0.005,,-5.6,-0.4,-6.0,-0.1,/players/l/luwawti01.html,/teams/BRK/2020.html
299,282,Trey Lyles,PF,24,SAS,31,529,12.6,.550,.548,.103,6.8,28.0,17.5,10.0,0.7,1.8,13.2,12.2,,0.5,0.5,1.0,.087,,-1.1,0.4,-0.7,0.2,/players/l/lylestr01.html,/teams/SAS/2020.html
300,283,Daryl Macon,SG,24,MIA,4,14,-2.9,.500,.667,.000,0.0,0.0,0.0,9.6,0.0,0.0,40.0,15.5,,0.0,0.0,0.0,-0.146,,-9.1,-5.7,-14.8,0.0,/players/m/maconda01.html,/teams/MIA/2020.html
301,284,Josh Magette,PG,30,ORL,4,12,15.2,.444,.000,.286,8.6,18.3,13.3,30.7,8.2,0.0,27.6,39.3,,-0.1,0.0,0.0,-0.156,,-7.2,5.2,-2.0,0.0,/players/m/magetjo01.html,/teams/ORL/2020.html
302,285,Ian Mahinmi,C,33,WAS,11,227,14.2,.534,.131,.623,14.1,19.2,16.5,5.8,1.4,5.7,17.9,17.2,,0.2,0.1,0.3,.059,,-2.4,0.9,-1.5,0.0,/players/m/mahinia01.html,/teams/WAS/2020.html
303,286,Thon Maker,C,22,DET,31,344,12.0,.600,.300,.729,6.3,13.4,9.9,5.6,1.3,4.4,16.3,13.8,,0.3,0.3,0.6,.085,,-2.0,0.8,-1.1,0.1,/players/m/makerth01.html,/teams/DET/2020.html
304,287,Terance Mann,SG,23,LAC,22,203,9.3,.560,.214,.238,1.6,11.0,6.4,18.3,1.4,1.3,20.5,11.8,,0.1,0.2,0.4,.088,,-2.8,0.6,-2.1,0.0,/players/m/mannte01.html,/teams/LAC/2020.html
305,288,Boban Marjanović,C,31,DAL,15,143,17.0,.560,.051,.339,11.2,31.8,21.8,7.7,0.7,1.8,15.0,23.7,,0.1,0.2,0.3,.116,,-4.0,-1.0,-4.9,-0.1,/players/m/marjabo01.html,/teams/DAL/2020.html
306,289,Lauri Markkanen,PF,22,CHI,33,995,14.5,.553,.513,.302,3.7,20.2,11.7,8.9,1.3,1.9,11.7,21.5,,0.7,1.5,2.1,.103,,-1.0,0.4,-0.7,0.3,/players/m/markkla01.html,/teams/CHI/2020.html
307,290,Caleb Martin,SF,24,CHO,5,32,5.1,.369,.300,.500,3.2,14.3,8.5,13.6,1.5,5.7,19.7,20.6,,-0.1,0.0,-0.1,-0.111,,-9.0,0.8,-8.2,-0.1,/players/m/martica02.html,/teams/CHO/2020.html
308,291,Cody Martin,SF,24,CHO,26,392,10.8,.502,.391,.483,3.4,16.9,9.8,12.1,2.8,0.9,12.5,13.3,,0.2,0.4,0.5,.066,,-2.7,0.6,-2.1,0.0,/players/m/martico01.html,/teams/CHO/2020.html
309,292,Kelan Martin,SF,24,MIN,12,174,6.6,.464,.552,.030,2.3,17.6,9.8,4.3,0.8,0.5,6.9,17.3,,-0.1,0.1,0.0,-0.003,,-4.4,-3.0,-7.4,-0.2,/players/m/martike03.html,/teams/MIN/2020.html
310,293,Frank Mason,PG,25,MIL,4,18,6.3,.285,.571,.571,5.8,5.2,5.5,32.4,2.5,0.0,10.2,22.4,,0.0,0.0,0.0,-0.017,,-4.3,-2.1,-6.3,0.0,/players/m/masonfr01.html,/teams/MIL/2020.html
311,294,Garrison Mathews,SG,23,WAS,10,101,8.5,.612,.905,.381,4.1,12.5,8.1,7.3,0.9,0.9,16.9,12.0,,0.1,0.0,0.1,.040,,-0.4,-2.8,-3.2,0.0,/players/m/mathega01.html,/teams/WAS/2020.html
312,295,Wesley Matthews,SG,33,MIL,33,789,9.8,.586,.678,.193,0.9,8.6,5.0,7.1,1.4,0.6,9.9,12.7,,0.7,1.1,1.9,.115,,-0.1,0.3,0.1,0.4,/players/m/matthwe02.html,/teams/MIL/2020.html
313,296,Patrick McCaw,SF,24,TOR,12,319,8.1,.570,.500,.063,2.4,6.9,4.7,9.5,2.2,0.3,19.6,10.9,,0.0,0.4,0.4,.066,,-1.7,1.2,-0.5,0.1,/players/m/mccawpa01.html,/teams/TOR/2020.html
314,297,CJ McCollum,SG,28,POR,33,1209,17.1,.544,.369,.120,2.1,9.9,6.1,16.2,1.1,1.7,8.9,25.8,,1.6,0.5,2.1,.083,,1.8,-1.8,0.0,0.6,/players/m/mccolcj01.html,/teams/POR/2020.html
315,298,T.J. McConnell,PG,27,IND,31,563,17.3,.533,.051,.087,2.9,12.8,7.9,40.3,1.7,0.8,17.8,19.1,,0.8,0.7,1.5,.129,,-0.6,-0.3,-0.9,0.2,/players/m/mccontj01.html,/teams/IND/2020.html
316,299,Jalen McDaniels,PF,22,CHO,2,7,11.3,.400,.200,.000,14.8,0.0,7.8,0.0,0.0,0.0,0.0,31.0,,0.0,0.0,0.0,-0.099,,-6.3,-11.5,-17.8,0.0,/players/m/mcdanja01.html,/teams/CHO/2020.html
317,300,Doug McDermott,PF,28,IND,33,697,12.8,.609,.539,.094,2.5,12.0,7.3,7.9,0.3,0.4,8.3,18.0,,1.0,0.6,1.6,.111,,1.1,-1.9,-0.9,0.2,/players/m/mcderdo01.html,/teams/IND/2020.html
319,301,JaVale McGee,C,32,LAL,33,541,21.3,.647,.006,.215,13.4,26.0,19.9,5.4,1.4,8.3,12.7,16.1,,1.3,1.2,2.5,.218,,-0.5,4.1,3.6,0.8,/players/m/mcgeeja01.html,/teams/LAL/2020.html
320,302,Rodney McGruder,SG,28,LAC,22,380,6.6,.482,.607,.143,3.6,12.8,8.3,4.8,1.4,0.9,9.2,10.6,,0.0,0.5,0.5,.062,,-2.1,0.9,-1.2,0.1,/players/m/mcgruro01.html,/teams/LAC/2020.html
321,303,Alfonzo McKinnie,SF,27,CLE,21,202,6.8,.460,.455,.200,5.9,14.8,10.3,2.1,1.7,1.3,13.1,14.5,,-0.2,0.1,-0.1,-0.013,,-4.4,-1.6,-6.1,-0.2,/players/m/mckinal01.html,/teams/CLE/2020.html
322,304,Jordan McLaughlin,PG,23,MIN,5,80,12.4,.504,.500,.143,1.3,10.6,5.8,22.3,2.3,0.0,11.8,17.4,,0.1,0.1,0.1,.064,,-1.5,-2.1,-3.6,0.0,/players/m/mclaujo01.html,/teams/MIN/2020.html
323,305,Ben McLemore,SG,26,HOU,33,794,11.2,.579,.850,.169,1.4,9.0,5.2,5.8,1.4,0.9,8.6,16.2,,0.9,0.5,1.4,.086,,0.6,-2.1,-1.6,0.1,/players/m/mclembe01.html,/teams/HOU/2020.html
324,306,Jordan McRae,SG,28,WAS,15,279,16.8,.584,.350,.239,1.5,14.0,7.4,20.7,1.5,1.6,11.0,21.4,,0.5,0.0,0.5,.091,,0.9,-2.5,-1.5,0.0,/players/m/mcraejo01.html,/teams/WAS/2020.html
325,307,Nicolò Melli,C,29,NOP,26,370,10.4,.540,.688,.275,3.9,13.8,8.7,9.6,1.8,1.2,12.8,15.7,,0.2,0.2,0.5,.060,,-1.0,-0.9,-1.9,0.0,/players/m/mellini01.html,/teams/NOP/2020.html
326,308,De'Anthony Melton,PG,21,MEM,23,382,17.3,.557,.275,.313,5.3,18.8,12.0,25.4,3.8,1.1,19.0,20.1,,0.4,0.5,0.9,.109,,0.2,1.7,1.8,0.4,/players/m/meltode01.html,/teams/MEM/2020.html
327,309,Chimezie Metu,PF,22,SAS,9,34,33.6,.551,.000,.200,25.0,24.7,24.9,10.5,1.4,7.5,4.4,28.6,,0.1,0.0,0.2,.237,,2.7,0.7,3.4,0.0,/players/m/metuch01.html,/teams/SAS/2020.html
328,310,Khris Middleton,SF,28,MIL,27,755,20.8,.602,.368,.202,3.5,15.7,9.9,20.6,1.6,0.6,11.6,26.0,,1.8,1.3,3.1,.200,,2.9,0.2,3.1,1.0,/players/m/middlkh01.html,/teams/MIL/2020.html
329,311,C.J. Miles,SG,32,WAS,10,161,11.2,.472,.593,.339,2.6,5.7,4.0,9.7,2.9,2.2,5.6,18.3,,0.0,0.0,0.1,.026,,-0.8,-1.9,-2.8,0.0,/players/m/milescj01.html,/teams/WAS/2020.html
330,312,Malcolm Miller,SF,26,TOR,18,108,4.9,.416,.789,.316,1.0,12.0,6.7,8.5,1.8,1.7,12.2,9.7,,-0.1,0.2,0.1,.033,,-4.0,1.3,-2.7,0.0,/players/m/millema01.html,/teams/TOR/2020.html
331,313,Patty Mills,PG,31,SAS,31,714,15.0,.598,.596,.189,1.0,5.9,3.5,12.7,1.8,0.6,9.4,19.7,,1.1,0.3,1.4,.094,,2.3,-2.8,-0.5,0.3,/players/m/millspa02.html,/teams/SAS/2020.html
332,314,Paul Millsap,PF,34,DEN,28,697,18.1,.604,.260,.340,8.0,17.1,12.6,8.3,1.7,2.6,11.4,20.1,,1.5,1.1,2.6,.178,,0.7,1.1,1.9,0.7,/players/m/millspa01.html,/teams/DEN/2020.html
333,315,Shake Milton,SG,23,PHI,10,83,1.6,.463,.528,.250,1.4,9.2,5.4,12.1,0.6,0.0,23.1,26.9,,-0.3,0.1,-0.2,-0.121,,-7.4,-3.9,-11.3,-0.2,/players/m/miltosh01.html,/teams/PHI/2020.html
334,316,Donovan Mitchell,SG,23,UTA,32,1122,20.2,.554,.303,.243,2.6,11.2,7.1,22.5,1.6,0.7,10.0,31.5,,1.7,1.3,3.1,.131,,2.3,-0.7,1.6,1.0,/players/m/mitchdo01.html,/teams/UTA/2020.html
335,317,Naz Mitrou-Long,SG,26,IND,3,43,10.4,.438,.688,.000,0.0,15.0,7.6,22.4,1.1,2.0,11.1,18.2,,0.0,0.1,0.0,.030,,-2.5,-0.5,-3.0,0.0,/players/m/mitrona01.html,/teams/IND/2020.html
336,318,Adam Mokoka,G,21,CHI,1,3,0.0,.000,.000,.000,68.6,0.0,35.3,0.0,0.0,0.0,0.0,28.2,,0.0,0.0,0.0,-0.341,,-12.8,-13.6,-26.4,0.0,/players/m/mokokad01.html,/teams/CHI/2020.html
337,319,Malik Monk,SG,21,CHO,34,691,12.5,.530,.444,.172,2.1,13.6,7.5,17.5,1.1,0.9,13.0,21.7,,0.2,0.3,0.4,.030,,-1.4,-2.4,-3.8,-0.3,/players/m/monkma01.html,/teams/CHO/2020.html
338,320,E'Twaun Moore,SG,30,NOP,22,440,13.9,.529,.411,.117,4.0,12.3,8.0,12.1,1.3,0.4,5.9,20.7,,0.5,0.2,0.7,.071,,0.0,-2.5,-2.5,-0.1,/players/m/mooreet01.html,/teams/NOP/2020.html
340,321,Ja Morant,PG,20,MEM,28,819,17.8,.549,.162,.330,2.3,9.4,5.9,33.8,1.7,0.9,16.2,27.0,,0.9,0.3,1.2,.070,,0.5,-2.1,-1.6,0.1,/players/m/moranja01.html,/teams/MEM/2020.html
341,322,Juwan Morgan,PF,22,UTA,3,9,-4.9,,,,0.0,22.8,11.9,0.0,0.0,0.0,100.0,4.8,,0.0,0.0,0.0,-0.101,,-12.3,0.2,-12.2,0.0,/players/m/morgaju01.html,/teams/UTA/2020.html
342,323,Marcus Morris,SF,30,NYK,30,944,16.4,.579,.410,.318,3.4,15.6,9.3,7.8,1.2,1.3,9.7,23.5,,1.6,0.5,2.0,.102,,1.3,-2.1,-0.9,0.3,/players/m/morrima03.html,/teams/NYK/2020.html
343,324,Markieff Morris,PF,30,DET,31,698,13.0,.590,.489,.178,2.8,16.9,9.9,11.4,1.3,0.8,15.7,20.9,,0.4,0.4,0.8,.053,,-0.3,-1.5,-1.8,0.0,/players/m/morrima02.html,/teams/DET/2020.html
344,325,Monte Morris,PG,24,DEN,32,563,14.5,.493,.229,.166,1.7,8.0,4.8,26.4,1.8,1.3,8.3,18.4,,0.7,0.7,1.4,.116,,-1.3,-0.9,-2.2,0.0,/players/m/morrimo01.html,/teams/DEN/2020.html
345,326,Johnathan Motley,PF,24,LAC,4,11,13.2,.500,.333,.000,9.6,9.2,9.4,35.5,12.7,0.0,50.0,22.3,,0.0,0.0,0.0,.024,,-3.6,9.2,5.6,0.0,/players/m/motlejo01.html,/teams/LAC/2020.html
346,327,Emmanuel Mudiay,PG,23,UTA,29,476,12.5,.555,.256,.250,2.1,14.2,8.5,22.5,0.9,1.2,19.4,21.7,,0.1,0.6,0.6,.064,,-2.3,-0.1,-2.4,0.0,/players/m/mudiaem01.html,/teams/UTA/2020.html
347,328,Dejounte Murray,PG,23,SAS,28,662,17.5,.544,.154,.233,5.0,20.9,13.0,24.6,3.7,1.2,19.7,21.3,,0.3,0.9,1.2,.088,,-0.5,2.6,2.1,0.7,/players/m/murrade01.html,/teams/SAS/2020.html
348,329,Jamal Murray,PG,22,DEN,32,1023,16.7,.533,.341,.208,3.2,11.7,7.4,22.3,2.1,0.8,12.3,25.0,,1.0,1.4,2.4,.114,,0.9,0.1,1.0,0.8,/players/m/murraja01.html,/teams/DEN/2020.html
349,330,Džanan Musa,SF,20,BRK,23,307,5.6,.422,.500,.310,3.4,13.1,8.5,10.8,1.4,0.3,17.4,18.6,,-0.6,0.3,-0.2,-0.039,,-5.9,-0.8,-6.7,-0.4,/players/m/musadz01.html,/teams/BRK/2020.html
350,331,Mike Muscala,C,28,OKC,20,200,7.4,.425,.738,.154,4.0,17.8,11.1,9.7,1.0,1.2,8.0,16.7,,-0.1,0.2,0.1,.018,,-2.9,-1.1,-4.0,-0.1,/players/m/muscami01.html,/teams/OKC/2020.html
351,332,Sviatoslav Mykhailiuk,SF,22,DET,28,483,9.4,.574,.730,.099,1.4,7.2,4.3,11.3,1.4,0.3,14.0,15.3,,0.3,0.1,0.4,.041,,-0.2,-2.5,-2.7,-0.1,/players/m/mykhasv01.html,/teams/DET/2020.html
352,333,Abdel Nader,SF,26,OKC,25,457,10.4,.598,.519,.252,2.0,9.0,5.6,5.8,1.0,1.6,14.7,16.5,,0.2,0.4,0.6,.061,,-1.4,-1.1,-2.6,-0.1,/players/n/naderab01.html,/teams/OKC/2020.html
353,334,Larry Nance,C,27,CLE,29,715,15.3,.587,.447,.205,7.6,24.5,15.9,8.9,1.5,1.8,11.9,14.0,,1.0,0.5,1.6,.105,,0.3,0.8,1.1,0.6,/players/n/nancela02.html,/teams/CLE/2020.html
354,335,Shabazz Napier,PG,28,MIN,18,340,11.0,.449,.608,.238,1.2,10.9,5.9,28.8,2.9,1.0,18.2,21.3,,-0.3,0.3,0.0,-0.003,,-2.5,-1.1,-3.6,-0.1,/players/n/napiesh01.html,/teams/MIN/2020.html
355,336,Raul Neto,PG,27,PHI,28,325,11.1,.588,.389,.089,1.1,8.7,5.0,18.0,2.1,0.5,21.1,15.7,,0.1,0.4,0.5,.076,,-2.2,-0.7,-3.0,-0.1,/players/n/netora01.html,/teams/PHI/2020.html
356,337,Georges Niang,PF,26,UTA,26,310,9.7,.594,.642,.105,2.2,12.9,7.8,5.3,0.6,0.8,11.6,15.8,,0.2,0.3,0.5,.079,,-1.0,-1.4,-2.4,0.0,/players/n/niangge01.html,/teams/UTA/2020.html
357,338,Nerlens Noel,C,25,OKC,31,575,22.4,.715,.000,.464,8.7,19.9,14.5,10.7,3.0,6.6,17.2,15.7,,1.6,1.2,2.8,.235,,1.1,5.5,6.6,1.2,/players/n/noelne01.html,/teams/OKC/2020.html
358,339,Zach Norvell,SG,22,LAL,2,5,-5.6,.000,.000,.000,0.0,21.6,11.1,0.0,0.0,0.0,0.0,8.5,,0.0,0.0,0.0,-0.155,,-14.3,-3.1,-17.3,0.0,/players/n/norveza01.html,/teams/LAL/2020.html
359,340,Jaylen Nowell,SG,20,MIN,5,59,8.7,.522,.563,.313,0.0,3.6,1.8,12.2,0.0,0.0,5.2,13.4,,0.1,0.0,0.1,.043,,-2.7,-5.0,-7.7,-0.1,/players/n/nowelja01.html,/teams/MIN/2020.html
361,341,Frank Ntilikina,PG,21,NYK,31,699,8.9,.486,.445,.145,1.6,8.0,4.7,18.7,2.5,1.5,17.1,13.5,,0.0,0.4,0.4,.028,,-2.3,-0.1,-2.4,-0.1,/players/n/ntilila01.html,/teams/NYK/2020.html
362,342,Kendrick Nunn,SG,24,MIA,32,978,13.7,.540,.416,.110,1.1,8.9,5.2,19.3,1.5,0.7,11.4,23.9,,0.6,1.0,1.5,.075,,-0.2,-1.8,-2.0,0.0,/players/n/nunnke01.html,/teams/MIA/2020.html
363,343,David Nwaba,SF,27,BRK,20,268,14.2,.627,.394,.380,3.1,13.6,8.5,4.3,1.9,3.6,8.8,14.0,,0.4,0.4,0.8,.145,,-1.6,1.4,-0.1,0.1,/players/n/nwabada01.html,/teams/BRK/2020.html
364,344,Royce O'Neale,PF,26,UTA,32,944,9.6,.629,.610,.113,0.7,16.7,9.1,11.8,1.4,0.9,14.4,9.0,,1.0,1.3,2.3,.116,,-0.1,2.3,2.2,1.0,/players/o/onealro01.html,/teams/UTA/2020.html
365,345,Kyle O'Quinn,C,29,PHI,18,170,15.7,.553,.333,.167,12.7,27.0,20.0,19.0,0.6,6.4,23.7,17.1,,0.1,0.3,0.4,.121,,-1.7,4.0,2.3,0.2,/players/o/oquinky01.html,/teams/PHI/2020.html
366,346,Semi Ojeleye,PF,25,BOS,29,434,6.0,.518,.627,.149,2.5,11.2,6.9,4.1,1.2,0.4,7.8,7.6,,0.2,0.5,0.7,.077,,-2.0,0.5,-1.5,0.1,/players/o/ojelese01.html,/teams/BOS/2020.html
367,347,Jahlil Okafor,C,24,NOP,20,337,17.0,.634,.019,.398,10.0,18.1,13.9,13.1,0.7,3.9,19.1,19.2,,0.6,0.2,0.8,.113,,-1.1,0.8,-0.4,0.1,/players/o/okafoja01.html,/teams/NOP/2020.html
368,348,Elie Okobo,PG,22,PHO,23,265,16.4,.543,.380,.457,1.6,9.9,5.6,27.4,1.9,0.7,7.5,19.0,,0.6,0.2,0.7,.133,,0.5,-2.2,-1.7,0.0,/players/o/okoboel01.html,/teams/PHO/2020.html
369,349,Josh Okogie,SG,21,MIN,29,706,10.0,.515,.395,.470,5.5,14.2,9.8,8.2,1.7,1.5,16.5,15.6,,0.0,0.5,0.6,.039,,-2.8,0.3,-2.6,-0.1,/players/o/okogijo01.html,/teams/MIN/2020.html
370,350,KZ Okpala,SF,20,MIA,3,3,-13.4,,,,0.0,35.5,18.7,0.0,0.0,0.0,100.0,14.5,,0.0,0.0,0.0,-0.399,,-22.9,-1.2,-24.2,0.0,/players/o/okpalkz01.html,/teams/MIA/2020.html
371,351,Kelly Olynyk,C,28,MIA,32,685,13.2,.627,.598,.270,4.5,19.9,12.6,8.9,1.7,1.4,15.6,15.9,,0.9,1.0,1.9,.131,,0.2,0.6,0.8,0.5,/players/o/olynyke01.html,/teams/MIA/2020.html
372,352,Miye Oni,SG,22,UTA,3,8,-5.0,,,,0.0,12.8,6.7,0.0,0.0,0.0,100.0,5.5,,0.0,0.0,0.0,-0.136,,-11.9,0.6,-11.3,0.0,/players/o/onimi01.html,/teams/UTA/2020.html
373,353,Cedi Osman,SF,24,CLE,32,920,10.1,.532,.514,.155,1.6,11.2,6.4,11.0,1.7,0.9,12.9,15.8,,0.2,0.3,0.5,.028,,-0.9,-0.5,-1.4,0.1,/players/o/osmande01.html,/teams/CLE/2020.html
374,354,Kelly Oubre,SF,24,PHO,32,1057,14.8,.554,.350,.320,4.0,16.7,10.1,7.5,2.0,2.0,9.9,22.2,,0.8,1.0,1.8,.083,,-0.9,0.1,-0.8,0.3,/players/o/oubreke01.html,/teams/PHO/2020.html
375,355,Jabari Parker,PF,24,ATL,31,822,17.8,.568,.289,.186,6.7,18.5,12.5,11.5,2.3,1.5,12.5,24.2,,0.7,0.6,1.3,.075,,0.2,-0.9,-0.6,0.3,/players/p/parkeja01.html,/teams/ATL/2020.html
376,356,Chandler Parsons,SF,31,ATL,5,54,5.8,.389,.778,.000,2.0,12.3,7.0,7.6,3.4,1.6,14.3,16.1,,-0.1,0.0,-0.1,-0.065,,-5.0,-0.5,-5.5,0.0,/players/p/parsoch01.html,/teams/ATL/2020.html
377,357,Eric Paschall,PF,23,GSW,29,819,15.2,.573,.202,.352,5.4,12.7,8.9,10.0,0.7,1.1,10.4,21.4,,1.1,0.2,1.3,.076,,-0.7,-2.5,-3.2,-0.2,/players/p/pascher01.html,/teams/GSW/2020.html
378,358,Anžejs Pasečņiks,C,24,WAS,6,127,13.2,.582,.000,.553,9.7,14.4,12.0,4.3,0.7,0.0,9.6,16.9,,0.2,0.0,0.2,.072,,-1.6,-3.9,-5.5,-0.1,/players/p/pasecan01.html,/teams/WAS/2020.html
379,359,Patrick Patterson,PF,30,LAC,31,456,12.7,.581,.756,.178,5.8,16.0,11.0,7.2,0.5,0.6,7.0,14.1,,0.8,0.5,1.3,.134,,1.2,-0.9,0.3,0.3,/players/p/pattepa01.html,/teams/LAC/2020.html
380,360,Justin Patton,C,22,OKC,2,9,-10.3,.333,.333,.000,0.0,24.0,12.3,0.0,0.0,0.0,25.0,19.7,,-0.1,0.0,0.0,-0.227,,-15.2,-5.7,-20.8,0.0,/players/p/pattoju01.html,/teams/OKC/2020.html
382,361,Chris Paul,PG,34,OKC,32,1014,21.3,.602,.361,.358,1.1,15.2,8.4,32.2,2.4,0.4,12.2,21.9,,2.9,1.3,4.2,.200,,3.9,0.3,4.2,1.6,/players/p/paulch01.html,/teams/OKC/2020.html
383,362,Elfrid Payton,PG,25,NYK,16,383,14.6,.445,.227,.129,5.0,11.6,8.1,38.0,3.2,1.0,17.7,18.8,,0.0,0.3,0.4,.046,,-0.9,0.0,-0.9,0.1,/players/p/paytoel01.html,/teams/NYK/2020.html
384,363,Gary Payton,G,27,WAS,3,95,22.6,.654,.320,.160,9.8,15.7,12.6,17.0,6.3,1.8,18.3,14.2,,0.2,0.1,0.3,.174,,3.5,3.9,7.4,0.2,/players/p/paytoga02.html,/teams/WAS/2020.html
385,364,Norvel Pelle,SF,26,PHI,7,63,12.9,.687,.000,.667,7.2,26.0,16.8,8.4,0.0,11.9,34.0,12.0,,0.0,0.1,0.2,.119,,-5.5,6.5,1.1,0.0,/players/p/pelleno01.html,/teams/PHI/2020.html
386,365,Theo Pinson,SG,24,BRK,21,283,5.1,.386,.504,.128,3.0,11.5,7.4,20.3,1.7,0.6,17.0,23.3,,-0.8,0.3,-0.5,-0.078,,-6.0,-1.1,-7.1,-0.4,/players/p/pinsoth01.html,/teams/BRK/2020.html
387,366,Mason Plumlee,C,29,DEN,32,557,18.8,.602,.026,.529,11.4,24.6,18.0,19.7,1.7,3.6,21.0,18.5,,0.9,1.1,1.9,.168,,-0.5,3.9,3.4,0.8,/players/p/plumlma01.html,/teams/DEN/2020.html
388,367,Vincent Poirier,C,26,BOS,9,44,15.4,.504,.000,.143,19.7,16.9,18.2,9.9,2.2,4.2,16.8,17.4,,0.0,0.1,0.1,.143,,-1.2,2.8,1.7,0.0,/players/p/poirivi01.html,/teams/BOS/2020.html
389,368,Jakob Pöltl,C,24,SAS,31,568,18.5,.597,.000,.358,11.8,21.8,16.8,12.4,1.5,6.7,15.9,12.7,,1.1,0.8,1.8,.155,,-0.2,4.4,4.1,0.9,/players/p/poeltja01.html,/teams/SAS/2020.html
390,369,Shamorie Ponds,PG,21,TOR,3,9,17.8,.500,.250,.000,0.0,11.1,5.7,37.1,0.0,10.3,0.0,19.0,,0.0,0.0,0.0,.189,,-0.4,1.9,1.4,0.0,/players/p/pondssh01.html,/teams/TOR/2020.html
391,370,Jordan Poole,SG,20,GSW,29,630,3.6,.376,.532,.226,0.7,9.3,4.9,12.1,1.3,1.0,10.2,20.4,,-1.5,0.2,-1.3,-0.098,,-6.0,-2.9,-8.9,-1.1,/players/p/poolejo01.html,/teams/GSW/2020.html
392,371,Kevin Porter,SF,19,CLE,31,670,10.1,.534,.374,.230,1.6,14.9,8.2,13.7,2.0,0.6,18.1,18.9,,-0.2,0.4,0.1,.010,,-2.4,-0.6,-3.0,-0.2,/players/p/porteke02.html,/teams/CLE/2020.html
393,372,Michael Porter,PF,21,DEN,23,223,17.0,.574,.357,.133,10.2,21.6,15.8,7.1,0.7,3.3,11.9,22.8,,0.3,0.3,0.6,.129,,-0.9,-0.8,-1.7,0.0,/players/p/portemi01.html,/teams/DEN/2020.html
394,373,Otto Porter,SF,26,CHI,9,226,13.6,.544,.476,.238,3.6,11.1,7.3,9.7,1.9,1.3,7.0,18.7,,0.2,0.3,0.5,.116,,-0.5,-0.2,-0.7,0.1,/players/p/porteot01.html,/teams/CHI/2020.html
395,374,Bobby Portis,C,24,NYK,33,710,14.3,.512,.330,.151,6.8,21.9,14.1,9.2,1.4,1.2,9.9,20.6,,0.3,0.5,0.9,.058,,-1.4,-1.1,-2.6,-0.1,/players/p/portibo01.html,/teams/NYK/2020.html
396,375,Kristaps Porziņģis,PF,24,DAL,31,968,16.6,.510,.419,.254,5.9,24.7,15.6,7.1,0.9,5.8,9.0,25.3,,0.4,1.6,2.0,.097,,-2.3,1.3,-1.0,0.2,/players/p/porzikr01.html,/teams/DAL/2020.html
397,376,Dwight Powell,C,28,DAL,29,757,14.9,.653,.187,.477,7.3,14.4,11.0,7.8,1.6,1.7,11.8,11.9,,1.7,0.8,2.5,.161,,1.0,1.8,2.8,0.9,/players/p/poweldw01.html,/teams/DAL/2020.html
398,377,Norman Powell,SG,26,TOR,27,780,15.3,.617,.461,.243,2.1,11.5,7.0,9.2,1.8,1.3,12.0,19.6,,1.0,1.1,2.1,.131,,1.0,0.4,1.3,0.7,/players/p/powelno01.html,/teams/TOR/2020.html
399,378,Julius Randle,PF,25,NYK,33,1057,17.2,.537,.271,.368,7.1,22.2,14.4,17.8,1.1,0.4,14.3,26.9,,0.7,0.6,1.3,.060,,0.6,-1.0,-0.4,0.4,/players/r/randlju01.html,/teams/NYK/2020.html
400,379,Cam Reddish,SF,20,ATL,30,777,6.1,.427,.446,.221,2.6,13.9,8.1,8.7,1.9,1.3,15.3,18.5,,-1.5,0.4,-1.1,-0.069,,-5.3,-1.0,-6.3,-0.8,/players/r/reddica01.html,/teams/ATL/2020.html
401,380,J.J. Redick,SG,35,NOP,32,909,14.9,.630,.635,.267,0.8,10.0,5.3,10.0,0.6,0.6,8.9,19.4,,2.0,0.1,2.1,.111,,2.4,-3.1,-0.7,0.3,/players/r/redicjj01.html,/teams/NOP/2020.html
403,381,Naz Reid,C,20,MIN,2,4,20.7,.750,1.000,.000,0.0,26.4,13.0,0.0,0.0,0.0,0.0,20.7,,0.0,0.0,0.0,.211,,4.1,-9.4,-5.3,0.0,/players/r/reidna01.html,/teams/MIN/2020.html
404,382,Josh Richardson,SG,26,PHI,27,855,12.8,.534,.392,.206,3.2,9.1,6.2,15.2,1.6,1.8,13.4,21.8,,0.3,1.1,1.4,.079,,-0.7,-0.1,-0.7,0.3,/players/r/richajo01.html,/teams/PHI/2020.html
405,383,Austin Rivers,SG,27,HOU,31,730,9.8,.517,.559,.183,2.6,8.5,5.5,9.4,1.1,0.7,7.5,15.0,,0.6,0.4,1.0,.066,,-1.3,-1.8,-3.1,-0.2,/players/r/riverau01.html,/teams/HOU/2020.html
406,384,Duncan Robinson,SF,25,MIA,32,865,14.0,.702,.850,.075,0.7,11.6,6.4,5.1,1.1,1.1,6.5,14.8,,1.9,0.9,2.7,.152,,3.4,-1.3,2.1,0.9,/players/r/robindu01.html,/teams/MIA/2020.html
407,385,Glenn Robinson,SF,26,GSW,33,1052,12.0,.543,.320,.138,4.9,10.9,7.8,7.8,1.5,0.7,7.6,15.4,,1.0,0.4,1.3,.061,,-0.8,-1.2,-2.0,0.0,/players/r/robingl02.html,/teams/GSW/2020.html
408,386,Jerome Robinson,SG,22,LAC,26,306,4.5,.415,.465,.131,1.0,12.6,6.9,10.9,1.1,2.0,14.7,16.4,,-0.5,0.4,-0.1,-0.019,,-5.3,0.4,-4.8,-0.2,/players/r/robinje01.html,/teams/LAC/2020.html
409,387,Justin Robinson,PG,22,WAS,8,45,9.3,.591,.455,.000,2.3,10.2,6.0,17.1,0.0,1.9,21.4,12.8,,0.0,0.0,0.0,.008,,-2.6,-3.4,-6.0,0.0,/players/r/robinju01.html,/teams/WAS/2020.html
410,388,Mitchell Robinson,C,21,NYK,29,653,24.0,.690,.000,.497,14.3,18.9,16.5,3.8,1.7,8.2,8.3,14.9,,2.3,0.8,3.1,.229,,1.9,3.1,5.0,1.2,/players/r/robinmi01.html,/teams/NYK/2020.html
411,389,Rajon Rondo,PG,33,LAL,21,451,14.8,.518,.412,.128,2.8,15.3,9.2,34.9,2.4,0.4,22.0,18.9,,0.3,0.7,1.0,.104,,-0.6,0.2,-0.4,0.2,/players/r/rondora01.html,/teams/LAL/2020.html
412,390,Derrick Rose,PG,31,DET,27,658,22.2,.559,.216,.173,2.6,7.7,5.2,44.0,1.8,1.1,14.2,30.8,,1.3,0.3,1.6,.118,,3.3,-2.7,0.7,0.5,/players/r/rosede01.html,/teams/DET/2020.html
413,391,Terrence Ross,SG,28,ORL,30,748,13.5,.543,.558,.206,1.1,11.5,6.1,6.1,1.8,1.1,8.2,22.7,,0.3,0.8,1.1,.069,,-0.3,-1.8,-2.1,0.0,/players/r/rosste01.html,/teams/ORL/2020.html
414,392,Terry Rozier,PG,25,CHO,35,1170,14.3,.534,.432,.195,2.6,12.4,7.2,21.5,1.8,0.5,14.2,24.5,,0.5,0.6,1.0,.042,,0.3,-1.7,-1.4,0.2,/players/r/roziete01.html,/teams/CHO/2020.html
415,393,Ricky Rubio,PG,29,PHO,26,828,16.7,.513,.306,.259,2.4,14.2,8.1,41.4,1.9,0.6,15.6,21.5,,1.2,0.6,1.8,.106,,0.7,-0.6,0.1,0.4,/players/r/rubiori01.html,/teams/PHO/2020.html
416,394,D'Angelo Russell,SG,23,GSW,22,691,19.7,.557,.494,.249,0.9,10.9,5.8,36.0,1.3,1.0,12.8,32.2,,0.8,0.2,1.1,.075,,4.7,-3.4,1.3,0.6,/players/r/russeda01.html,/teams/GSW/2020.html
417,395,Domantas Sabonis,C,23,IND,31,1060,19.4,.554,.078,.322,10.6,31.4,21.1,17.3,1.1,1.5,14.5,23.3,,1.5,1.9,3.5,.156,,0.1,2.7,2.8,1.3,/players/s/sabondo01.html,/teams/IND/2020.html
418,396,JaKarr Sampson,SF,26,IND,10,171,10.2,.577,.238,.167,4.5,12.5,8.5,3.2,1.4,3.0,11.7,13.0,,0.1,0.2,0.3,.087,,-2.6,1.2,-1.3,0.0,/players/s/sampsja02.html,/teams/IND/2020.html
419,397,Dario Šarić,PF,25,PHO,32,880,13.5,.557,.495,.169,6.6,22.8,14.4,11.0,1.3,1.0,12.2,17.6,,0.8,0.8,1.6,.086,,-0.2,0.2,0.0,0.4,/players/s/saricda01.html,/teams/PHO/2020.html
420,398,Tomáš Satoranský,PG,28,CHI,33,931,15.1,.575,.383,.212,3.5,11.0,7.2,28.2,2.6,0.5,19.3,16.3,,1.2,1.3,2.5,.130,,0.1,0.8,0.9,0.7,/players/s/satorto01.html,/teams/CHI/2020.html
421,399,Admiral Schofield,SF,22,WAS,18,222,7.3,.531,.642,.189,1.9,10.8,6.1,6.8,1.5,1.2,9.5,11.7,,0.1,0.0,0.1,.020,,-1.7,-2.0,-3.7,-0.1,/players/s/schofad01.html,/teams/WAS/2020.html
422,400,Dennis Schröder,PG,26,OKC,31,935,15.9,.563,.343,.210,1.0,12.8,7.1,21.2,1.1,0.9,15.4,28.3,,0.2,0.8,1.1,.055,,-0.2,-1.5,-1.7,0.1,/players/s/schrode01.html,/teams/OKC/2020.html
424,401,Mike Scott,PF,31,PHI,35,654,10.0,.565,.680,.083,4.0,14.8,9.5,4.6,0.8,0.3,6.5,13.2,,0.7,0.7,1.3,.099,,-0.6,-1.3,-1.9,0.0,/players/s/scottmi01.html,/teams/PHI/2020.html
425,402,Thabo Sefolosha,PF,35,HOU,23,227,7.3,.413,.604,.021,5.5,16.3,10.9,8.4,1.8,1.5,12.6,10.0,,0.0,0.2,0.2,.042,,-3.6,0.6,-3.1,-0.1,/players/s/sefolth01.html,/teams/HOU/2020.html
426,403,Collin Sexton,SG,21,CLE,32,979,14.7,.520,.192,.254,3.8,7.9,5.8,13.3,1.5,0.2,10.7,26.8,,0.4,0.2,0.5,.026,,-1.0,-2.8,-3.8,-0.4,/players/s/sextoco01.html,/teams/CLE/2020.html
427,404,Landry Shamet,SG,22,LAC,17,462,8.7,.616,.744,.188,0.2,6.4,3.4,7.8,0.8,0.8,11.2,12.7,,0.6,0.4,0.9,.098,,0.5,-0.6,-0.1,0.2,/players/s/shamela01.html,/teams/LAC/2020.html
428,405,Iman Shumpert,SG,29,BRK,13,241,5.4,.403,.516,.109,3.9,10.2,7.2,6.7,2.3,0.7,13.0,13.2,,-0.3,0.3,0.0,.000,,-4.8,0.9,-3.9,-0.1,/players/s/shumpim01.html,/teams/BRK/2020.html
429,406,Pascal Siakam,PF,25,TOR,27,989,19.4,.555,.309,.231,4.1,18.1,11.4,17.4,1.3,2.4,10.6,29.5,,1.1,1.6,2.7,.131,,1.2,0.9,2.2,1.0,/players/s/siakapa01.html,/teams/TOR/2020.html
430,407,Chris Silva,PF,23,MIA,25,237,17.9,.700,.039,.784,22.0,20.2,21.1,9.5,1.2,6.2,29.0,17.7,,0.5,0.4,0.9,.188,,0.3,2.9,3.3,0.3,/players/s/silvach01.html,/teams/MIA/2020.html
431,408,Ben Simmons,PG,23,PHI,33,1161,19.0,.578,.014,.419,5.5,16.5,11.1,36.0,3.1,1.5,22.5,19.6,,1.8,2.1,3.9,.162,,0.8,3.3,4.1,1.8,/players/s/simmobe01.html,/teams/PHI/2020.html
432,409,Anfernee Simons,SG,20,POR,33,722,10.6,.518,.423,.168,2.0,9.6,5.9,8.8,0.9,0.6,8.6,19.6,,0.3,0.2,0.5,.035,,-1.1,-2.7,-3.8,-0.3,/players/s/simonan01.html,/teams/POR/2020.html
433,410,Alen Smailagić,F,19,GSW,2,24,16.6,.699,.333,.167,4.4,23.1,13.4,6.6,0.0,3.8,0.0,11.4,,0.1,0.0,0.1,.171,,-0.7,-1.3,-2.0,0.0,/players/s/smailal01.html,/teams/GSW/2020.html
434,411,Marcus Smart,SG,25,BOS,21,659,13.4,.510,.593,.167,3.3,8.0,5.7,19.6,2.1,1.3,9.9,17.1,,0.8,0.9,1.7,.121,,1.5,0.4,1.9,0.7,/players/s/smartma01.html,/teams/BOS/2020.html
435,412,Dennis Smith,PG,22,NYK,21,339,6.4,.392,.325,.238,3.8,9.9,6.8,25.2,1.4,2.0,17.7,21.2,,-0.7,0.1,-0.5,-0.077,,-4.8,-1.4,-6.3,-0.4,/players/s/smithde03.html,/teams/NYK/2020.html
436,413,Ish Smith,PG,31,WAS,31,783,13.0,.515,.279,.127,2.0,10.5,6.0,22.7,1.4,1.4,11.5,17.7,,0.6,-0.1,0.6,.035,,-0.8,-2.2,-3.0,-0.2,/players/s/smithis01.html,/teams/WAS/2020.html
437,414,Tony Snell,SF,28,DET,29,758,9.6,.621,.728,.065,0.9,6.8,3.9,7.1,0.9,0.4,6.9,11.6,,1.0,0.1,1.1,.071,,1.0,-1.9,-0.9,0.2,/players/s/snellto01.html,/teams/DET/2020.html
438,415,Omari Spellman,PF,22,GSW,31,515,15.3,.531,.312,.277,12.4,20.2,16.2,7.8,1.6,3.0,15.6,19.0,,0.3,0.4,0.7,.065,,-2.1,-0.3,-2.4,-0.1,/players/s/spellom01.html,/teams/GSW/2020.html
439,416,Max Strus,SG,23,CHI,2,6,30.9,.727,.333,.333,17.2,0.0,8.8,0.0,0.0,0.0,0.0,24.3,,0.0,0.0,0.0,.337,,7.1,-8.9,-1.8,0.0,/players/s/strusma01.html,/teams/CHI/2020.html
440,417,Edmond Sumner,PG,24,IND,10,151,10.8,.458,.333,.156,5.1,6.4,5.7,16.0,2.6,2.3,11.1,15.6,,0.0,0.2,0.2,.072,,-1.9,1.3,-0.6,0.1,/players/s/sumneed01.html,/teams/IND/2020.html
441,418,Caleb Swanigan,PF,22,SAC,5,13,2.2,.521,.000,1.000,8.5,36.2,22.0,0.0,3.8,14.5,58.1,23.2,,-0.1,0.0,-0.1,-0.226,,-19.3,6.0,-13.3,0.0,/players/s/swanica01.html,/teams/SAC/2020.html
442,419,Jayson Tatum,PF,21,BOS,30,1024,17.9,.528,.375,.218,3.8,17.9,10.9,13.7,1.9,2.2,10.1,28.1,,0.8,1.7,2.5,.117,,0.4,0.7,1.1,0.8,/players/t/tatumja01.html,/teams/BOS/2020.html
443,420,Jeff Teague,PG,31,MIN,27,793,17.4,.587,.274,.481,1.7,8.4,5.0,33.2,1.2,1.1,15.7,20.2,,1.8,0.3,2.1,.130,,0.9,-2.5,-1.6,0.1,/players/t/teaguje01.html,/teams/MIN/2020.html
445,421,Garrett Temple,SG,33,BRK,31,903,10.4,.514,.670,.137,2.1,9.5,5.9,12.2,1.5,1.3,10.2,16.2,,0.4,0.9,1.2,.066,,-0.9,0.1,-0.8,0.3,/players/t/templga01.html,/teams/BRK/2020.html
446,422,Daniel Theis,C,27,BOS,27,581,15.7,.592,.193,.255,8.0,22.1,15.1,9.2,1.1,6.5,12.0,13.5,,1.0,1.1,2.1,.176,,-0.6,4.5,3.9,0.9,/players/t/theisda01.html,/teams/BOS/2020.html
447,423,Isaiah Thomas,PG,30,WAS,22,561,14.1,.555,.441,.176,0.9,7.2,3.9,27.0,0.8,0.8,14.6,23.7,,0.6,-0.2,0.4,.031,,0.6,-4.9,-4.3,-0.3,/players/t/thomais02.html,/teams/WAS/2020.html
448,424,Khyri Thomas,SG,23,DET,2,6,4.0,.568,,,0.0,0.0,0.0,0.0,0.0,0.0,0.0,6.3,,0.0,0.0,0.0,.022,,-4.2,-3.1,-7.4,0.0,/players/t/thomakh01.html,/teams/DET/2020.html
449,425,Matt Thomas,SG,25,TOR,12,136,13.0,.727,.703,.135,0.8,8.8,4.9,4.4,1.4,0.0,9.3,13.6,,0.3,0.1,0.4,.141,,1.4,-1.6,-0.1,0.1,/players/t/thomama02.html,/teams/TOR/2020.html
450,426,Tristan Thompson,C,28,CLE,31,972,17.4,.524,.021,.289,13.7,21.7,17.6,11.5,1.2,2.7,13.1,19.1,,1.1,0.7,1.7,.085,,-0.5,1.4,0.8,0.7,/players/t/thomptr01.html,/teams/CLE/2020.html
451,427,Matisse Thybulle,SG,22,PHI,30,529,11.0,.592,.598,.214,1.7,4.9,3.4,9.2,3.9,3.5,18.6,12.2,,0.2,1.0,1.2,.109,,-1.0,3.2,2.2,0.6,/players/t/thybuma01.html,/teams/PHI/2020.html
452,428,Anthony Tolliver,PF,34,POR,23,379,6.4,.511,.803,.184,4.1,13.5,8.9,6.0,0.9,1.3,18.8,11.2,,-0.1,0.2,0.1,.018,,-2.0,-0.7,-2.6,-0.1,/players/t/tollian01.html,/teams/POR/2020.html
453,429,Karl-Anthony Towns,C,24,MIN,23,779,28.5,.654,.486,.352,8.2,27.9,17.9,23.8,1.4,3.0,13.4,28.5,,3.0,1.0,3.9,.243,,7.7,1.6,9.3,2.2,/players/t/townska01.html,/teams/MIN/2020.html
454,430,Gary Trent,SG,21,POR,20,217,8.6,.517,.662,.062,2.4,8.8,5.7,5.6,1.5,1.2,9.5,14.3,,0.1,0.1,0.2,.037,,-1.3,-1.7,-3.0,-0.1,/players/t/trentga02.html,/teams/POR/2020.html
455,431,Allonzo Trier,PG,24,NYK,16,205,16.0,.685,.561,.591,0.5,11.1,5.6,16.4,0.5,1.9,19.4,21.3,,0.4,0.0,0.5,.108,,1.0,-3.2,-2.2,0.0,/players/t/trieral01.html,/teams/NYK/2020.html
456,432,P.J. Tucker,PF,34,HOU,33,1190,10.4,.622,.656,.132,4.6,16.3,10.5,5.2,1.6,1.0,13.0,9.5,,1.5,1.1,2.5,.103,,0.1,1.0,1.1,0.9,/players/t/tuckepj01.html,/teams/HOU/2020.html
457,433,Evan Turner,PG,31,ATL,18,230,7.5,.434,.079,.222,3.2,14.0,8.5,21.9,1.6,3.0,26.6,17.0,,-0.4,0.1,-0.3,-0.063,,-7.1,0.1,-7.1,-0.3,/players/t/turneev01.html,/teams/ATL/2020.html
458,434,Myles Turner,C,23,IND,25,731,14.7,.565,.458,.242,5.1,16.0,10.6,5.7,1.0,6.2,11.4,17.8,,0.5,1.2,1.7,.114,,-0.7,2.8,2.1,0.8,/players/t/turnemy01.html,/teams/IND/2020.html
459,435,Jonas Valančiūnas,C,27,MEM,31,774,21.3,.640,.128,.206,11.2,30.4,20.8,12.1,0.5,3.0,15.7,22.3,,1.6,0.7,2.2,.138,,0.8,0.2,1.0,0.6,/players/v/valanjo01.html,/teams/MEM/2020.html
460,436,Denzel Valentine,SF,26,CHI,19,243,15.1,.553,.618,.045,1.3,15.7,8.3,13.6,2.6,1.9,8.9,21.4,,0.2,0.4,0.6,.114,,0.0,0.3,0.2,0.1,/players/v/valende01.html,/teams/CHI/2020.html
461,437,Jarred Vanderbilt,SF,20,DEN,3,9,0.5,,,,0.0,24.4,12.1,13.1,0.0,0.0,100.0,4.8,,0.0,0.0,0.0,-0.053,,-10.7,2.3,-8.4,0.0,/players/v/vandeja01.html,/teams/DEN/2020.html
462,438,Fred VanVleet,PG,25,TOR,28,1021,16.7,.542,.453,.299,0.7,9.9,5.5,28.8,2.7,0.6,13.1,22.6,,1.4,1.5,3.0,.139,,1.8,0.4,2.1,1.1,/players/v/vanvlfr01.html,/teams/TOR/2020.html
463,439,Noah Vonleh,C,24,MIN,22,284,14.8,.594,.197,.364,10.0,23.1,16.4,11.8,1.5,1.4,18.2,13.6,,0.4,0.3,0.7,.119,,-1.7,0.8,-0.9,0.1,/players/v/vonleno01.html,/teams/MIN/2020.html
464,440,Nikola Vučević,C,29,ORL,21,654,22.4,.526,.273,.193,8.5,29.3,18.5,19.9,1.4,3.0,6.4,25.0,,1.2,1.1,2.2,.164,,2.1,2.3,4.4,1.1,/players/v/vucevni01.html,/teams/ORL/2020.html
466,441,Dean Wade,PF,23,CLE,3,18,6.5,.750,.500,.000,0.0,12.3,6.1,0.0,2.7,0.0,0.0,4.7,,0.0,0.0,0.0,.083,,-2.5,-1.3,-3.8,0.0,/players/w/wadede01.html,/teams/CLE/2020.html
467,442,Moritz Wagner,C,22,WAS,21,429,18.6,.682,.350,.269,8.2,24.9,16.1,9.7,1.6,2.6,19.4,21.3,,0.8,0.2,1.0,.111,,1.2,-0.8,0.4,0.3,/players/w/wagnemo01.html,/teams/WAS/2020.html
468,443,Kemba Walker,PG,29,BOS,29,939,21.9,.584,.534,.268,2.6,10.2,6.4,25.9,1.3,1.7,10.8,28.6,,2.6,1.1,3.7,.190,,5.6,-1.1,4.5,1.6,/players/w/walkeke02.html,/teams/BOS/2020.html
469,444,Lonnie Walker,SG,21,SAS,23,234,10.6,.506,.235,.224,4.1,12.6,8.4,7.4,1.2,1.1,12.2,22.4,,-0.1,0.1,0.0,-0.006,,-4.0,-2.8,-6.7,-0.3,/players/w/walkelo01.html,/teams/SAS/2020.html
470,445,Tyrone Wallace,SG,25,ATL,14,160,4.1,.389,.341,.386,2.0,13.2,7.5,11.1,2.0,0.5,16.3,15.9,,-0.3,0.1,-0.2,-0.075,,-6.7,-1.5,-8.3,-0.3,/players/w/wallaty01.html,/teams/ATL/2020.html
471,446,Taurean Waller-Prince,SF,25,BRK,31,942,9.4,.498,.566,.104,2.8,18.5,10.9,10.6,1.3,1.1,14.4,19.5,,-0.6,1.2,0.6,.029,,-2.8,0.5,-2.3,-0.1,/players/p/princta02.html,/teams/BRK/2020.html
472,447,Derrick Walton,PG,24,LAC,16,151,10.1,.678,.636,.318,1.4,5.4,3.4,14.3,1.2,0.0,10.7,7.6,,0.3,0.1,0.4,.139,,0.1,-1.1,-1.0,0.0,/players/w/waltode01.html,/teams/LAC/2020.html
473,448,Brad Wanamaker,PG,30,BOS,30,560,13.8,.577,.267,.466,2.3,9.7,6.0,20.7,1.8,1.3,16.6,16.1,,0.9,0.7,1.6,.139,,-0.6,0.2,-0.3,0.2,/players/w/wanambr01.html,/teams/BOS/2020.html
474,449,T.J. Warren,SF,26,IND,33,1069,15.5,.574,.238,.203,2.9,9.2,6.1,5.8,1.5,1.1,7.5,22.4,,1.3,1.2,2.5,.114,,0.1,-0.8,-0.6,0.4,/players/w/warretj01.html,/teams/IND/2020.html
475,450,PJ Washington,PF,21,CHO,30,889,14.2,.579,.361,.271,3.1,16.6,9.5,9.0,1.6,2.9,10.8,17.6,,0.9,0.6,1.5,.083,,-0.9,0.3,-0.5,0.3,/players/w/washipj01.html,/teams/CHO/2020.html
476,451,Yuta Watanabe,SG,25,MEM,4,18,12.0,.583,.333,.000,5.9,23.9,14.8,0.0,0.0,4.8,14.3,16.2,,0.0,0.0,0.0,.029,,-6.2,-4.4,-10.6,0.0,/players/w/watanyu01.html,/teams/MEM/2020.html
477,452,Tremont Waters,PG,22,BOS,3,28,11.0,.543,.583,.167,0.0,7.6,3.8,16.0,1.7,6.6,23.7,25.8,,0.0,0.0,0.0,.000,,-4.2,0.7,-3.5,0.0,/players/w/watertr01.html,/teams/BOS/2020.html
478,453,Russell Westbrook,PG,31,HOU,29,1025,18.4,.504,.237,.299,4.8,19.0,11.9,33.3,2.0,0.9,15.6,32.9,,0.5,1.1,1.6,.077,,-0.6,0.6,0.0,0.5,/players/w/westbru01.html,/teams/HOU/2020.html
479,454,Coby White,SG,19,CHI,33,791,10.3,.478,.481,.136,1.3,14.8,7.8,15.2,1.4,0.4,11.4,23.5,,-0.7,1.0,0.3,.016,,-3.1,-1.1,-4.2,-0.4,/players/w/whiteco01.html,/teams/CHI/2020.html
480,455,Derrick White,SG,25,SAS,29,685,14.3,.580,.327,.308,2.0,10.1,6.1,18.3,1.1,2.1,12.9,17.4,,1.0,0.3,1.3,.094,,0.2,-1.0,-0.9,0.2,/players/w/whitede01.html,/teams/SAS/2020.html
481,456,Hassan Whiteside,C,30,POR,30,876,25.1,.642,.006,.331,13.3,33.1,23.3,6.8,0.7,7.8,14.7,20.3,,2.4,1.5,3.9,.211,,0.2,3.0,3.2,1.2,/players/w/whiteha01.html,/teams/POR/2020.html
482,457,Andrew Wiggins,SF,24,MIN,26,931,18.0,.536,.325,.266,3.5,12.3,7.8,16.5,0.9,2.5,9.6,29.5,,0.8,0.5,1.4,.071,,0.6,-1.6,-1.0,0.2,/players/w/wiggian01.html,/teams/MIN/2020.html
483,458,Grant Williams,PF,21,BOS,28,428,6.1,.454,.425,.287,5.1,10.4,7.8,8.2,1.1,3.2,17.6,11.9,,-0.2,0.6,0.4,.045,,-3.4,1.8,-1.6,0.0,/players/w/willigr01.html,/teams/BOS/2020.html
484,459,Johnathan Williams,F,24,WAS,2,46,15.3,.751,.000,.500,9.0,17.4,13.0,10.8,0.0,1.9,0.0,6.5,,0.2,0.0,0.2,.163,,1.1,-1.2,-0.2,0.0,/players/w/willijo04.html,/teams/WAS/2020.html
485,460,Kenrich Williams,PF,25,NOP,32,753,8.3,.441,.676,.173,6.7,17.7,12.0,8.8,1.4,2.4,12.3,9.4,,0.2,0.6,0.7,.046,,-2.1,1.6,-0.5,0.3,/players/w/willike04.html,/teams/NOP/2020.html
487,461,Lou Williams,SG,33,LAC,32,968,17.1,.539,.322,.374,1.3,8.8,5.1,31.7,1.1,0.5,14.7,28.0,,1.3,0.9,2.2,.110,,1.0,-1.7,-0.7,0.3,/players/w/willilo02.html,/teams/LAC/2020.html
488,462,Marvin Williams,PF,33,CHO,30,623,13.1,.629,.564,.224,2.2,13.0,7.3,7.8,1.7,2.0,10.4,14.1,,0.9,0.4,1.3,.101,,-0.1,-0.5,-0.6,0.2,/players/w/willima02.html,/teams/CHO/2020.html
489,463,Robert Williams,C,22,BOS,19,269,18.5,.671,.000,.286,9.2,25.2,17.3,10.8,3.1,7.2,22.5,11.3,,0.4,0.7,1.1,.202,,-0.8,7.3,6.5,0.6,/players/w/williro04.html,/teams/BOS/2020.html
490,464,Nigel Williams-Goss,PG,25,UTA,7,22,-1.1,.170,.200,.400,5.1,4.7,4.9,11.3,0.0,3.8,14.5,13.6,,-0.1,0.0,-0.1,-0.130,,-9.9,0.4,-9.5,0.0,/players/w/willini01.html,/teams/UTA/2020.html
491,465,D.J. Wilson,PF,23,MIL,18,202,9.8,.557,.591,.045,3.1,16.8,10.3,9.1,0.0,1.3,14.0,16.0,,0.1,0.3,0.4,.085,,-2.2,-0.8,-3.1,-0.1,/players/w/wilsodj01.html,/teams/MIL/2020.html
492,466,Justise Winslow,SF,23,MIA,10,337,9.3,.446,.205,.213,5.6,17.4,11.8,19.2,0.9,1.2,14.2,20.9,,-0.2,0.4,0.1,.020,,-3.6,0.3,-3.3,-0.1,/players/w/winslju01.html,/teams/MIA/2020.html
493,467,Christian Wood,PF,24,DET,29,451,24.1,.689,.270,.528,9.8,25.4,17.7,6.5,1.0,4.3,12.9,21.5,,1.4,0.5,1.8,.193,,1.7,-0.4,1.3,0.4,/players/w/woodch01.html,/teams/DET/2020.html
494,468,Delon Wright,SG,27,DAL,30,614,20.1,.600,.290,.267,4.5,13.3,9.0,22.7,3.6,1.3,10.1,15.1,,1.8,1.0,2.8,.215,,2.6,2.4,5.0,1.1,/players/w/wrighde01.html,/teams/DAL/2020.html
495,469,Thaddeus Young,PF,31,CHI,32,698,11.3,.470,.372,.135,7.1,14.9,10.9,13.3,2.3,1.1,14.3,21.1,,-0.6,1.1,0.5,.033,,-3.0,1.0,-2.0,0.0,/players/y/youngth01.html,/teams/CHI/2020.html
496,470,Trae Young,PG,21,ATL,31,1082,23.1,.586,.444,.367,1.6,12.0,6.7,42.9,1.6,0.2,16.2,34.5,,2.2,0.3,2.5,.110,,6.8,-2.9,3.9,1.6,/players/y/youngtr01.html,/teams/ATL/2020.html
497,471,Cody Zeller,C,27,CHO,32,758,19.3,.599,.197,.372,12.8,22.6,17.5,8.9,1.4,1.7,13.3,20.6,,1.5,0.6,2.1,.132,,0.5,-0.7,-0.2,0.3,/players/z/zelleco01.html,/teams/CHO/2020.html
498,472,Ante Žižić,C,23,CLE,10,96,18.9,.636,.000,.323,7.9,20.8,14.3,0.0,1.0,2.7,2.7,16.1,,0.3,0.1,0.3,.169,,-2.6,-4.4,-7.0,-0.1,/players/z/zizican01.html,/teams/CLE/2020.html
499,473,Ivica Zubac,C,22,LAC,34,587,21.5,.635,.011,.489,14.9,24.3,19.7,8.1,0.6,4.6,12.3,18.2,,1.8,1.0,2.8,.230,,0.8,2.2,3.0,0.7,/players/z/zubaciv01.html,/teams/LAC/2020.html
