,ranker,player,pos,age,team_id,g,gs,mp,fg_per_poss,fga_per_poss,fg_pct,fg3_per_poss,fg3a_per_poss,fg3_pct,fg2_per_poss,fg2a_per_poss,fg2_pct,ft_per_poss,fta_per_poss,ft_pct,orb_per_poss,drb_per_poss,trb_per_poss,ast_per_poss,stl_per_poss,blk_per_poss,tov_per_poss,pf_per_poss,pts_per_poss,,off_rtg,def_rtg,player_link,team_id_link
0,1,Steven Adams,C,26,OKC,29,29,806,8.8,14.3,.619,0.0,0.1,.000,8.8,14.2,.621,2.7,5.3,.511,6.0,11.0,17.0,4.8,1.1,2.2,2.7,3.3,20.4,,123,105,/players/a/adamsst01.html,/teams/OKC/2020.html
1,2,Bam Adebayo,C,22,MIA,32,32,1098,8.2,14.6,.564,0.0,0.4,.111,8.2,14.2,.576,5.6,8.2,.686,3.6,11.3,14.9,6.5,2.0,1.8,3.9,3.7,22.1,,117,102,/players/a/adebaba01.html,/teams/MIA/2020.html
2,3,LaMarcus Aldridge,C,34,SAS,29,29,953,11.4,22.2,.512,1.1,2.8,.404,10.2,19.4,.528,4.2,5.0,.832,3.1,7.8,10.8,3.5,0.9,2.7,2.1,3.3,28.1,,116,110,/players/a/aldrila01.html,/teams/SAS/2020.html
3,4,Nickeil Alexander-Walker,SG,21,NOP,27,0,341,7.5,22.2,.340,4.0,11.6,.341,3.6,10.5,.338,1.5,2.2,.688,0.5,7.0,7.5,6.3,1.2,0.5,3.6,4.2,20.5,,90,113,/players/a/alexani01.html,/teams/NOP/2020.html
4,5,Grayson Allen,SG,24,MEM,19,0,347,7.7,17.6,.435,3.8,9.5,.394,3.9,8.1,.483,2.7,3.1,.870,0.4,6.0,6.4,3.9,0.7,0.1,2.6,3.6,21.8,,107,116,/players/a/allengr01.html,/teams/MEM/2020.html
5,6,Jarrett Allen,C,21,BRK,31,28,823,8.3,12.7,.658,0.0,0.1,.000,8.3,12.5,.664,4.8,7.6,.634,6.3,12.0,18.3,2.3,1.3,2.5,2.1,4.3,21.5,,133,103,/players/a/allenja01.html,/teams/BRK/2020.html
6,7,Kadeem Allen,SG,27,NYK,2,0,18,8.1,18.9,.429,8.1,13.5,.600,0.0,5.4,.000,0.0,0.0,,0.0,0.0,0.0,5.4,2.7,0.0,5.4,5.4,24.3,,104,115,/players/a/allenka01.html,/teams/NYK/2020.html
7,8,Al-Farouq Aminu,PF,29,ORL,18,2,380,3.2,11.1,.291,1.2,4.6,.250,2.1,6.4,.320,2.4,3.7,.655,3.1,8.1,11.2,2.7,2.3,1.0,2.2,3.5,10.0,,88,106,/players/a/aminual01.html,/teams/ORL/2020.html
8,9,Kyle Anderson,PF,26,MEM,28,2,511,5.7,12.1,.466,0.5,2.2,.208,5.2,9.9,.523,2.1,3.4,.622,2.8,8.3,11.1,6.1,1.6,1.3,2.4,3.9,13.9,,108,111,/players/a/anderky01.html,/teams/MEM/2020.html
9,10,Ryan Anderson,PF,31,HOU,2,0,14,6.6,23.2,.286,3.3,16.6,.200,3.3,6.6,.500,0.0,0.0,,0.0,23.2,23.2,6.6,3.3,0.0,3.3,3.3,16.6,,79,98,/players/a/anderry01.html,/teams/HOU/2020.html
10,11,Giannis Antetokounmpo,PF,25,MIL,31,31,963,16.8,30.2,.554,2.5,7.6,.327,14.3,22.7,.630,9.1,15.2,.597,3.9,15.2,19.1,8.4,1.9,1.8,5.4,4.6,45.1,,117,96,/players/a/antetgi01.html,/teams/MIL/2020.html
11,12,Kostas Antetokounmpo,PF,22,LAL,2,0,3,0.0,0.0,,0.0,0.0,,0.0,0.0,,0.0,0.0,,0.0,16.0,16.0,0.0,0.0,0.0,0.0,0.0,0.0,,,106,/players/a/antetko01.html,/teams/LAL/2020.html
12,13,Thanasis Antetokounmpo,SF,27,MIL,8,0,40,10.3,17.2,.600,0.0,1.1,.000,10.3,16.0,.643,4.6,9.2,.500,5.7,1.1,6.9,6.9,1.1,1.1,3.4,5.7,25.2,,121,106,/players/a/antetth01.html,/teams/MIL/2020.html
13,14,Carmelo Anthony,PF,35,POR,18,18,561,9.1,21.8,.417,2.4,5.9,.400,6.7,15.9,.423,3.7,4.5,.815,1.8,7.8,9.6,1.8,1.8,1.2,3.1,4.7,24.2,,98,110,/players/a/anthoca01.html,/teams/POR/2020.html
14,15,OG Anunoby,SF,22,TOR,32,32,947,7.1,14.3,.493,2.1,6.1,.344,4.9,8.2,.605,1.5,2.4,.625,1.7,7.6,9.2,2.5,1.8,1.3,2.2,4.1,17.7,,108,104,/players/a/anunoog01.html,/teams/TOR/2020.html
15,16,Ryan Arcidiacono,PG,25,CHI,33,0,497,4.2,11.0,.383,2.7,6.6,.406,1.5,4.4,.348,1.7,2.3,.750,1.3,3.9,5.3,4.8,1.3,0.2,1.7,5.2,12.9,,110,109,/players/a/arcidry01.html,/teams/CHI/2020.html
16,17,Trevor Ariza,SF,34,SAC,24,0,568,3.9,10.6,.372,2.7,7.8,.348,1.2,2.8,.438,1.0,1.3,.800,1.4,7.9,9.3,2.9,2.1,0.5,1.8,3.8,11.6,,104,109,/players/a/arizatr01.html,/teams/SAC/2020.html
17,18,D.J. Augustin,PG,32,ORL,32,6,824,6.2,15.6,.395,2.2,6.5,.339,4.0,9.1,.435,4.5,5.0,.905,0.8,3.7,4.5,8.7,1.2,0.1,2.4,2.1,19.1,,113,112,/players/a/augusdj01.html,/teams/ORL/2020.html
18,19,Deandre Ayton,C,21,PHO,2,2,58,14.5,26.6,.545,0.0,0.0,,14.5,26.6,.545,0.0,0.8,.000,8.1,10.5,18.6,2.4,0.8,4.0,1.6,3.2,29.1,,111,106,/players/a/aytonde01.html,/teams/PHO/2020.html
19,20,Dwayne Bacon,SG,24,CHO,25,10,409,6.0,19.5,.309,1.2,5.4,.222,4.8,14.1,.342,2.9,4.2,.686,1.2,5.5,6.7,3.5,2.0,0.2,2.5,3.9,16.1,,81,113,/players/b/bacondw01.html,/teams/CHO/2020.html
21,21,Marvin Bagley,PF,20,SAC,9,3,212,11.7,25.5,.459,0.7,3.3,.214,11.0,22.2,.495,4.7,5.8,.800,4.2,10.3,14.5,1.4,0.9,1.9,3.0,6.1,28.8,,101,109,/players/b/baglema01.html,/teams/SAC/2020.html
22,22,Lonzo Ball,PG,22,NOP,26,17,737,6.6,17.3,.383,3.6,10.0,.361,3.0,7.3,.414,0.9,1.9,.500,1.9,6.5,8.4,8.5,2.0,0.4,4.3,3.0,17.9,,99,112,/players/b/balllo01.html,/teams/NOP/2020.html
23,23,Mo Bamba,C,21,ORL,28,0,436,7.5,16.7,.450,2.2,6.2,.364,5.3,10.6,.500,1.1,1.7,.667,4.7,11.5,16.2,1.9,1.0,4.2,3.1,6.2,18.4,,100,102,/players/b/bambamo01.html,/teams/ORL/2020.html
24,24,J.J. Barea,PG,35,DAL,8,0,111,12.6,27.3,.460,6.1,10.8,.560,6.5,16.5,.395,1.7,1.7,1.000,0.9,4.3,5.2,9.5,0.9,0.4,3.0,2.6,33.0,,119,112,/players/b/bareajo01.html,/teams/DAL/2020.html
25,25,Harrison Barnes,PF,27,SAC,33,33,1162,7.3,16.7,.439,1.9,5.5,.341,5.5,11.2,.487,5.1,6.3,.804,1.5,5.8,7.4,3.0,1.0,0.2,2.0,1.7,21.6,,112,114,/players/b/barneha02.html,/teams/SAC/2020.html
26,26,RJ Barrett,SG,19,NYK,32,32,1013,7.9,20.4,.389,1.7,5.4,.321,6.2,15.0,.413,3.6,6.4,.552,1.7,6.4,8.1,4.3,1.6,0.6,3.3,3.4,21.1,,92,113,/players/b/barrerj01.html,/teams/NYK/2020.html
27,27,Will Barton,SF,29,DEN,30,30,988,8.5,18.6,.460,2.4,6.5,.377,6.1,12.1,.504,2.5,3.4,.739,2.3,7.9,10.3,5.3,1.7,0.6,2.2,3.0,22.1,,113,105,/players/b/bartowi01.html,/teams/DEN/2020.html
28,28,Keita Bates-Diop,SF,24,MIN,19,0,334,6.4,14.0,.460,2.8,7.1,.392,3.6,6.9,.531,2.2,3.2,.696,1.3,5.3,6.6,1.1,1.1,1.0,0.8,2.2,17.9,,117,113,/players/b/bateske01.html,/teams/MIN/2020.html
29,29,Nicolas Batum,SF,31,CHO,16,2,357,2.8,7.4,.370,1.5,5.0,.306,1.2,2.5,.500,0.8,0.8,1.000,2.5,6.5,9.0,6.6,1.8,1.1,2.6,4.4,7.9,,107,112,/players/b/batumni01.html,/teams/CHO/2020.html
30,30,Aron Baynes,C,33,PHO,23,17,549,10.0,19.0,.525,2.9,7.8,.370,7.1,11.2,.634,2.7,3.8,.727,2.9,8.0,10.9,4.3,0.4,1.3,2.5,7.6,25.6,,118,112,/players/b/baynear01.html,/teams/PHO/2020.html
31,31,Kent Bazemore,SF,30,POR,33,11,812,5.2,14.3,.362,2.6,7.2,.363,2.6,7.1,.361,2.5,3.0,.827,0.6,6.9,7.5,2.7,1.9,1.5,2.9,5.5,15.5,,93,110,/players/b/bazemke01.html,/teams/POR/2020.html
32,32,Darius Bazley,PF,19,OKC,32,5,554,4.0,11.3,.357,1.9,6.2,.310,2.1,5.1,.414,1.1,1.8,.650,1.0,9.6,10.6,1.5,1.1,1.8,2.5,3.0,11.2,,83,107,/players/b/bazleda01.html,/teams/OKC/2020.html
33,33,Bradley Beal,SG,26,WAS,30,30,1099,12.0,27.5,.436,3.2,10.2,.317,8.8,17.3,.507,7.9,9.6,.828,1.4,4.7,6.1,8.4,1.4,0.4,4.3,3.1,35.2,,111,119,/players/b/bealbr01.html,/teams/WAS/2020.html
34,34,Malik Beasley,SG,23,DEN,25,0,397,8.1,20.4,.396,4.1,10.4,.393,4.0,9.9,.400,0.9,1.1,.778,0.7,3.9,4.6,3.1,1.4,0.5,2.6,3.5,21.1,,96,108,/players/b/beaslma01.html,/teams/DEN/2020.html
35,35,Marco Belinelli,SG,33,SAS,29,0,468,5.9,16.5,.356,2.9,8.5,.345,2.9,8.0,.367,2.2,3.0,.733,0.1,4.8,4.9,3.5,0.7,0.0,1.1,2.4,16.9,,99,116,/players/b/belinma01.html,/teams/SAS/2020.html
36,36,Jordan Bell,C,25,MIN,18,0,181,6.2,11.6,.533,0.0,1.3,.000,6.2,10.3,.600,4.1,6.5,.640,5.7,10.1,15.8,3.1,0.5,2.3,3.9,3.4,16.6,,108,110,/players/b/belljo01.html,/teams/MIN/2020.html
37,37,DeAndre' Bembry,SG,25,ATL,32,4,720,5.4,11.6,.467,0.8,3.0,.255,4.7,8.6,.541,1.3,2.5,.513,2.0,6.3,8.3,4.5,2.6,0.9,2.9,3.9,12.9,,98,112,/players/b/bembrde01.html,/teams/ATL/2020.html
38,38,Dragan Bender,SF,22,MIL,3,0,29,9.5,12.6,.750,3.2,6.3,.500,6.3,6.3,1.000,1.6,1.6,1.000,0.0,3.2,3.2,4.7,0.0,3.2,1.6,9.5,23.7,,158,105,/players/b/bendedr01.html,/teams/MIL/2020.html
39,39,Dāvis Bertāns,PF,27,WAS,28,4,839,7.8,17.5,.449,5.8,13.4,.434,2.0,4.1,.500,2.3,2.6,.894,1.4,6.2,7.6,2.7,1.0,1.0,1.2,4.0,23.8,,125,118,/players/b/bertada01.html,/teams/WAS/2020.html
40,40,Patrick Beverley,PG,31,LAC,29,29,839,4.9,11.9,.413,2.3,7.0,.328,2.6,4.9,.534,0.9,1.5,.593,2.2,7.6,9.7,5.3,2.2,1.1,2.1,5.4,13.0,,110,104,/players/b/beverpa01.html,/teams/LAC/2020.html
42,41,Khem Birch,C,27,ORL,19,11,409,3.6,7.7,.469,0.0,0.1,.000,3.6,7.5,.476,1.9,4.1,.471,4.3,7.3,11.6,2.4,1.3,1.7,1.6,5.5,9.1,,107,107,/players/b/birchkh01.html,/teams/ORL/2020.html
43,42,Goga Bitadze,C,20,IND,25,2,256,5.7,12.5,.455,0.8,3.0,.250,4.9,9.5,.520,2.8,4.0,.714,3.4,8.3,11.8,2.8,0.2,4.4,2.5,7.6,15.0,,105,104,/players/b/bitadgo01.html,/teams/IND/2020.html
44,43,Bismack Biyombo,C,27,CHO,33,18,622,8.2,14.2,.572,0.0,0.0,,8.2,14.2,.572,4.8,8.2,.592,6.1,8.8,14.9,2.4,0.5,2.1,1.7,5.8,21.1,,124,112,/players/b/biyombi01.html,/teams/CHO/2020.html
45,44,Nemanja Bjelica,PF,31,SAC,33,30,875,8.4,17.7,.476,3.5,8.2,.421,5.0,9.5,.524,1.6,1.9,.879,2.9,8.3,11.2,5.0,1.6,1.2,2.8,5.4,22.0,,116,109,/players/b/bjeline01.html,/teams/SAC/2020.html
46,45,Eric Bledsoe,PG,30,MIL,26,26,693,9.7,20.4,.477,2.1,6.2,.344,7.6,14.2,.535,4.3,5.3,.813,1.4,7.1,8.5,9.7,1.5,0.8,4.0,4.0,25.9,,114,103,/players/b/bledser01.html,/teams/MIL/2020.html
47,46,Bogdan Bogdanović,SG,27,SAC,28,0,795,9.2,21.8,.424,4.8,12.3,.391,4.4,9.5,.467,2.4,3.7,.661,0.6,4.7,5.2,6.4,2.0,0.4,3.6,3.5,25.7,,106,112,/players/b/bogdabo01.html,/teams/SAC/2020.html
48,47,Bojan Bogdanović,SF,30,UTA,31,31,1043,9.7,22.0,.441,4.5,10.4,.436,5.2,11.7,.447,5.8,6.5,.887,0.9,5.5,6.4,3.1,1.0,0.2,4.0,2.8,29.8,,108,109,/players/b/bogdabo02.html,/teams/UTA/2020.html
49,48,Jonah Bolden,PF,24,PHI,2,0,5,9.6,9.6,1.000,0.0,0.0,,9.6,9.6,1.000,0.0,19.3,.000,0.0,0.0,0.0,0.0,9.6,0.0,9.6,0.0,19.3,,46,93,/players/b/boldejo01.html,/teams/PHI/2020.html
50,49,Jordan Bone,PG,22,DET,3,0,6,16.1,40.4,.400,0.0,8.1,.000,16.1,32.3,.500,0.0,0.0,,0.0,0.0,0.0,0.0,0.0,0.0,16.1,16.1,32.3,,52,120,/players/b/bonejo01.html,/teams/DET/2020.html
51,50,Isaac Bonga,SF,20,WAS,26,19,410,3.8,8.4,.459,0.6,2.0,.278,3.3,6.3,.518,2.4,3.1,.778,2.5,5.7,8.1,3.4,1.9,0.6,1.8,6.2,10.6,,113,117,/players/b/bongais01.html,/teams/WAS/2020.html
52,51,Devin Booker,SG,23,PHO,29,29,1035,11.5,22.9,.504,2.5,7.0,.364,9.0,15.9,.565,6.7,7.5,.898,0.9,4.2,5.1,8.4,0.9,0.4,5.1,4.0,32.3,,112,114,/players/b/bookede01.html,/teams/PHO/2020.html
53,52,Chris Boucher,PF,27,TOR,30,0,387,7.9,16.9,.467,2.0,5.9,.333,5.9,11.0,.539,5.8,7.5,.770,6.9,8.8,15.7,1.7,1.1,3.0,1.4,6.0,23.5,,126,103,/players/b/bouchch01.html,/teams/TOR/2020.html
54,53,Brian Bowen,SG,21,IND,3,0,10,4.9,19.4,.250,0.0,4.9,.000,4.9,14.6,.333,0.0,0.0,,0.0,4.9,4.9,0.0,0.0,4.9,0.0,0.0,9.7,,54,106,/players/b/bowenbr02.html,/teams/IND/2020.html
55,54,Ky Bowman,PG,22,GSW,30,6,684,6.6,15.1,.435,2.0,5.3,.387,4.6,9.9,.461,1.5,1.7,.917,1.1,4.6,5.7,6.2,1.7,0.4,2.5,4.6,16.7,,105,114,/players/b/bowmaky01.html,/teams/GSW/2020.html
56,55,Avery Bradley,SG,29,LAL,19,14,454,6.6,15.5,.429,1.3,5.4,.235,5.4,10.1,.531,0.7,1.1,.700,1.2,3.9,5.1,2.5,1.7,0.1,2.5,5.0,15.3,,92,109,/players/b/bradlav01.html,/teams/LAL/2020.html
57,56,Tony Bradley,C,22,UTA,21,2,181,9.3,14.9,.625,0.0,0.0,,9.3,14.9,.625,2.9,4.2,.688,6.6,10.6,17.2,1.3,0.5,2.1,2.7,9.8,21.5,,123,105,/players/b/bradlto01.html,/teams/UTA/2020.html
58,57,Jarrell Brantley,PF,23,UTA,2,0,9,0.0,0.0,,0.0,0.0,,0.0,0.0,,0.0,0.0,,0.0,21.3,21.3,5.3,0.0,10.7,5.3,5.3,0.0,,47,89,/players/b/brantja01.html,/teams/UTA/2020.html
59,58,Ignas Brazdeikis,SF,21,NYK,8,0,48,5.1,20.3,.250,1.0,8.1,.125,4.1,12.2,.333,3.0,4.1,.750,2.0,3.0,5.1,2.0,0.0,1.0,2.0,3.0,14.2,,73,119,/players/b/brazdig01.html,/teams/NYK/2020.html
60,59,Mikal Bridges,SF,23,PHO,32,3,696,5.4,10.8,.500,1.1,3.6,.315,4.2,7.1,.594,3.0,3.7,.800,2.0,6.3,8.2,2.8,2.9,0.7,1.8,4.0,14.9,,116,108,/players/b/bridgmi01.html,/teams/PHO/2020.html
61,60,Miles Bridges,SF,21,CHO,35,35,1064,7.6,17.4,.439,2.4,6.9,.349,5.2,10.5,.498,1.9,2.5,.764,1.9,6.5,8.4,2.8,0.9,1.2,2.6,3.5,19.6,,102,114,/players/b/bridgmi02.html,/teams/CHO/2020.html
63,61,Oshae Brissett,SF,21,TOR,8,0,54,4.4,10.6,.417,0.9,2.6,.333,3.5,7.9,.444,0.0,0.0,,2.6,4.4,7.1,2.6,0.9,0.9,2.6,6.2,9.7,,90,109,/players/b/brissos01.html,/teams/TOR/2020.html
64,62,Ryan Broekhoff,SG,29,DAL,10,0,77,6.9,15.6,.440,6.3,12.5,.500,0.6,3.1,.200,3.1,3.8,.833,0.6,8.1,8.8,2.5,1.3,0.6,1.3,4.4,23.1,,130,109,/players/b/broekry01.html,/teams/DAL/2020.html
65,63,Malcolm Brogdon,PG,27,IND,26,26,816,10.2,22.5,.452,2.2,6.6,.333,8.0,15.9,.502,5.8,6.2,.933,1.0,6.0,7.0,11.8,1.4,0.3,4.2,3.2,28.4,,113,108,/players/b/brogdma01.html,/teams/IND/2020.html
66,64,Dillon Brooks,SG,24,MEM,34,34,942,8.5,21.0,.405,3.0,8.1,.366,5.5,12.9,.429,3.9,4.7,.832,1.7,4.1,5.7,3.4,1.8,0.6,2.8,6.4,23.9,,101,114,/players/b/brookdi01.html,/teams/MEM/2020.html
67,65,Bruce Brown,SG,23,DET,32,26,852,5.9,13.1,.452,1.1,3.1,.370,4.8,10.0,.477,2.3,3.7,.615,1.6,6.4,8.0,6.7,2.0,1.0,3.4,4.9,15.2,,103,111,/players/b/brownbr01.html,/teams/DET/2020.html
68,66,Charlie Brown,SG,22,ATL,4,0,16,2.9,8.7,.333,2.9,2.9,1.000,0.0,5.8,.000,11.6,11.6,1.000,5.8,2.9,8.7,0.0,0.0,2.9,0.0,0.0,20.3,,168,117,/players/b/brownch02.html,/teams/ATL/2020.html
69,67,Jaylen Brown,SF,23,BOS,27,27,906,11.0,21.3,.518,3.1,7.8,.400,7.9,13.5,.585,4.6,6.0,.752,1.4,8.6,10.1,3.4,1.6,0.5,2.9,4.4,29.7,,117,105,/players/b/brownja02.html,/teams/BOS/2020.html
70,68,Moses Brown,C,20,POR,4,0,15,9.4,22.0,.429,0.0,0.0,,9.4,22.0,.429,6.3,12.6,.500,6.3,22.0,28.3,0.0,3.1,0.0,3.1,12.6,25.2,,95,99,/players/b/brownmo01.html,/teams/POR/2020.html
71,69,Sterling Brown,SF,24,MIL,25,0,422,5.3,13.8,.386,2.4,7.2,.333,2.9,6.6,.443,2.2,2.9,.741,1.6,9.2,10.9,2.9,1.8,0.3,2.6,3.4,15.2,,98,101,/players/b/brownst02.html,/teams/MIL/2020.html
72,70,Troy Brown,SG,20,WAS,28,12,678,7.1,15.7,.452,1.2,4.1,.283,5.9,11.6,.512,2.5,3.3,.771,2.4,8.1,10.5,4.4,2.6,0.3,2.1,3.3,17.9,,108,114,/players/b/browntr01.html,/teams/WAS/2020.html
73,71,Jalen Brunson,PG,23,DAL,32,7,564,8.7,18.2,.479,2.1,6.2,.342,6.6,12.0,.550,2.6,3.5,.756,1.4,5.7,7.1,9.8,1.2,0.1,3.3,3.6,22.2,,116,111,/players/b/brunsja01.html,/teams/DAL/2020.html
74,72,Thomas Bryant,C,22,WAS,18,18,511,9.2,16.7,.549,0.9,3.2,.286,8.3,13.5,.611,3.5,4.8,.736,3.8,10.1,13.9,4.4,0.7,1.6,2.2,4.0,22.8,,122,116,/players/b/bryanth01.html,/teams/WAS/2020.html
75,73,Trey Burke,PG,27,PHI,16,0,237,8.5,18.3,.467,2.4,5.3,.462,6.1,13.0,.469,2.2,2.8,.786,2.4,3.1,5.5,8.1,1.4,0.2,1.6,2.8,21.8,,122,109,/players/b/burketr01.html,/teams/PHI/2020.html
76,74,Alec Burks,SG,28,GSW,31,12,901,8.6,20.2,.426,2.5,7.2,.348,6.1,13.0,.469,5.8,6.6,.887,1.1,6.2,7.3,4.9,2.1,0.5,2.4,3.6,25.6,,111,112,/players/b/burksal01.html,/teams/GSW/2020.html
77,75,Deonte Burton,SG,26,OKC,17,0,153,5.4,15.9,.340,1.6,7.6,.208,3.8,8.3,.462,1.0,1.6,.600,1.3,6.7,8.0,1.9,0.3,1.0,1.3,4.8,13.4,,85,111,/players/b/burtode02.html,/teams/OKC/2020.html
78,76,Jimmy Butler,SF,30,MIA,28,28,991,8.1,19.1,.426,1.2,4.3,.276,6.9,14.8,.469,10.7,12.9,.830,2.9,6.2,9.1,9.1,2.8,0.8,3.5,1.9,28.1,,120,105,/players/b/butleji01.html,/teams/MIA/2020.html
79,77,Bruno Caboclo,SF,24,MEM,21,0,190,6.9,16.7,.412,1.0,6.1,.160,5.9,10.6,.558,0.5,0.7,.667,4.2,6.6,10.8,2.5,2.5,2.9,1.7,5.6,15.2,,98,108,/players/c/cabocbr01.html,/teams/MEM/2020.html
80,78,Kentavious Caldwell-Pope,SG,26,LAL,33,19,838,6.5,13.7,.475,2.6,6.1,.430,3.9,7.6,.511,2.1,2.7,.787,1.1,3.0,4.1,3.4,1.5,0.4,1.8,3.4,17.8,,117,109,/players/c/caldwke01.html,/teams/LAL/2020.html
81,79,Vlatko Čančar,SF,22,DEN,3,0,5,0.0,9.9,.000,0.0,0.0,,0.0,9.9,.000,19.7,19.7,1.000,9.9,0.0,9.9,9.9,0.0,0.0,0.0,0.0,19.7,,152,114,/players/c/cancavl01.html,/teams/DEN/2020.html
82,80,Clint Capela,C,25,HOU,27,27,907,8.7,13.5,.642,0.0,0.0,,8.7,13.5,.642,1.7,3.6,.486,5.5,14.3,19.8,1.6,1.2,2.7,2.4,3.8,19.1,,123,104,/players/c/capelca01.html,/teams/HOU/2020.html
84,81,DeMarre Carroll,SF,33,SAS,13,0,131,3.3,10.1,.321,1.1,4.7,.231,2.2,5.4,.400,4.0,6.5,.611,2.5,8.3,10.9,3.6,0.7,0.7,3.6,6.9,11.6,,88,113,/players/c/carrode01.html,/teams/SAS/2020.html
85,82,Jevon Carter,PG,24,PHO,22,2,314,4.5,12.1,.370,2.4,6.9,.348,2.1,5.2,.400,0.9,1.2,.750,1.6,5.1,6.7,5.5,3.0,0.9,2.5,5.1,12.2,,99,108,/players/c/carteje01.html,/teams/PHO/2020.html
86,83,Vince Carter,SF,43,ATL,27,0,419,5.8,16.8,.344,3.2,11.1,.290,2.6,5.7,.451,1.1,1.7,.667,0.6,5.2,5.8,3.0,0.9,1.1,1.8,4.9,15.9,,91,116,/players/c/cartevi01.html,/teams/ATL/2020.html
87,84,Wendell Carter,C,20,CHI,33,33,991,7.2,13.1,.548,0.2,1.1,.227,6.9,12.0,.576,4.1,5.7,.720,5.4,10.1,15.5,1.8,1.2,1.4,2.5,6.3,18.7,,117,104,/players/c/cartewe01.html,/teams/CHI/2020.html
88,85,Michael Carter-Williams,SG,28,ORL,19,0,310,5.5,14.7,.376,1.1,4.7,.233,4.4,9.9,.444,3.5,4.9,.710,2.8,6.6,9.5,6.0,3.2,1.3,2.7,4.3,15.6,,100,104,/players/c/cartemi01.html,/teams/ORL/2020.html
89,86,Alex Caruso,PG,25,LAL,31,0,619,4.7,10.9,.433,1.6,4.9,.333,3.1,6.0,.513,2.2,2.9,.763,0.6,4.4,5.0,4.2,2.6,0.6,2.2,3.8,13.3,,106,106,/players/c/carusal01.html,/teams/LAL/2020.html
90,87,Willie Cauley-Stein,C,26,GSW,31,30,724,7.5,13.2,.570,0.0,0.0,,7.5,13.2,.570,1.7,2.7,.610,3.1,9.7,12.8,2.9,2.5,2.9,2.0,5.7,16.7,,113,106,/players/c/caulewi01.html,/teams/GSW/2020.html
91,88,Tyson Chandler,C,37,HOU,22,5,192,3.4,4.3,.778,0.0,0.0,,3.4,4.3,.778,1.4,3.1,.462,5.3,9.4,14.7,1.4,1.4,1.9,1.7,6.3,8.2,,136,107,/players/c/chandty01.html,/teams/HOU/2020.html
92,89,Wilson Chandler,SF,32,BRK,6,0,120,5.5,13.7,.400,0.8,6.6,.118,4.7,7.0,.667,0.8,0.8,1.000,0.4,10.2,10.6,3.1,1.6,0.4,2.7,3.9,12.5,,85,106,/players/c/chandwi01.html,/teams/BRK/2020.html
93,90,Zylan Cheatham,SF,24,NOP,2,0,20,2.3,9.3,.250,0.0,2.3,.000,2.3,7.0,.333,0.0,0.0,,0.0,7.0,7.0,2.3,0.0,0.0,2.3,7.0,4.7,,53,117,/players/c/cheatzy01.html,/teams/NOP/2020.html
94,91,Chris Chiozza,PG,24,WAS,10,0,123,3.8,12.8,.294,2.6,6.0,.438,1.1,6.8,.167,0.0,0.0,,0.0,5.7,5.7,10.5,3.8,0.8,3.4,4.5,10.2,,91,112,/players/c/chiozch01.html,/teams/WAS/2020.html
95,92,Marquese Chriss,PF,22,GSW,33,1,566,7.3,14.8,.491,0.3,1.8,.190,6.9,13.0,.532,5.7,7.1,.798,4.8,9.9,14.7,4.8,1.6,2.5,4.1,5.3,20.6,,110,109,/players/c/chrisma01.html,/teams/GSW/2020.html
96,93,Gary Clark,PF,25,HOU,17,0,208,4.9,12.9,.379,3.8,11.1,.340,1.1,1.8,.625,1.3,1.6,.857,2.5,6.2,8.7,2.7,0.4,1.6,0.4,4.7,14.9,,126,112,/players/c/clarkga01.html,/teams/HOU/2020.html
97,94,Brandon Clarke,PF,23,MEM,28,2,602,12.1,18.7,.647,1.2,2.7,.457,10.8,16.0,.680,2.8,3.6,.766,3.0,8.9,11.9,3.1,0.9,1.9,2.2,3.5,28.2,,128,112,/players/c/clarkbr01.html,/teams/MEM/2020.html
98,95,Jordan Clarkson,SG,27,TOT,31,0,711,10.5,23.9,.442,4.2,11.5,.361,6.4,12.4,.516,5.4,6.3,.870,1.5,3.5,5.0,4.9,1.2,0.5,2.7,2.5,30.7,,115,116,/players/c/clarkjo01.html,NO LINK
99,95,Jordan Clarkson,SG,27,CLE,29,0,666,10.5,23.7,.442,4.3,11.6,.371,6.2,12.1,.509,5.5,6.3,.884,1.5,3.5,5.0,5.1,1.2,0.6,2.8,2.4,30.7,,116,116,/players/c/clarkjo01.html,/teams/CLE/2020.html
100,95,Jordan Clarkson,G,27,UTA,2,0,45,11.7,26.7,.440,2.1,10.7,.200,9.6,16.0,.600,4.3,6.4,.667,1.1,3.2,4.3,2.1,1.1,0.0,1.1,4.3,29.9,,103,111,/players/c/clarkjo01.html,/teams/UTA/2020.html
101,96,Nicolas Claxton,PF,20,BRK,9,0,119,4.3,8.3,.524,0.0,2.0,.000,4.3,6.3,.688,2.0,4.7,.417,3.2,5.5,8.7,4.3,0.4,2.0,2.4,3.9,10.6,,106,110,/players/c/claxtni01.html,/teams/BRK/2020.html
102,97,Chris Clemons,SG,22,HOU,21,0,198,9.4,22.0,.426,6.8,17.6,.387,2.6,4.4,.579,0.7,0.9,.750,0.5,3.3,3.7,3.5,1.4,0.9,2.3,4.0,26.2,,112,112,/players/c/clemoch01.html,/teams/HOU/2020.html
103,98,John Collins,PF,22,ATL,8,8,255,11.3,22.1,.512,2.6,6.6,.389,8.8,15.5,.565,3.1,4.0,.773,3.1,11.1,14.2,2.2,1.5,3.3,2.0,4.7,28.3,,115,108,/players/c/collijo01.html,/teams/ATL/2020.html
104,99,Zach Collins,PF,22,POR,3,3,86,4.9,10.4,.474,1.6,3.8,.429,3.3,6.6,.500,3.3,3.3,1.000,2.2,4.4,6.6,3.3,0.0,1.1,3.3,6.0,14.8,,112,116,/players/c/colliza01.html,/teams/POR/2020.html
105,100,Mike Conley,PG,32,UTA,22,22,647,7.3,20.1,.365,3.0,8.2,.360,4.4,11.9,.369,4.5,5.6,.803,1.2,4.2,5.4,7.6,1.2,0.3,3.3,3.6,22.2,,102,109,/players/c/conlemi01.html,/teams/UTA/2020.html
107,101,Pat Connaughton,SG,27,MIL,32,0,558,4.9,11.2,.441,1.7,5.8,.300,3.2,5.4,.591,1.3,1.9,.696,1.6,9.2,10.8,5.2,0.9,1.3,1.8,2.5,12.9,,113,102,/players/c/connapa01.html,/teams/MIL/2020.html
108,102,Quinn Cook,PG,26,LAL,22,0,286,7.2,17.4,.413,2.0,6.4,.316,5.2,11.1,.470,0.7,0.8,.800,0.7,3.5,4.2,5.2,1.0,0.2,3.2,2.3,17.1,,94,110,/players/c/cookqu01.html,/teams/LAL/2020.html
109,103,Tyler Cook,PF,22,CLE,6,0,17,14.2,17.1,.833,0.0,0.0,,14.2,17.1,.833,5.7,5.7,1.000,8.5,5.7,14.2,0.0,2.8,0.0,2.8,2.8,34.2,,154,112,/players/c/cookty01.html,/teams/CLE/2020.html
110,104,Robert Covington,PF,29,MIN,30,29,845,7.0,16.2,.430,3.3,9.9,.330,3.7,6.3,.588,2.9,3.4,.855,1.2,7.9,9.1,1.8,2.4,1.5,2.6,5.2,20.2,,105,108,/players/c/covinro01.html,/teams/MIN/2020.html
111,105,Allen Crabbe,SG,27,ATL,20,1,389,5.0,13.0,.385,2.6,8.7,.301,2.4,4.3,.556,1.1,1.4,.750,1.0,4.9,5.9,2.4,1.6,0.4,1.2,2.6,13.8,,102,116,/players/c/crabbal01.html,/teams/ATL/2020.html
112,106,Torrey Craig,SF,29,DEN,22,2,267,4.6,11.8,.391,1.3,5.5,.233,3.3,6.3,.529,1.3,2.4,.538,2.6,5.9,8.5,2.8,1.3,2.4,1.5,6.7,11.8,,100,105,/players/c/craigto01.html,/teams/DEN/2020.html
113,107,Jae Crowder,SF,29,MEM,32,32,986,5.1,14.0,.364,2.8,9.6,.292,2.3,4.5,.516,2.3,3.0,.750,1.3,8.0,9.3,4.3,1.3,0.5,2.0,3.0,15.3,,102,113,/players/c/crowdja01.html,/teams/MEM/2020.html
114,108,Jarrett Culver,SG,20,MIN,30,17,661,6.5,18.0,.362,1.7,7.1,.240,4.8,10.9,.442,1.7,4.1,.414,2.3,4.4,6.7,4.0,1.9,1.3,2.5,4.2,16.4,,89,112,/players/c/culveja01.html,/teams/MIN/2020.html
115,109,Seth Curry,SG,29,DAL,30,9,653,7.3,16.3,.448,3.8,9.5,.395,3.5,6.8,.522,3.0,3.2,.932,0.9,3.5,4.4,3.9,1.3,0.3,2.4,3.8,21.4,,116,112,/players/c/curryse01.html,/teams/DAL/2020.html
116,110,Stephen Curry,PG,31,GSW,4,4,112,11.5,28.2,.409,3.8,15.8,.243,7.7,12.4,.621,7.7,7.7,1.000,1.7,6.8,8.6,11.1,2.1,0.9,6.4,4.3,34.6,,105,111,/players/c/curryst01.html,/teams/GSW/2020.html
117,111,Troy Daniels,SG,28,LAL,24,0,304,6.1,15.9,.386,3.9,11.5,.342,2.2,4.4,.500,0.6,1.1,.571,0.6,3.8,4.4,1.3,1.1,0.2,0.9,2.7,16.9,,103,110,/players/d/danietr01.html,/teams/LAL/2020.html
118,112,Anthony Davis,PF,26,LAL,31,31,1089,13.1,26.1,.500,1.5,5.1,.287,11.6,21.1,.551,9.7,11.4,.853,3.3,9.4,12.7,4.5,2.0,3.4,3.3,3.5,37.3,,120,100,/players/d/davisan02.html,/teams/LAL/2020.html
119,113,Ed Davis,C,30,UTA,19,0,219,2.4,6.1,.393,0.0,0.0,,2.4,6.1,.393,0.9,2.0,.444,4.6,13.2,17.8,1.8,2.0,1.8,2.6,10.1,5.7,,91,100,/players/d/davised01.html,/teams/UTA/2020.html
120,114,Terence Davis,SG,22,TOR,33,0,549,6.9,14.7,.467,3.3,8.3,.400,3.6,6.4,.554,2.0,2.1,.958,1.8,7.0,8.9,5.4,1.5,0.5,2.4,4.5,19.0,,118,106,/players/d/daviste02.html,/teams/TOR/2020.html
121,115,Dewayne Dedmon,C,30,SAC,23,4,312,7.0,16.7,.419,1.7,7.6,.229,5.2,9.1,.579,1.7,2.1,.846,4.1,9.9,14.0,1.3,1.4,1.9,5.1,8.7,17.5,,87,108,/players/d/dedmode01.html,/teams/SAC/2020.html
122,116,Matthew Dellavedova,PG,29,CLE,30,0,399,3.5,11.0,.319,0.7,6.1,.120,2.8,5.0,.561,2.5,2.7,.955,1.5,3.8,5.2,9.6,1.5,0.1,2.9,5.6,10.3,,100,116,/players/d/dellama01.html,/teams/CLE/2020.html
123,117,DeMar DeRozan,SF,30,SAS,31,31,1043,11.5,22.1,.520,0.2,0.9,.263,11.3,21.3,.530,6.5,8.1,.809,0.7,6.8,7.5,7.0,1.3,0.5,3.6,4.1,29.8,,112,113,/players/d/derozde01.html,/teams/SAS/2020.html
124,118,Cheick Diallo,C,23,PHO,21,0,202,10.4,15.1,.692,0.2,0.2,1.000,10.2,14.8,.688,4.2,4.9,.857,3.5,10.4,13.9,2.5,0.5,0.9,2.8,5.1,25.3,,130,111,/players/d/diallch01.html,/teams/PHO/2020.html
125,119,Hamidou Diallo,SF,21,OKC,12,1,256,8.8,17.5,.500,0.4,2.5,.154,8.4,15.0,.557,2.1,3.4,.611,2.7,6.1,8.8,1.9,3.4,0.8,2.7,5.5,20.0,,100,105,/players/d/diallha01.html,/teams/OKC/2020.html
126,120,Gorgui Dieng,C,30,MIN,27,8,438,6.7,15.5,.434,2.2,6.5,.344,4.5,9.0,.500,3.1,4.0,.784,4.0,10.9,14.9,2.9,2.7,2.8,2.2,5.1,18.8,,112,104,/players/d/dienggo01.html,/teams/MIN/2020.html
128,121,Spencer Dinwiddie,SG,26,BRK,31,20,951,11.3,26.5,.428,2.9,9.8,.298,8.4,16.8,.503,8.9,11.0,.807,0.3,4.2,4.6,9.6,1.2,0.6,4.3,5.0,34.5,,111,110,/players/d/dinwisp01.html,/teams/BRK/2020.html
129,122,Donte DiVincenzo,SG,23,MIL,31,18,691,6.5,14.9,.438,2.3,7.0,.333,4.2,7.9,.529,1.9,2.4,.806,1.8,7.5,9.3,4.6,3.2,0.5,2.5,3.6,17.3,,108,99,/players/d/divindo01.html,/teams/MIL/2020.html
130,123,Luka Dončić,PG,20,DAL,28,28,897,13.9,29.2,.474,4.4,13.6,.324,9.4,15.6,.605,11.2,13.7,.813,2.0,12.2,14.2,13.5,1.9,0.2,6.5,3.4,43.3,,120,106,/players/d/doncilu01.html,/teams/DAL/2020.html
131,124,Luguentz Dort,SG,20,OKC,7,0,115,3.4,10.6,.320,0.4,5.9,.071,3.0,4.7,.636,2.5,4.2,.600,0.4,3.8,4.2,1.3,0.8,0.0,1.3,7.6,9.7,,80,113,/players/d/dortlu01.html,/teams/OKC/2020.html
132,125,Damyean Dotson,SG,25,NYK,29,0,496,6.6,16.3,.404,3.1,9.9,.317,3.4,6.4,.538,1.6,2.3,.696,0.4,4.5,4.9,3.8,1.3,0.4,1.3,2.3,17.9,,108,116,/players/d/dotsoda01.html,/teams/NYK/2020.html
133,126,Sekou Doumbouya,SF,19,DET,6,0,22,8.8,24.2,.364,0.0,6.6,.000,8.8,17.6,.500,2.2,6.6,.333,0.0,8.8,8.8,0.0,2.2,0.0,2.2,6.6,19.8,,69,111,/players/d/doumbse01.html,/teams/DET/2020.html
134,127,Goran Dragić,PG,33,MIA,22,1,636,9.2,20.3,.455,3.7,9.2,.405,5.5,11.1,.497,4.7,6.6,.721,0.6,4.7,5.3,8.5,1.1,0.5,4.2,2.9,26.9,,111,110,/players/d/dragigo01.html,/teams/MIA/2020.html
135,128,Andre Drummond,C,26,DET,31,30,1045,10.8,19.5,.551,0.0,0.7,.000,10.8,18.8,.573,4.3,7.0,.612,6.3,16.6,22.9,4.0,2.7,2.5,5.0,5.2,25.8,,107,102,/players/d/drumman01.html,/teams/DET/2020.html
136,129,Jared Dudley,SF,34,LAL,23,1,180,2.9,7.5,.393,2.7,5.1,.526,0.3,2.4,.111,0.5,0.5,1.000,0.8,4.5,5.3,3.7,2.1,0.3,0.8,5.3,9.1,,126,107,/players/d/dudleja01.html,/teams/LAL/2020.html
137,130,Kris Dunn,PG,25,CHI,33,14,779,5.9,13.8,.431,1.0,4.2,.232,5.0,9.5,.519,1.2,1.8,.690,1.0,5.8,6.9,6.5,4.2,0.7,2.3,7.0,14.1,,102,101,/players/d/dunnkr01.html,/teams/CHI/2020.html
138,131,Carsen Edwards,SG,21,BOS,24,0,246,5.3,17.0,.314,3.4,10.4,.321,2.0,6.5,.303,2.2,2.6,.846,1.0,6.3,7.3,3.4,1.6,0.4,2.6,4.5,16.2,,91,106,/players/e/edwarca01.html,/teams/BOS/2020.html
139,132,Henry Ellenson,PF,23,BRK,4,0,14,3.3,23.4,.143,0.0,13.4,.000,3.3,10.0,.333,0.0,0.0,,6.7,6.7,13.4,0.0,0.0,0.0,0.0,3.3,6.7,,52,112,/players/e/ellenhe01.html,/teams/BRK/2020.html
140,133,Wayne Ellington,SG,32,NYK,18,1,257,4.9,15.3,.321,4.0,13.1,.304,0.9,2.3,.417,0.8,1.1,.667,0.2,5.3,5.5,3.0,0.9,0.4,2.3,3.8,14.6,,90,116,/players/e/ellinwa01.html,/teams/NYK/2020.html
141,134,Joel Embiid,C,25,PHI,29,29,897,12.0,25.3,.477,2.0,6.0,.339,10.0,19.2,.520,10.8,13.0,.834,4.1,15.3,19.4,4.9,1.2,2.2,4.7,5.4,36.9,,115,101,/players/e/embiijo01.html,/teams/PHI/2020.html
142,135,James Ennis,SF,29,PHI,35,0,616,6.5,14.1,.461,2.5,6.7,.372,4.0,7.4,.543,3.1,4.0,.765,3.2,6.3,9.6,2.7,1.2,0.9,1.7,5.3,18.6,,119,107,/players/e/ennisja01.html,/teams/PHI/2020.html
143,136,Drew Eubanks,PF,22,SAS,5,0,34,11.2,18.1,.615,0.0,0.0,,11.2,18.1,.615,1.4,1.4,1.000,8.4,13.9,22.3,2.8,0.0,1.4,5.6,5.6,23.7,,110,111,/players/e/eubandr01.html,/teams/SAS/2020.html
144,137,Jacob Evans,SG,22,GSW,13,0,177,5.1,16.8,.306,1.9,4.3,.438,3.2,12.4,.261,3.2,3.5,.923,0.8,3.8,4.6,3.2,0.5,1.1,3.8,5.1,15.4,,80,116,/players/e/evansja02.html,/teams/GSW/2020.html
145,138,Dante Exum,SG,24,TOT,13,0,114,6.8,13.9,.485,1.3,3.4,.375,5.5,10.6,.520,2.5,3.4,.750,1.3,5.1,6.3,3.4,1.7,0.8,5.5,3.8,17.3,,89,109,/players/e/exumda01.html,NO LINK
146,138,Dante Exum,SG,24,UTA,11,0,83,5.8,13.3,.435,1.2,3.5,.333,4.6,9.8,.471,1.2,1.2,1.000,1.7,5.2,6.9,4.1,0.6,1.2,5.8,4.6,13.9,,82,109,/players/e/exumda01.html,/teams/UTA/2020.html
147,138,Dante Exum,G,24,CLE,2,0,31,9.4,15.6,.600,1.6,3.1,.500,7.8,12.5,.625,6.2,9.4,.667,0.0,4.7,4.7,1.6,4.7,0.0,4.7,1.6,26.5,,107,109,/players/e/exumda01.html,/teams/CLE/2020.html
148,139,Tacko Fall,C,24,BOS,3,0,11,26.5,35.3,.750,0.0,0.0,,26.5,35.3,.750,4.4,8.8,.500,0.0,30.9,30.9,0.0,0.0,8.8,13.2,13.2,57.3,,91,84,/players/f/fallta01.html,/teams/BOS/2020.html
149,140,Derrick Favors,C,28,NOP,18,16,415,7.9,14.1,.560,0.1,0.3,.333,7.8,13.7,.566,1.0,2.1,.474,7.0,13.4,20.4,4.6,1.1,1.7,2.9,4.8,16.9,,117,108,/players/f/favorde01.html,/teams/NOP/2020.html
151,141,Terrance Ferguson,SF,21,OKC,26,26,699,3.3,8.5,.385,2.2,6.6,.326,1.1,1.9,.593,0.5,0.6,.778,1.2,2.4,3.6,1.8,1.0,0.4,1.4,6.2,9.2,,101,113,/players/f/fergute01.html,/teams/OKC/2020.html
152,142,Bruno Fernando,C,21,ATL,32,5,380,6.0,12.4,.485,0.5,2.8,.174,5.5,9.5,.577,2.3,3.9,.594,4.3,8.0,12.2,3.9,1.1,1.3,3.5,6.7,14.8,,101,113,/players/f/fernabr01.html,/teams/ATL/2020.html
153,143,Yogi Ferrell,PG,26,SAC,25,0,355,6.7,15.8,.425,1.5,5.7,.268,5.2,10.1,.514,3.9,4.5,.875,0.6,4.3,4.9,6.3,1.4,0.4,2.7,3.1,18.9,,108,113,/players/f/ferreyo01.html,/teams/SAC/2020.html
154,144,Dorian Finney-Smith,PF,26,DAL,32,29,912,5.5,11.2,.491,2.4,6.2,.393,3.1,5.0,.611,1.8,2.5,.708,3.0,5.8,8.8,2.4,1.1,0.8,1.6,3.4,15.2,,124,110,/players/f/finnedo01.html,/teams/DAL/2020.html
155,145,Bryn Forbes,SG,26,SAS,31,31,801,7.5,18.2,.410,4.1,11.2,.363,3.4,6.9,.487,2.4,2.7,.870,0.5,4.0,4.4,3.3,0.8,0.0,1.5,3.3,21.4,,109,116,/players/f/forbebr01.html,/teams/SAS/2020.html
156,146,Evan Fournier,SG,27,ORL,32,32,984,10.9,22.7,.480,4.3,10.2,.420,6.6,12.5,.530,4.8,5.9,.814,0.2,4.1,4.3,5.2,1.6,0.2,3.0,3.7,30.8,,114,111,/players/f/fournev01.html,/teams/ORL/2020.html
157,147,De'Aaron Fox,PG,22,SAC,15,13,443,10.4,22.0,.472,1.7,5.4,.313,8.7,16.7,.523,7.1,10.1,.700,1.6,4.9,6.5,11.4,1.8,0.6,5.8,4.8,29.5,,108,112,/players/f/foxde01.html,/teams/SAC/2020.html
158,148,Melvin Frazier,SG,23,ORL,7,0,19,7.7,25.8,.300,5.2,10.3,.500,2.6,15.5,.167,2.6,5.2,.500,2.6,2.6,5.2,2.6,2.6,0.0,0.0,7.7,23.2,,95,109,/players/f/frazime01.html,/teams/ORL/2020.html
159,149,Tim Frazier,PG,29,DET,19,7,248,5.1,13.5,.377,2.0,4.7,.417,3.1,8.8,.356,3.5,4.3,.818,1.0,2.7,3.7,13.5,2.0,0.4,3.5,6.1,15.6,,114,114,/players/f/fraziti01.html,/teams/DET/2020.html
160,150,Markelle Fultz,PG,21,ORL,31,26,812,8.7,18.8,.466,0.8,3.1,.269,7.9,15.6,.506,3.1,4.2,.739,0.7,4.5,5.2,8.0,2.0,0.4,3.6,3.8,21.4,,102,109,/players/f/fultzma01.html,/teams/ORL/2020.html
161,151,Wenyen Gabriel,PF,22,SAC,8,0,49,5.1,16.2,.313,1.0,8.1,.125,4.0,8.1,.500,5.1,9.1,.556,4.0,4.0,8.1,3.0,2.0,2.0,3.0,6.1,16.2,,88,110,/players/g/gabriwe01.html,/teams/SAC/2020.html
162,152,Daniel Gafford,C,21,CHI,23,0,256,8.0,11.2,.717,0.0,0.0,,8.0,11.2,.717,2.4,4.7,.520,3.7,4.1,7.8,1.1,0.2,5.2,1.3,7.4,18.4,,133,105,/players/g/gaffoda01.html,/teams/CHI/2020.html
163,153,Danilo Gallinari,PF,31,OKC,27,27,823,8.9,20.5,.432,4.4,11.2,.395,4.4,9.3,.478,6.6,7.3,.903,0.8,8.2,9.1,3.5,1.1,0.2,2.3,2.3,28.8,,117,109,/players/g/gallida01.html,/teams/OKC/2020.html
164,154,Langston Galloway,SG,28,DET,33,6,872,6.8,15.4,.439,4.1,9.9,.413,2.7,5.5,.485,2.9,3.3,.898,0.8,3.2,4.0,2.6,1.2,0.4,1.3,2.3,20.6,,120,116,/players/g/gallola01.html,/teams/DET/2020.html
165,155,Darius Garland,PG,20,CLE,32,32,902,7.4,18.6,.399,3.0,8.1,.371,4.4,10.5,.421,1.6,1.8,.853,0.8,2.7,3.5,5.0,1.2,0.0,4.5,2.6,19.4,,92,118,/players/g/garlada01.html,/teams/CLE/2020.html
166,156,Marc Gasol,C,35,TOR,27,27,762,3.9,10.8,.364,1.9,5.5,.352,2.0,5.3,.376,1.3,1.8,.750,1.4,9.8,11.2,5.8,1.4,1.9,2.1,5.3,11.1,,104,103,/players/g/gasolma01.html,/teams/TOR/2020.html
167,157,Rudy Gay,PF,33,SAS,31,5,706,8.4,18.4,.456,2.2,6.9,.320,6.2,11.5,.538,3.8,4.4,.877,2.2,10.2,12.4,3.9,1.1,1.4,3.3,3.0,22.8,,106,111,/players/g/gayru01.html,/teams/SAS/2020.html
168,158,Paul George,SF,29,LAC,23,23,717,11.6,26.9,.431,5.5,13.9,.394,6.1,13.0,.470,6.8,7.5,.913,0.7,8.2,8.9,5.3,2.1,0.8,5.0,3.7,35.5,,109,104,/players/g/georgpa01.html,/teams/LAC/2020.html
169,159,Taj Gibson,C,34,NYK,30,24,481,6.1,12.7,.476,0.2,1.0,.200,5.9,11.7,.500,0.9,1.7,.529,5.4,7.9,13.3,3.4,1.8,1.2,2.4,6.6,13.3,,105,111,/players/g/gibsota01.html,/teams/NYK/2020.html
170,160,Harry Giles,PF,21,SAC,8,0,69,10.8,23.0,.469,0.0,0.0,,10.8,23.0,.469,3.6,4.3,.833,2.2,5.0,7.2,5.7,2.2,2.9,3.6,12.9,25.1,,101,107,/players/g/gilesha01.html,/teams/SAC/2020.html
172,161,Shai Gilgeous-Alexander,SG,21,OKC,32,32,1131,9.9,21.7,.456,1.9,5.1,.364,8.1,16.6,.484,5.6,6.9,.807,0.9,6.0,6.9,3.9,1.6,0.6,2.9,2.4,27.3,,106,109,/players/g/gilgesh01.html,/teams/OKC/2020.html
173,162,Rudy Gobert,C,27,UTA,30,30,1037,8.0,11.6,.688,0.0,0.0,,8.0,11.6,.688,4.8,7.8,.609,5.0,14.6,19.5,2.0,1.0,2.6,2.9,4.2,20.7,,127,101,/players/g/goberru01.html,/teams/UTA/2020.html
174,163,Brandon Goodwin,PG,24,ATL,4,0,32,2.9,17.4,.167,1.5,8.7,.167,1.5,8.7,.167,0.0,0.0,,1.5,4.4,5.8,4.4,1.5,1.5,2.9,4.4,7.3,,54,115,/players/g/goodwbr01.html,/teams/ATL/2020.html
175,164,Aaron Gordon,PF,24,ORL,29,29,903,7.8,19.2,.404,1.8,6.1,.292,6.0,13.1,.456,3.5,4.9,.703,2.8,8.5,11.2,4.5,1.0,1.0,2.4,3.2,20.8,,101,108,/players/g/gordoaa01.html,/teams/ORL/2020.html
176,165,Eric Gordon,SG,31,HOU,10,3,287,6.5,19.7,.328,4.0,13.1,.309,2.4,6.6,.366,2.1,3.6,.591,0.6,2.3,2.9,1.6,1.0,0.3,2.4,3.4,19.1,,88,115,/players/g/gordoer01.html,/teams/HOU/2020.html
177,166,Devonte' Graham,PG,24,CHO,35,25,1215,8.6,22.7,.379,5.3,13.5,.392,3.3,9.2,.358,4.6,5.7,.801,1.4,4.1,5.5,10.9,1.2,0.4,4.2,2.7,27.1,,110,116,/players/g/grahade01.html,/teams/CHO/2020.html
178,167,Treveon Graham,SG,26,MIN,29,20,612,4.4,12.5,.350,1.4,6.0,.231,3.0,6.5,.459,1.9,2.7,.714,2.1,5.0,7.1,2.0,1.2,0.2,1.2,4.6,12.0,,97,114,/players/g/grahatr01.html,/teams/MIN/2020.html
179,168,Jerami Grant,PF,25,DEN,32,3,753,7.5,16.3,.462,2.9,7.0,.411,4.7,9.3,.500,3.3,5.0,.662,1.0,5.8,6.7,1.8,1.0,1.4,1.8,3.9,21.3,,110,107,/players/g/grantje01.html,/teams/DEN/2020.html
180,169,Josh Gray,PG,26,NOP,2,0,23,2.0,4.1,.500,0.0,0.0,,2.0,4.1,.500,0.0,0.0,,2.0,2.0,4.1,4.1,0.0,0.0,10.1,2.0,4.1,,47,120,/players/g/grayjo01.html,/teams/NOP/2020.html
181,170,Danny Green,SG,32,LAL,33,33,837,5.5,13.3,.414,3.7,9.7,.376,1.8,3.5,.516,1.1,1.4,.792,1.3,5.6,6.9,2.3,2.2,0.9,1.8,4.4,15.7,,109,105,/players/g/greenda02.html,/teams/LAL/2020.html
182,171,Draymond Green,PF,29,GSW,24,24,704,5.6,13.6,.410,1.4,4.6,.294,4.2,9.0,.470,3.1,4.1,.738,1.0,9.2,10.3,9.1,2.6,1.1,3.9,4.3,15.6,,100,109,/players/g/greendr01.html,/teams/GSW/2020.html
183,172,JaMychal Green,PF,29,LAC,25,0,514,5.5,13.6,.400,3.4,9.4,.359,2.1,4.3,.489,1.7,2.1,.826,2.9,11.4,14.3,1.4,1.4,0.7,1.9,5.5,16.0,,109,104,/players/g/greenja01.html,/teams/LAC/2020.html
184,173,Javonte Green,SF,26,BOS,24,0,183,7.7,13.5,.569,0.8,3.4,.231,6.9,10.1,.684,1.1,1.9,.571,1.6,6.4,8.0,1.9,1.1,1.1,2.1,5.3,17.2,,110,107,/players/g/greenja02.html,/teams/BOS/2020.html
185,174,Jeff Green,PF,33,UTA,30,2,553,6.5,16.9,.385,3.0,9.0,.327,3.6,7.9,.451,4.3,5.5,.778,1.2,5.8,7.0,1.7,1.0,0.9,2.3,4.0,20.2,,100,108,/players/g/greenje02.html,/teams/UTA/2020.html
186,175,Blake Griffin,PF,30,DET,18,18,512,8.3,23.6,.352,2.6,10.5,.243,5.8,13.1,.439,7.2,9.3,.776,1.6,6.3,7.9,5.6,0.7,0.7,3.8,2.6,26.4,,97,115,/players/g/griffbl01.html,/teams/DET/2020.html
187,176,Marko Guduric,SG,24,MEM,26,0,382,5.7,15.4,.373,2.2,7.8,.281,3.5,7.6,.468,1.8,2.1,.882,1.5,5.0,6.5,4.4,1.1,0.7,3.4,3.1,15.5,,91,115,/players/g/gudurma01.html,/teams/MEM/2020.html
188,177,Rui Hachimura,PF,21,WAS,25,25,729,9.3,19.3,.482,0.6,3.1,.208,8.6,16.2,.533,2.9,3.4,.852,2.5,6.7,9.2,2.5,1.1,0.2,1.3,3.6,22.1,,111,118,/players/h/hachiru01.html,/teams/WAS/2020.html
189,178,Devon Hall,SG,24,OKC,5,0,20,2.4,12.2,.200,0.0,4.9,.000,2.4,7.3,.333,7.3,9.7,.750,0.0,2.4,2.4,7.3,0.0,0.0,2.4,2.4,12.2,,86,116,/players/h/hallde01.html,/teams/OKC/2020.html
190,179,Tim Hardaway,SG,27,DAL,32,19,816,9.0,21.5,.419,4.9,12.8,.382,4.1,8.7,.473,3.0,3.7,.806,0.6,4.2,4.8,3.2,1.1,0.2,1.7,3.1,25.9,,112,112,/players/h/hardati02.html,/teams/DAL/2020.html
191,180,James Harden,SG,30,HOU,32,32,1205,13.9,30.2,.458,6.3,16.8,.378,7.5,13.4,.559,13.1,15.2,.865,1.3,6.0,7.3,9.2,2.3,1.0,5.8,4.1,47.2,,124,109,/players/h/hardeja01.html,/teams/HOU/2020.html
193,181,Maurice Harkless,SF,26,LAC,34,23,788,4.4,8.9,.493,1.1,3.1,.346,3.3,5.8,.571,1.1,2.0,.576,1.8,5.4,7.2,2.3,2.3,1.4,1.8,5.3,11.0,,108,105,/players/h/harklma01.html,/teams/LAC/2020.html
194,182,Jared Harper,PG,22,PHO,1,0,2,0.0,23.4,.000,0.0,23.4,.000,0.0,0.0,,0.0,0.0,,0.0,0.0,0.0,0.0,0.0,0.0,0.0,0.0,0.0,,0,119,/players/h/harpeja01.html,/teams/PHO/2020.html
195,183,Montrezl Harrell,C,26,LAC,33,2,964,12.4,21.7,.575,0.0,0.6,.000,12.4,21.1,.591,5.4,8.2,.663,4.7,7.2,11.9,3.0,1.2,1.8,3.1,3.7,30.3,,118,106,/players/h/harremo01.html,/teams/LAC/2020.html
196,184,Gary Harris,SG,25,DEN,31,31,1019,6.4,14.8,.436,2.2,6.4,.341,4.3,8.4,.509,2.0,2.4,.820,0.8,3.4,4.2,3.3,2.1,0.4,1.5,3.4,17.0,,108,107,/players/h/harriga01.html,/teams/DEN/2020.html
197,185,Joe Harris,SF,28,BRK,31,31,980,8.1,17.2,.471,4.0,9.3,.428,4.1,7.9,.521,1.3,1.8,.757,1.2,4.7,5.9,3.1,1.0,0.5,2.1,3.5,21.5,,114,111,/players/h/harrijo01.html,/teams/BRK/2020.html
198,186,Tobias Harris,PF,27,PHI,35,35,1203,10.8,22.3,.486,2.2,6.5,.340,8.6,15.8,.546,3.7,4.7,.795,1.1,8.3,9.5,4.3,1.2,1.0,2.4,3.4,27.6,,111,106,/players/h/harrito02.html,/teams/PHI/2020.html
199,187,Shaquille Harrison,SF,26,CHI,19,4,153,6.2,16.2,.385,0.9,3.1,.300,5.3,13.1,.405,4.0,6.2,.650,1.9,8.1,10.0,7.2,3.1,1.6,1.9,5.9,17.4,,105,101,/players/h/harrish01.html,/teams/CHI/2020.html
200,188,Josh Hart,SF,24,NOP,27,4,747,6.2,15.2,.407,3.7,10.6,.353,2.4,4.6,.534,2.2,2.9,.766,1.4,8.4,9.9,2.7,1.7,0.4,2.1,4.6,18.4,,108,112,/players/h/hartjo01.html,/teams/NOP/2020.html
201,189,Isaiah Hartenstein,C,21,HOU,11,1,162,6.9,9.7,.706,0.0,0.3,.000,6.9,9.4,.727,3.1,4.3,.733,4.3,9.4,13.7,2.9,1.1,1.7,2.9,7.2,16.9,,131,108,/players/h/harteis01.html,/teams/HOU/2020.html
202,190,Udonis Haslem,PF,39,MIA,2,0,11,4.4,4.4,1.000,0.0,0.0,,4.4,4.4,1.000,13.2,17.6,.750,0.0,13.2,13.2,0.0,0.0,0.0,0.0,13.2,22.0,,191,108,/players/h/hasleud01.html,/teams/MIA/2020.html
203,191,Jaxson Hayes,C,19,NOP,31,10,626,7.1,11.3,.629,0.1,0.3,.250,7.0,11.0,.639,4.6,7.1,.653,4.2,6.3,10.6,1.9,1.5,2.6,1.9,7.0,18.9,,128,110,/players/h/hayesja02.html,/teams/NOP/2020.html
204,192,Gordon Hayward,SF,29,BOS,14,14,427,10.5,19.9,.526,2.0,5.9,.346,8.4,14.0,.602,2.8,3.4,.833,1.1,8.3,9.4,7.0,1.2,0.8,2.6,3.0,25.8,,120,106,/players/h/haywago01.html,/teams/BOS/2020.html
205,193,John Henson,PF,29,CLE,14,0,178,6.5,12.2,.533,0.5,3.3,.167,6.0,9.0,.667,1.6,4.6,.353,3.5,9.5,13.1,5.2,2.4,5.4,3.0,6.0,15.2,,106,104,/players/h/hensojo01.html,/teams/CLE/2020.html
206,194,Dewan Hernandez,C,23,TOR,4,0,11,4.3,21.7,.200,0.0,4.3,.000,4.3,17.3,.250,8.7,8.7,1.000,8.7,21.7,30.4,0.0,4.3,0.0,4.3,26.0,17.3,,80,88,/players/h/hernade01.html,/teams/TOR/2020.html
207,195,Juan Hernangómez,PF,24,DEN,20,0,256,4.8,13.5,.357,2.3,8.7,.267,2.5,4.8,.520,1.5,2.9,.533,2.3,7.1,9.4,2.7,0.2,0.6,1.9,3.1,13.5,,96,109,/players/h/hernaju01.html,/teams/DEN/2020.html
208,196,Willy Hernangómez,C,25,CHO,11,0,69,7.8,18.5,.423,1.4,5.0,.286,6.4,13.6,.474,4.3,8.6,.500,7.1,10.0,17.1,2.1,0.7,2.1,4.3,3.6,21.4,,96,111,/players/h/hernawi01.html,/teams/CHO/2020.html
209,197,Tyler Herro,SG,20,MIA,31,3,894,8.5,20.2,.422,3.5,9.1,.389,5.0,11.1,.449,2.9,3.3,.869,0.5,6.7,7.2,3.6,1.1,0.2,3.1,2.1,23.4,,101,109,/players/h/herroty01.html,/teams/MIA/2020.html
210,198,Kevin Hervey,F,23,OKC,2,0,8,0.0,24.4,.000,0.0,18.3,.000,0.0,6.1,.000,0.0,0.0,,0.0,12.2,12.2,6.1,0.0,0.0,0.0,6.1,0.0,,16,110,/players/h/herveke01.html,/teams/OKC/2020.html
211,199,Mario Hezonja,PF,24,POR,25,4,414,4.0,11.4,.350,1.1,3.7,.313,2.9,7.8,.368,2.7,3.3,.828,1.8,10.5,12.3,2.5,1.5,0.2,2.3,6.3,11.9,,95,110,/players/h/hezonma01.html,/teams/POR/2020.html
212,200,Buddy Hield,SG,27,SAC,33,33,1128,10.8,26.1,.414,5.3,14.6,.360,5.5,11.5,.483,2.5,3.0,.812,1.3,6.0,7.3,4.4,1.2,0.5,3.6,3.6,29.4,,102,112,/players/h/hieldbu01.html,/teams/SAC/2020.html
214,201,George Hill,PG,33,MIL,32,0,688,8.1,14.4,.560,3.5,6.7,.530,4.5,7.7,.586,2.9,3.4,.843,2.1,4.9,6.9,6.3,1.7,0.2,2.0,3.0,22.5,,138,105,/players/h/hillge01.html,/teams/MIL/2020.html
215,202,Solomon Hill,SF,28,MEM,32,2,631,5.2,12.6,.409,3.0,7.5,.392,2.2,5.1,.435,1.3,1.8,.708,1.5,6.3,7.8,4.4,2.0,0.4,2.1,3.8,14.6,,107,113,/players/h/hillso01.html,/teams/MEM/2020.html
216,203,Jaylen Hoard,SF,20,POR,5,0,18,7.9,15.7,.500,0.0,0.0,,7.9,15.7,.500,2.6,5.2,.500,7.9,10.5,18.4,5.2,2.6,0.0,0.0,2.6,18.4,,132,108,/players/h/hoardja01.html,/teams/POR/2020.html
217,204,Aaron Holiday,PG,23,IND,31,14,718,8.5,19.4,.436,3.6,8.5,.424,4.9,11.0,.444,2.4,2.8,.878,0.7,4.5,5.3,6.5,1.8,0.2,3.0,3.7,22.9,,108,108,/players/h/holidaa01.html,/teams/IND/2020.html
218,205,Jrue Holiday,SG,29,NOP,32,32,1142,10.4,23.6,.442,2.6,7.5,.348,7.8,16.1,.486,2.5,3.7,.689,1.8,4.6,6.4,8.5,2.3,1.0,4.0,2.9,26.0,,105,112,/players/h/holidjr01.html,/teams/NOP/2020.html
219,206,Justin Holiday,SG,30,IND,33,2,829,5.0,12.8,.393,2.9,8.0,.365,2.1,4.8,.439,1.2,1.5,.800,0.9,6.1,7.0,2.8,2.0,1.1,1.1,3.1,14.2,,108,105,/players/h/holidju01.html,/teams/IND/2020.html
220,207,Rondae Hollis-Jefferson,SF,25,TOR,25,0,490,7.3,14.8,.493,0.2,1.0,.200,7.1,13.8,.514,5.0,6.6,.750,5.5,7.2,12.7,3.7,1.8,1.0,2.6,5.3,19.8,,116,104,/players/h/holliro01.html,/teams/TOR/2020.html
221,208,Richaun Holmes,C,26,SAC,33,29,968,9.2,13.9,.664,0.0,0.0,,9.2,13.9,.664,3.3,4.0,.821,5.2,9.2,14.4,1.8,1.8,2.2,2.0,6.9,21.7,,134,107,/players/h/holmeri01.html,/teams/SAC/2020.html
222,209,Rodney Hood,SF,27,POR,21,21,619,6.6,13.1,.506,2.7,5.4,.493,4.0,7.7,.515,1.6,2.1,.778,0.8,4.7,5.5,2.4,1.3,0.3,1.4,3.5,17.5,,121,114,/players/h/hoodro01.html,/teams/POR/2020.html
223,210,Al Horford,C,33,PHI,31,31,946,8.2,17.8,.460,2.2,6.4,.344,6.0,11.5,.524,1.4,2.0,.692,2.5,7.9,10.5,6.0,1.6,1.6,1.7,3.7,20.0,,114,104,/players/h/horfoal01.html,/teams/PHI/2020.html
224,211,Talen Horton-Tucker,SG,19,LAL,2,0,5,0.0,9.6,.000,0.0,9.6,.000,0.0,0.0,,0.0,0.0,,0.0,0.0,0.0,19.2,9.6,0.0,0.0,0.0,0.0,,92,93,/players/h/hortota01.html,/teams/LAL/2020.html
225,212,Danuel House,SF,26,HOU,27,25,832,6.0,13.5,.440,3.3,8.7,.385,2.6,4.8,.540,2.0,2.6,.761,1.8,4.3,6.2,2.0,1.6,0.8,1.4,3.3,17.2,,118,112,/players/h/houseda01.html,/teams/HOU/2020.html
226,213,Dwight Howard,C,34,LAL,33,0,647,7.1,9.3,.762,0.1,0.2,.333,7.0,9.1,.772,3.0,6.2,.488,5.4,11.4,16.8,1.7,1.0,3.3,3.0,8.4,17.3,,125,102,/players/h/howardw01.html,/teams/LAL/2020.html
227,214,Kevin Huerter,SG,21,ATL,22,14,557,6.0,15.6,.385,3.2,9.0,.352,2.8,6.6,.430,2.1,2.5,.833,0.9,5.0,5.9,6.2,1.7,0.8,3.0,3.9,17.3,,102,115,/players/h/huertke01.html,/teams/ATL/2020.html
228,215,De'Andre Hunter,SF,22,ATL,32,31,1015,6.6,16.7,.398,2.4,7.2,.338,4.2,9.5,.444,2.7,3.5,.763,0.7,4.9,5.6,2.7,1.0,0.4,2.4,3.8,18.4,,96,117,/players/h/huntede01.html,/teams/ATL/2020.html
229,216,Chandler Hutchison,SF,23,CHI,9,6,154,6.2,13.6,.455,1.5,3.7,.417,4.6,9.9,.469,5.9,9.0,.655,0.3,9.9,10.2,2.5,1.5,0.6,3.7,3.7,19.8,,98,104,/players/h/hutchch01.html,/teams/CHI/2020.html
230,217,Serge Ibaka,C,30,TOR,23,6,569,10.6,21.9,.483,1.6,4.8,.333,9.0,17.1,.525,3.9,5.1,.770,4.1,11.1,15.3,2.4,0.9,1.8,3.8,5.2,26.7,,104,103,/players/i/ibakase01.html,/teams/TOR/2020.html
231,218,Ersan İlyasova,PF,32,MIL,31,4,526,8.2,15.8,.519,2.7,6.9,.392,5.5,8.9,.618,3.3,4.2,.792,3.5,10.9,14.4,2.6,1.2,1.0,1.6,3.9,22.4,,128,101,/players/i/ilyaser01.html,/teams/MIL/2020.html
232,219,Joe Ingles,SF,32,UTA,32,12,957,5.7,12.8,.441,3.4,8.2,.409,2.3,4.6,.500,1.7,2.1,.810,0.7,6.4,7.1,6.9,1.5,0.2,3.3,3.8,16.4,,111,108,/players/i/inglejo01.html,/teams/UTA/2020.html
233,220,Brandon Ingram,PF,22,NOP,30,30,1022,12.3,25.0,.491,3.2,7.8,.409,9.1,17.2,.528,6.8,8.0,.857,1.1,8.4,9.6,5.3,1.3,1.1,3.9,4.0,34.6,,115,112,/players/i/ingrabr01.html,/teams/NOP/2020.html
235,221,Kyrie Irving,PG,27,BRK,11,11,372,14.1,31.8,.444,3.9,11.5,.341,10.2,20.3,.503,7.4,7.9,.937,1.3,6.2,7.4,10.0,1.5,0.8,3.3,4.0,39.6,,117,108,/players/i/irvinky01.html,/teams/BRK/2020.html
236,222,Jonathan Isaac,SF,22,ORL,30,30,914,7.6,16.4,.463,1.6,4.8,.337,6.0,11.7,.514,2.9,3.6,.809,2.7,8.7,11.4,2.2,2.5,4.1,2.5,4.1,19.8,,105,101,/players/i/isaacjo01.html,/teams/ORL/2020.html
237,223,Wesley Iwundu,SF,25,ORL,18,3,251,3.3,11.7,.283,0.2,3.1,.063,3.1,8.6,.364,3.3,3.9,.850,1.6,5.7,7.2,3.3,1.8,0.8,1.8,3.7,10.1,,85,109,/players/i/iwundwe01.html,/teams/ORL/2020.html
238,224,Frank Jackson,PG,21,NOP,27,1,355,7.2,19.6,.369,2.6,9.1,.290,4.6,10.5,.438,3.4,4.2,.813,0.7,3.7,4.3,3.0,1.2,0.1,3.0,4.9,20.5,,92,116,/players/j/jacksfr01.html,/teams/NOP/2020.html
239,225,Jaren Jackson,C,20,MEM,33,33,918,10.7,22.7,.471,4.3,10.8,.396,6.4,11.9,.538,3.9,5.2,.755,1.7,6.2,7.9,2.5,1.1,2.2,2.9,6.8,29.5,,109,112,/players/j/jacksja02.html,/teams/MEM/2020.html
240,226,Justin Jackson,PF,24,DAL,28,0,414,7.3,17.3,.423,2.9,8.7,.333,4.4,8.6,.514,1.9,2.4,.762,1.4,6.6,8.0,1.9,0.6,0.2,0.6,4.0,19.4,,112,112,/players/j/jacksju01.html,/teams/DAL/2020.html
241,227,Reggie Jackson,PG,29,DET,2,2,36,5.4,14.8,.364,1.3,6.7,.200,4.0,8.1,.500,1.3,1.3,1.000,1.3,5.4,6.7,10.8,0.0,0.0,1.3,2.7,13.5,,113,118,/players/j/jacksre01.html,/teams/DET/2020.html
242,228,Justin James,SG,23,SAC,15,0,176,7.0,16.9,.417,1.7,5.9,.286,5.4,11.0,.487,0.6,2.5,.222,0.8,6.2,7.0,3.1,1.4,2.3,2.0,3.7,16.3,,91,110,/players/j/jamesju01.html,/teams/SAC/2020.html
243,229,LeBron James,PG,35,LAL,32,32,1119,13.2,27.1,.487,3.0,8.6,.345,10.2,18.5,.553,5.1,7.4,.688,1.4,8.9,10.3,14.9,1.8,0.8,5.2,2.6,34.4,,116,105,/players/j/jamesle01.html,/teams/LAL/2020.html
244,230,Amile Jefferson,PF,26,ORL,8,0,21,7.0,9.3,.750,0.0,0.0,,7.0,9.3,.750,0.0,4.7,.000,7.0,9.3,16.3,4.7,0.0,0.0,4.7,7.0,14.0,,105,111,/players/j/jeffeam01.html,/teams/ORL/2020.html
245,231,DaQuan Jeffries,SG,22,SAC,2,0,11,4.5,4.5,1.000,0.0,0.0,,4.5,4.5,1.000,0.0,0.0,,4.5,0.0,4.5,4.5,0.0,0.0,0.0,4.5,9.0,,212,119,/players/j/jeffrda01.html,/teams/SAC/2020.html
246,232,Ty Jerome,PG,22,PHO,10,0,134,5.6,17.1,.327,2.1,7.0,.300,3.5,10.1,.345,1.4,1.7,.800,1.0,4.9,5.9,7.7,3.8,0.0,3.1,4.5,14.7,,89,108,/players/j/jeromty01.html,/teams/PHO/2020.html
247,233,Alize Johnson,SF,23,IND,10,0,43,7.9,14.7,.538,0.0,0.0,,7.9,14.7,.538,3.4,4.5,.750,6.8,10.2,16.9,2.3,0.0,0.0,1.1,6.8,19.2,,127,108,/players/j/johnsal02.html,/teams/IND/2020.html
248,234,B.J. Johnson,SF,24,ORL,1,0,3,0.0,0.0,,0.0,0.0,,0.0,0.0,,0.0,0.0,,0.0,0.0,0.0,0.0,0.0,0.0,0.0,0.0,0.0,,,117,/players/j/johnsbj01.html,/teams/ORL/2020.html
249,235,Cameron Johnson,PF,23,PHO,29,0,613,6.7,15.7,.427,4.4,11.0,.403,2.3,4.7,.484,1.8,2.2,.793,2.1,5.0,7.2,2.3,1.2,0.6,1.5,3.5,19.6,,114,113,/players/j/johnsca02.html,/teams/PHO/2020.html
250,236,James Johnson,PF,32,MIA,6,0,68,5.7,12.8,.444,1.4,6.4,.222,4.3,6.4,.667,1.4,2.9,.500,1.4,6.4,7.8,2.9,2.1,1.4,2.9,3.6,14.3,,94,105,/players/j/johnsja01.html,/teams/MIA/2020.html
251,237,Keldon Johnson,SF,20,SAS,1,0,2,0.0,23.7,.000,0.0,0.0,,0.0,23.7,.000,0.0,0.0,,0.0,0.0,0.0,0.0,0.0,0.0,0.0,0.0,0.0,,0,120,/players/j/johnske04.html,/teams/SAS/2020.html
252,238,Stanley Johnson,PF,23,TOR,7,0,25,11.4,24.8,.462,1.9,7.6,.250,9.5,17.2,.556,0.0,0.0,,3.8,13.4,17.2,0.0,3.8,0.0,9.5,11.4,24.8,,71,96,/players/j/johnsst04.html,/teams/TOR/2020.html
253,239,Tyler Johnson,SG,27,PHO,22,3,403,5.5,14.3,.382,2.2,7.1,.311,3.3,7.2,.452,2.3,3.0,.769,0.9,4.1,5.0,5.0,0.9,0.8,2.3,3.8,15.5,,100,114,/players/j/johnsty01.html,/teams/PHO/2020.html
254,240,Nikola Jokić,C,24,DEN,32,32,997,11.3,22.7,.498,2.0,6.4,.310,9.3,16.3,.571,4.0,4.9,.810,3.6,12.2,15.8,10.7,1.6,0.9,4.0,4.9,28.5,,117,102,/players/j/jokicni01.html,/teams/DEN/2020.html
256,241,Damian Jones,C,24,ATL,30,19,533,7.2,10.6,.686,0.2,0.5,.333,7.1,10.0,.704,3.2,4.6,.698,4.1,5.8,9.9,1.8,1.1,2.4,1.6,8.2,17.9,,136,113,/players/j/jonesda03.html,/teams/ATL/2020.html
257,242,Derrick Jones,SF,22,MIA,18,0,408,6.3,12.2,.515,1.1,4.4,.243,5.2,7.8,.667,3.7,5.0,.738,1.8,6.2,8.0,2.3,2.3,1.1,1.8,5.1,17.3,,117,106,/players/j/jonesde02.html,/teams/MIA/2020.html
258,243,Tyus Jones,PG,23,MEM,34,6,674,6.2,14.2,.434,1.2,3.9,.321,4.9,10.3,.477,1.5,1.9,.750,0.3,3.5,3.9,11.3,2.2,0.3,2.4,1.8,15.0,,111,114,/players/j/jonesty01.html,/teams/MEM/2020.html
259,244,DeAndre Jordan,C,31,BRK,28,3,592,7.3,11.3,.643,0.0,0.0,,7.3,11.3,.643,3.4,5.1,.672,5.5,16.4,21.9,4.7,1.0,2.1,2.6,4.4,18.0,,130,101,/players/j/jordade01.html,/teams/BRK/2020.html
260,245,Cory Joseph,PG,28,SAC,33,20,884,4.5,11.9,.377,1.0,3.7,.273,3.5,8.2,.425,1.4,1.6,.893,1.1,4.2,5.2,7.2,1.3,0.8,2.4,3.9,11.4,,101,113,/players/j/josepco01.html,/teams/SAC/2020.html
261,246,Mfiondu Kabengele,C,22,LAC,10,0,44,10.6,23.3,.455,6.4,12.7,.500,4.2,10.6,.400,3.2,3.2,1.000,1.1,7.4,8.5,1.1,1.1,1.1,1.1,6.4,30.8,,123,107,/players/k/kabenmf01.html,/teams/LAC/2020.html
262,247,Frank Kaminsky,C,26,PHO,32,13,718,8.3,18.2,.455,2.5,7.3,.348,5.7,10.9,.527,3.8,5.7,.670,2.0,8.3,10.3,4.6,0.8,0.7,2.2,4.5,23.0,,111,112,/players/k/kaminfr01.html,/teams/PHO/2020.html
263,248,Enes Kanter,C,27,BOS,23,3,402,9.8,17.1,.570,0.1,0.4,.333,9.7,16.8,.576,3.6,5.4,.667,8.3,12.4,20.8,3.0,1.7,1.7,2.3,4.2,23.3,,126,101,/players/k/kanteen01.html,/teams/BOS/2020.html
264,249,Luke Kennard,SG,23,DET,28,25,922,7.9,18.0,.442,3.8,9.6,.399,4.1,8.4,.491,3.5,3.9,.893,0.5,4.7,5.1,6.0,0.6,0.3,2.3,3.4,23.2,,117,116,/players/k/kennalu01.html,/teams/DET/2020.html
265,250,Stanton Kidd,SF,27,UTA,4,0,15,0.0,9.6,.000,0.0,3.2,.000,0.0,6.4,.000,0.0,0.0,,0.0,9.6,9.6,3.2,0.0,0.0,6.4,9.6,0.0,,13,109,/players/k/kiddst01.html,/teams/UTA/2020.html
266,251,Michael Kidd-Gilchrist,PF,26,CHO,11,0,151,5.5,16.6,.333,1.6,5.5,.294,3.9,11.1,.353,2.3,2.9,.778,2.9,8.1,11.1,2.9,0.0,1.0,2.3,5.9,15.0,,91,115,/players/k/kiddgmi01.html,/teams/CHO/2020.html
267,252,Louis King,F,20,DET,2,0,7,20.8,41.5,.500,6.9,20.8,.333,13.8,20.8,.667,0.0,0.0,,6.9,6.9,13.8,6.9,6.9,0.0,6.9,0.0,48.4,,103,101,/players/k/kinglo02.html,/teams/DET/2020.html
268,253,Maxi Kleber,C,28,DAL,31,5,736,5.7,12.8,.444,2.9,7.5,.383,2.8,5.3,.531,2.1,2.4,.889,3.2,7.6,10.8,2.0,0.6,1.4,1.6,4.5,16.4,,120,110,/players/k/klebima01.html,/teams/DAL/2020.html
269,254,Brandon Knight,PG,28,CLE,10,0,114,6.8,20.0,.340,5.1,14.9,.343,1.7,5.1,.333,1.3,3.4,.375,0.4,3.0,3.4,6.8,1.7,0.4,3.4,3.8,20.0,,94,116,/players/k/knighbr03.html,/teams/CLE/2020.html
270,255,Kevin Knox,SF,20,NYK,32,4,642,6.5,17.0,.384,3.1,8.9,.347,3.4,8.0,.425,3.1,4.5,.683,0.9,6.2,7.1,2.8,1.4,1.2,1.9,3.9,19.3,,103,113,/players/k/knoxke01.html,/teams/NYK/2020.html
271,256,John Konchar,SG,23,MEM,2,0,8,0.0,0.0,,0.0,0.0,,0.0,0.0,,0.0,0.0,,0.0,5.8,5.8,0.0,0.0,0.0,0.0,0.0,0.0,,,118,/players/k/konchjo01.html,/teams/MEM/2020.html
272,257,Furkan Korkmaz,SG,22,PHI,34,11,706,7.1,16.5,.432,3.8,9.9,.379,3.3,6.6,.510,1.3,1.7,.760,0.5,4.8,5.3,1.8,1.3,0.5,1.6,3.3,19.3,,106,108,/players/k/korkmfu01.html,/teams/PHI/2020.html
273,258,Luke Kornet,C,24,CHI,16,0,148,5.2,15.8,.327,1.9,9.0,.214,3.2,6.8,.476,1.6,1.6,1.000,1.9,5.5,7.4,1.9,0.6,3.5,1.0,4.2,13.8,,93,106,/players/k/kornelu01.html,/teams/CHI/2020.html
274,259,Kyle Korver,SF,38,MIL,29,0,479,5.6,14.1,.401,4.5,11.4,.395,1.1,2.7,.429,1.5,1.8,.842,0.7,4.3,5.0,2.9,1.4,0.6,2.2,3.2,17.3,,108,105,/players/k/korveky01.html,/teams/MIL/2020.html
275,260,Rodions Kurucs,PF,21,BRK,16,0,169,4.7,10.8,.436,1.9,3.9,.500,2.8,6.9,.400,1.4,2.8,.500,2.5,8.3,10.8,1.4,1.7,0.3,5.3,7.2,12.8,,80,107,/players/k/kurucro01.html,/teams/BRK/2020.html
277,261,Kyle Kuzma,PF,24,LAL,24,1,567,8.9,20.5,.432,3.4,9.5,.354,5.5,11.0,.500,3.0,4.2,.720,1.0,6.2,7.2,1.5,0.8,0.8,3.2,3.4,24.2,,98,108,/players/k/kuzmaky01.html,/teams/LAL/2020.html
278,262,Skal Labissière,C,23,POR,33,1,567,6.7,12.2,.551,0.2,1.1,.231,6.5,11.2,.582,2.1,2.7,.758,5.4,8.7,14.1,3.5,0.6,2.6,2.5,7.4,15.8,,120,110,/players/l/labissk01.html,/teams/POR/2020.html
279,263,Jeremy Lamb,SG,27,IND,22,22,667,8.3,18.6,.447,1.7,6.0,.293,6.6,12.6,.520,3.6,4.2,.845,0.9,6.6,7.5,3.9,2.0,1.0,2.3,3.5,21.9,,105,105,/players/l/lambje01.html,/teams/IND/2020.html
280,264,Romeo Langford,SG,20,BOS,7,0,86,3.9,10.2,.389,1.1,5.1,.222,2.8,5.1,.556,1.7,2.3,.750,2.3,1.7,3.9,0.6,1.7,1.1,1.1,3.4,10.7,,101,108,/players/l/langfro01.html,/teams/BOS/2020.html
281,265,Zach LaVine,SG,24,CHI,33,33,1099,11.3,26.2,.431,4.4,11.1,.396,6.9,15.2,.457,6.6,7.9,.831,1.0,5.6,6.6,5.5,1.9,0.6,4.9,3.3,33.6,,105,106,/players/l/lavinza01.html,/teams/CHI/2020.html
282,266,Jake Layman,PF,25,MIN,14,2,369,7.7,16.7,.462,2.4,6.8,.352,5.3,9.9,.538,0.8,1.3,.600,1.5,3.7,5.2,1.4,1.5,1.3,2.3,3.9,18.6,,100,113,/players/l/laymaja01.html,/teams/MIN/2020.html
283,267,T.J. Leaf,PF,22,IND,20,1,172,7.6,17.5,.435,1.4,3.7,.385,6.2,13.8,.449,1.7,2.8,.600,5.6,10.7,16.4,1.7,2.0,0.8,1.7,4.2,18.3,,106,103,/players/l/leaftj01.html,/teams/IND/2020.html
284,268,Courtney Lee,SG,34,DAL,8,3,69,9.1,15.4,.591,4.9,8.4,.583,4.2,7.0,.600,0.0,0.0,,0.0,2.1,2.1,2.1,0.0,1.4,1.4,3.5,23.0,,133,114,/players/l/leeco01.html,/teams/DAL/2020.html
285,269,Damion Lee,SG,27,GSW,20,7,505,7.5,18.0,.416,2.6,6.8,.375,4.9,11.2,.441,5.6,6.4,.881,1.9,8.2,10.1,4.1,1.5,0.0,2.2,3.6,23.1,,112,113,/players/l/leeda03.html,/teams/GSW/2020.html
286,270,Alex Len,C,26,ATL,31,9,552,8.8,15.8,.559,1.2,3.5,.333,7.7,12.3,.623,2.9,4.6,.648,4.1,9.4,13.6,2.9,1.3,1.9,2.7,6.0,21.8,,116,111,/players/l/lenal01.html,/teams/ATL/2020.html
287,271,Kawhi Leonard,SF,28,LAC,25,25,795,13.1,28.8,.455,2.6,7.2,.369,10.5,21.6,.484,8.8,10.0,.882,1.7,9.8,11.5,7.5,2.6,0.8,5.0,2.9,37.6,,111,102,/players/l/leonaka01.html,/teams/LAC/2020.html
288,272,Meyers Leonard,PF,27,MIA,32,32,604,5.9,10.8,.552,2.3,5.1,.460,3.6,5.7,.634,0.6,1.0,.615,1.4,10.5,11.9,2.6,0.6,1.1,1.9,5.2,14.8,,118,107,/players/l/leoname01.html,/teams/MIA/2020.html
289,273,Caris LeVert,SG,25,BRK,9,9,284,9.7,23.1,.421,2.1,5.9,.361,7.6,17.2,.442,3.3,5.1,.645,1.7,5.8,7.4,5.9,1.0,0.2,5.1,3.3,24.9,,93,110,/players/l/leverca01.html,/teams/BRK/2020.html
290,274,Damian Lillard,PG,29,POR,31,31,1141,10.8,24.3,.442,4.3,12.2,.356,6.4,12.1,.529,8.8,9.8,.898,0.6,4.7,5.3,9.7,1.2,0.5,3.7,2.6,34.6,,122,114,/players/l/lillada01.html,/teams/POR/2020.html
291,275,Nassir Little,PF,19,POR,22,3,310,4.9,12.0,.405,0.8,4.6,.167,4.1,7.5,.551,2.6,4.0,.654,3.2,7.0,10.2,2.0,1.2,1.1,1.4,5.8,13.1,,105,112,/players/l/littlna01.html,/teams/POR/2020.html
292,276,Kevon Looney,C,23,GSW,10,3,105,5.0,14.6,.344,0.5,0.9,.500,4.6,13.7,.333,1.4,2.3,.600,6.8,6.4,13.2,1.8,1.4,0.9,2.7,7.8,11.9,,88,113,/players/l/looneke01.html,/teams/GSW/2020.html
293,277,Brook Lopez,C,31,MIL,32,32,845,6.2,15.6,.399,2.6,8.5,.308,3.6,7.2,.508,2.9,3.2,.898,1.2,7.4,8.6,2.7,1.2,4.2,1.7,3.9,18.0,,106,99,/players/l/lopezbr01.html,/teams/MIL/2020.html
294,278,Robin Lopez,C,31,MIL,34,2,487,7.3,14.3,.513,1.5,5.0,.302,5.8,9.3,.626,1.6,2.9,.548,3.1,5.2,8.3,2.2,0.6,2.1,3.3,4.8,17.8,,103,104,/players/l/lopezro01.html,/teams/MIL/2020.html
295,279,Kevin Love,PF,31,CLE,27,27,826,8.6,19.0,.451,3.8,9.9,.385,4.7,9.1,.523,5.6,6.6,.841,1.5,15.2,16.8,4.6,0.9,0.6,4.3,2.1,26.5,,110,111,/players/l/loveke01.html,/teams/CLE/2020.html
296,280,Kyle Lowry,PG,33,TOR,22,22,839,7.8,18.2,.427,3.9,10.4,.372,3.9,7.8,.500,6.5,7.6,.865,0.7,5.5,6.2,9.3,1.5,0.5,4.2,3.8,26.0,,116,107,/players/l/lowryky01.html,/teams/TOR/2020.html
298,281,Timothé Luwawu-Cabarrot,SG,24,BRK,9,0,149,3.8,10.7,.353,1.6,5.0,.313,2.2,5.7,.389,2.8,3.8,.750,0.6,4.7,5.4,1.9,1.3,0.3,2.8,3.8,12.0,,88,110,/players/l/luwawti01.html,/teams/BRK/2020.html
299,282,Trey Lyles,PF,24,SAS,31,21,529,5.0,11.3,.444,2.2,6.2,.362,2.8,5.1,.544,0.7,1.2,.615,3.0,12.6,15.7,3.7,0.7,1.0,1.8,3.1,13.0,,113,111,/players/l/lylestr01.html,/teams/SAS/2020.html
300,283,Daryl Macon,SG,24,MIA,4,0,14,3.5,10.4,.333,3.5,6.9,.500,0.0,3.5,.000,0.0,0.0,,0.0,0.0,0.0,3.5,0.0,0.0,6.9,3.5,10.4,,65,116,/players/m/maconda01.html,/teams/MIA/2020.html
301,284,Josh Magette,PG,30,ORL,4,0,12,12.2,28.6,.429,0.0,0.0,,12.2,28.6,.429,4.1,8.2,.500,4.1,8.2,12.2,8.2,8.2,0.0,12.2,0.0,28.6,,75,94,/players/m/magetjo01.html,/teams/ORL/2020.html
302,285,Ian Mahinmi,C,33,WAS,11,8,227,5.9,12.5,.475,0.2,1.6,.125,5.7,10.8,.528,4.9,7.8,.632,6.3,7.8,14.1,2.0,1.4,3.1,3.5,7.1,16.9,,107,113,/players/m/mahinia01.html,/teams/WAS/2020.html
303,286,Thon Maker,C,22,DET,31,3,344,4.9,9.9,.500,1.1,3.0,.381,3.8,6.9,.551,4.6,7.2,.647,2.7,5.8,8.4,2.0,1.3,2.5,2.5,6.1,15.6,,112,111,/players/m/makerth01.html,/teams/DET/2020.html
304,287,Terance Mann,SG,23,LAC,22,5,203,4.8,9.7,.500,0.5,2.1,.222,4.4,7.6,.576,1.8,2.3,.800,0.7,5.1,5.8,6.4,1.4,0.7,2.8,6.0,12.0,,109,108,/players/m/mannte01.html,/teams/LAC/2020.html
305,288,Boban Marjanović,C,31,DAL,15,1,143,10.4,19.9,.525,0.0,1.0,.000,10.4,18.9,.554,4.7,6.7,.700,5.1,15.2,20.2,2.4,0.7,1.0,4.0,7.7,25.6,,107,105,/players/m/marjabo01.html,/teams/DAL/2020.html
306,289,Lauri Markkanen,PF,22,CHI,33,33,995,7.9,18.9,.416,3.3,9.7,.337,4.6,9.2,.500,4.7,5.7,.824,1.7,8.8,10.5,2.7,1.3,1.0,2.8,3.2,23.7,,106,105,/players/m/markkla01.html,/teams/CHI/2020.html
307,290,Caleb Martin,SF,24,CHO,5,0,32,4.6,15.4,.300,0.0,4.6,.000,4.6,10.8,.429,4.6,7.7,.600,1.5,6.2,7.7,4.6,1.5,3.1,4.6,4.6,13.8,,75,110,/players/m/martica02.html,/teams/CHO/2020.html
308,291,Cody Martin,SF,24,CHO,26,0,392,4.4,10.9,.402,0.9,4.3,.206,3.5,6.7,.528,3.6,5.3,.690,1.6,7.3,8.9,4.1,2.8,0.5,1.9,5.3,13.3,,106,110,/players/m/martico01.html,/teams/CHO/2020.html
309,292,Kelan Martin,SF,24,MIN,12,0,174,6.7,18.0,.373,3.0,10.0,.297,3.8,8.1,.467,0.5,0.5,1.000,1.1,7.8,8.9,1.3,0.8,0.3,1.3,6.5,16.9,,94,113,/players/m/martike03.html,/teams/MIN/2020.html
310,293,Frank Mason,PG,25,MIL,4,0,18,2.5,17.8,.143,2.5,10.2,.250,0.0,7.6,.000,5.1,10.2,.500,2.5,2.5,5.1,12.7,2.5,0.0,2.5,5.1,12.7,,87,104,/players/m/masonfr01.html,/teams/MIL/2020.html
311,294,Garrison Mathews,SG,23,WAS,10,0,101,3.7,9.6,.381,3.2,8.7,.368,0.5,0.9,.500,3.2,3.7,.875,1.8,5.0,6.9,2.8,0.9,0.5,2.3,6.0,13.8,,114,119,/players/m/mathega01.html,/teams/WAS/2020.html
312,295,Wesley Matthews,SG,33,MIL,33,33,789,5.1,11.7,.431,3.0,8.0,.380,2.0,3.8,.538,1.8,2.3,.795,0.4,4.2,4.6,2.6,1.4,0.3,1.4,2.8,14.9,,113,106,/players/m/matthwe02.html,/teams/MIL/2020.html
313,296,Patrick McCaw,SF,24,TOR,12,6,319,4.5,9.6,.469,1.8,4.8,.375,2.7,4.8,.563,0.4,0.6,.750,1.0,3.3,4.3,3.3,2.2,0.1,2.4,3.0,11.2,,102,107,/players/m/mccawpa01.html,/teams/TOR/2020.html
314,297,CJ McCollum,SG,28,POR,33,33,1209,11.4,25.1,.455,3.5,9.3,.376,7.9,15.8,.501,2.5,3.0,.818,1.0,4.6,5.6,4.7,1.1,0.9,2.6,3.3,28.8,,109,114,/players/m/mccolcj01.html,/teams/POR/2020.html
315,298,T.J. McConnell,PG,27,IND,31,0,563,8.6,16.9,.510,0.3,0.9,.300,8.4,16.0,.522,1.2,1.5,.824,1.3,5.8,7.1,13.5,1.7,0.4,3.8,2.9,18.7,,111,107,/players/m/mccontj01.html,/teams/IND/2020.html
316,299,Jalen McDaniels,PF,22,CHO,2,0,7,14.1,35.2,.400,0.0,7.0,.000,14.1,28.1,.500,0.0,0.0,,7.0,0.0,7.0,0.0,0.0,0.0,0.0,0.0,28.1,,91,121,/players/m/mcdanja01.html,/teams/CHO/2020.html
317,300,Doug McDermott,PF,28,IND,33,0,697,8.4,17.7,.472,4.4,9.5,.460,4.0,8.1,.487,1.3,1.7,.792,1.1,5.4,6.5,2.6,0.3,0.2,1.7,4.4,22.4,,115,111,/players/m/mcderdo01.html,/teams/IND/2020.html
319,301,JaVale McGee,C,32,LAL,33,33,541,9.2,14.4,.638,0.1,0.1,1.000,9.1,14.3,.636,1.9,3.1,.629,5.7,11.5,17.2,1.8,1.4,4.4,2.3,6.9,20.5,,124,99,/players/m/mcgeeja01.html,/teams/LAL/2020.html
320,302,Rodney McGruder,SG,28,LAC,22,2,380,3.9,10.3,.381,2.0,6.3,.314,2.0,4.1,.485,0.7,1.5,.500,1.6,5.9,7.5,1.7,1.4,0.5,1.1,4.9,10.6,,102,108,/players/m/mcgruro01.html,/teams/LAC/2020.html
321,303,Alfonzo McKinnie,SF,27,CLE,21,0,202,4.8,13.2,.364,1.9,6.0,.320,2.9,7.2,.400,1.7,2.6,.636,2.6,6.5,9.1,0.7,1.7,0.7,2.2,5.3,13.2,,91,114,/players/m/mckinal01.html,/teams/CLE/2020.html
322,304,Jordan McLaughlin,PG,23,MIN,5,0,80,6.4,16.4,.393,2.3,8.2,.286,4.1,8.2,.500,2.3,2.3,1.000,0.6,4.7,5.3,7.0,2.3,0.0,2.3,2.9,17.6,,107,112,/players/m/mclaujo01.html,/teams/MIN/2020.html
323,305,Ben McLemore,SG,26,HOU,33,8,794,6.3,15.6,.404,4.7,13.3,.352,1.6,2.3,.700,2.1,2.6,.800,0.6,4.0,4.7,1.9,1.4,0.5,1.6,3.9,19.4,,114,113,/players/m/mclembe01.html,/teams/HOU/2020.html
324,306,Jordan McRae,SG,28,WAS,15,0,279,9.1,19.4,.470,3.0,6.8,.439,6.1,12.6,.487,3.8,4.7,.821,0.7,5.6,6.3,6.6,1.5,0.8,2.7,4.8,25.1,,115,117,/players/m/mcraejo01.html,/teams/WAS/2020.html
325,307,Nicolò Melli,C,29,NOP,26,3,370,5.4,13.7,.394,2.9,9.5,.307,2.5,4.3,.588,2.9,3.8,.767,1.8,5.9,7.7,3.3,1.8,0.6,2.3,5.7,16.6,,107,112,/players/m/mellini01.html,/teams/NOP/2020.html
326,308,De'Anthony Melton,PG,21,MEM,23,0,382,7.2,16.0,.450,1.6,4.4,.361,5.6,11.6,.484,4.3,5.0,.854,2.3,8.2,10.5,8.5,3.8,0.6,4.3,5.7,20.3,,108,107,/players/m/meltode01.html,/teams/MEM/2020.html
327,309,Chimezie Metu,PF,22,SAS,9,0,34,15.3,27.9,.550,0.0,0.0,,15.3,27.9,.550,2.8,5.6,.500,11.2,11.2,22.3,2.8,1.4,4.2,1.4,1.4,33.5,,121,106,/players/m/metuch01.html,/teams/SAS/2020.html
328,310,Khris Middleton,SF,28,MIL,27,24,755,11.5,23.4,.490,3.5,8.6,.408,8.0,14.8,.537,4.3,4.7,.897,1.5,7.7,9.2,6.3,1.6,0.3,3.3,3.8,30.7,,116,103,/players/m/middlkh01.html,/teams/MIL/2020.html
329,311,C.J. Miles,SG,32,WAS,10,0,161,5.5,17.0,.322,3.2,10.1,.314,2.3,6.9,.333,4.3,5.8,.750,1.2,2.3,3.5,3.5,2.9,1.2,1.2,4.0,18.4,,103,116,/players/m/milescj01.html,/teams/WAS/2020.html
330,312,Malcolm Miller,SF,26,TOR,18,1,108,2.6,8.4,.316,2.2,6.6,.333,0.4,1.8,.250,0.4,2.6,.167,0.4,5.7,6.2,3.1,1.8,0.9,1.3,4.4,7.9,,88,106,/players/m/millema01.html,/teams/TOR/2020.html
331,313,Patty Mills,PG,31,SAS,31,1,714,8.2,18.3,.451,4.5,10.9,.415,3.7,7.4,.505,2.7,3.5,.769,0.5,2.7,3.1,4.3,1.8,0.3,2.1,3.0,23.6,,114,114,/players/m/millspa02.html,/teams/SAS/2020.html
332,314,Paul Millsap,PF,34,DEN,28,28,697,8.6,17.7,.484,2.1,4.6,.462,6.4,13.1,.492,5.3,6.0,.882,3.7,7.7,11.4,2.8,1.7,1.4,2.6,5.4,24.6,,118,104,/players/m/millspa01.html,/teams/DEN/2020.html
333,315,Shake Milton,SG,23,PHI,10,0,83,7.6,20.9,.361,2.3,11.0,.211,5.2,9.9,.529,4.1,5.2,.778,0.6,4.1,4.6,4.1,0.6,0.0,7.0,7.6,21.5,,79,110,/players/m/miltosh01.html,/teams/PHI/2020.html
334,316,Donovan Mitchell,SG,23,UTA,32,32,1122,12.9,28.2,.458,3.0,8.6,.355,9.9,19.7,.503,5.7,6.8,.831,1.1,5.2,6.3,5.8,1.6,0.4,3.5,3.2,34.6,,109,108,/players/m/mitchdo01.html,/teams/UTA/2020.html
335,317,Naz Mitrou-Long,SG,26,IND,3,0,43,6.8,18.1,.375,2.3,12.4,.182,4.5,5.6,.800,0.0,0.0,,0.0,6.8,6.8,7.9,1.1,1.1,2.3,1.1,15.8,,94,107,/players/m/mitrona01.html,/teams/IND/2020.html
336,318,Adam Mokoka,G,21,CHI,1,0,3,0.0,31.8,.000,0.0,0.0,,0.0,31.8,.000,0.0,0.0,,31.8,0.0,31.8,0.0,0.0,0.0,0.0,0.0,0.0,,63,115,/players/m/mokokad01.html,/teams/CHI/2020.html
337,319,Malik Monk,SG,21,CHO,34,0,691,8.8,19.9,.441,2.4,8.8,.266,6.4,11.0,.581,2.8,3.4,.813,1.0,5.8,6.8,5.2,1.1,0.5,3.2,3.5,22.7,,102,115,/players/m/monkma01.html,/teams/CHO/2020.html
338,320,E'Twaun Moore,SG,30,NOP,22,3,440,9.0,20.9,.431,3.7,8.6,.432,5.3,12.3,.431,1.5,2.4,.609,1.8,5.3,7.1,3.7,1.3,0.2,1.4,3.6,23.2,,110,114,/players/m/mooreet01.html,/teams/NOP/2020.html
340,321,Ja Morant,PG,20,MEM,28,28,819,10.3,22.1,.466,1.4,3.6,.397,8.9,18.5,.480,5.7,7.3,.789,1.0,4.1,5.1,10.3,1.7,0.5,4.9,2.7,27.8,,107,115,/players/m/moranja01.html,/teams/MEM/2020.html
341,322,Juwan Morgan,PF,22,UTA,3,0,9,0.0,0.0,,0.0,0.0,,0.0,0.0,,0.0,0.0,,0.0,10.7,10.7,0.0,0.0,0.0,5.3,5.3,0.0,,0,109,/players/m/morgaju01.html,/teams/UTA/2020.html
342,323,Marcus Morris,SF,30,NYK,30,30,944,9.2,21.4,.429,4.0,8.8,.459,5.2,12.6,.408,5.9,6.8,.864,1.6,7.0,8.7,2.3,1.2,0.7,2.6,4.8,28.2,,113,114,/players/m/morrima03.html,/teams/NYK/2020.html
343,324,Markieff Morris,PF,30,DET,31,15,698,8.6,18.3,.470,3.7,9.0,.411,4.9,9.4,.526,2.4,3.3,.745,1.2,7.3,8.5,3.6,1.3,0.5,3.7,4.9,23.3,,105,113,/players/m/morrima02.html,/teams/DET/2020.html
344,325,Monte Morris,PG,24,DEN,32,0,563,7.5,18.0,.420,1.7,4.1,.404,5.9,13.8,.424,2.3,3.0,.765,0.8,3.6,4.4,9.0,1.8,0.7,1.8,2.2,19.0,,111,107,/players/m/morrimo01.html,/teams/DEN/2020.html
345,326,Johnathan Motley,PF,24,LAC,4,0,11,4.2,12.7,.333,4.2,4.2,1.000,0.0,8.5,.000,0.0,0.0,,4.2,4.2,8.5,12.7,12.7,0.0,12.7,12.7,12.7,,78,83,/players/m/motlejo01.html,/teams/LAC/2020.html
346,327,Emmanuel Mudiay,PG,23,UTA,29,0,476,8.3,17.4,.477,1.5,4.4,.341,6.8,12.9,.523,3.3,4.3,.767,0.9,6.7,7.6,6.9,0.9,0.7,4.6,4.8,21.4,,102,108,/players/m/mudiaem01.html,/teams/UTA/2020.html
347,328,Dejounte Murray,PG,23,SAS,28,20,662,8.4,17.2,.488,0.7,2.7,.270,7.7,14.5,.527,3.2,4.0,.786,2.2,9.5,11.7,8.2,3.7,0.6,4.7,4.9,20.6,,104,106,/players/m/murrade01.html,/teams/SAS/2020.html
348,329,Jamal Murray,PG,22,DEN,32,32,1023,9.9,22.9,.432,2.6,7.8,.327,7.3,15.1,.486,4.3,4.8,.909,1.4,5.3,6.7,7.1,2.1,0.4,3.5,2.7,26.7,,107,106,/players/m/murraja01.html,/teams/DEN/2020.html
349,330,Džanan Musa,SF,20,BRK,23,0,307,4.9,15.3,.320,1.4,7.6,.180,3.5,7.6,.460,3.5,4.7,.742,1.5,6.3,7.8,3.7,1.4,0.2,3.7,2.6,14.7,,84,109,/players/m/musadz01.html,/teams/BRK/2020.html
350,331,Mike Muscala,C,28,OKC,20,0,200,4.6,15.8,.292,2.9,11.7,.250,1.7,4.1,.412,2.2,2.4,.900,1.7,8.0,9.7,3.4,1.0,0.7,1.5,5.1,14.4,,94,109,/players/m/muscami01.html,/teams/OKC/2020.html
351,332,Sviatoslav Mykhailiuk,SF,22,DET,28,5,483,5.7,14.1,.404,4.4,10.3,.427,1.3,3.8,.342,1.1,1.4,.786,0.6,3.1,3.7,3.9,1.4,0.2,2.4,3.7,16.9,,107,115,/players/m/mykhasv01.html,/teams/DET/2020.html
352,333,Abdel Nader,SF,26,OKC,25,5,457,6.5,14.0,.466,2.8,7.2,.382,3.7,6.7,.556,2.8,3.5,.788,0.9,4.1,4.9,1.9,1.0,1.0,2.7,4.1,18.5,,106,111,/players/n/naderab01.html,/teams/OKC/2020.html
353,334,Larry Nance,C,27,CLE,29,5,715,6.4,12.9,.495,2.0,5.8,.341,4.4,7.1,.619,1.8,2.6,.667,3.4,10.7,14.1,2.9,1.5,1.0,1.9,3.1,16.5,,117,112,/players/n/nancela02.html,/teams/CLE/2020.html
354,335,Shabazz Napier,PG,28,MIN,18,4,340,5.9,17.9,.331,2.3,10.9,.215,3.6,7.0,.510,3.6,4.3,.839,0.6,4.8,5.4,9.2,2.9,0.6,4.4,2.9,17.8,,93,110,/players/n/napiesh01.html,/teams/MIN/2020.html
355,336,Raul Neto,PG,27,PHI,28,2,325,6.5,13.4,.489,2.4,5.2,.457,4.2,8.2,.509,0.9,1.2,.750,0.4,3.9,4.3,6.2,2.1,0.3,3.7,3.0,16.3,,104,107,/players/n/netora01.html,/teams/PHI/2020.html
356,337,Georges Niang,PF,26,UTA,26,0,310,6.7,14.7,.453,3.9,9.5,.410,2.8,5.3,.529,1.1,1.5,.700,0.9,6.0,7.0,1.7,0.6,0.5,2.0,5.4,18.3,,108,109,/players/n/niangge01.html,/teams/UTA/2020.html
357,338,Nerlens Noel,C,25,OKC,31,3,575,8.0,11.9,.671,0.0,0.0,,8.0,11.9,.671,4.5,5.5,.815,3.7,9.0,12.7,3.4,3.0,3.9,3.0,6.9,20.4,,129,100,/players/n/noelne01.html,/teams/OKC/2020.html
358,339,Zach Norvell,SG,22,LAL,2,0,5,0.0,9.6,.000,0.0,0.0,,0.0,9.6,.000,0.0,0.0,,0.0,9.6,9.6,0.0,0.0,0.0,0.0,0.0,0.0,,0,109,/players/n/norveza01.html,/teams/LAL/2020.html
359,340,Jaylen Nowell,SG,20,MIN,5,0,59,5.6,12.7,.438,0.0,7.1,.000,5.6,5.6,1.000,4.0,4.0,1.000,0.0,1.6,1.6,4.0,0.0,0.0,0.8,1.6,15.1,,114,119,/players/n/nowelja01.html,/teams/MIN/2020.html
361,341,Frank Ntilikina,PG,21,NYK,31,23,699,4.6,12.0,.382,1.8,5.4,.338,2.8,6.7,.417,1.5,1.7,.840,0.8,3.6,4.4,6.3,2.5,0.8,2.6,5.8,12.5,,100,113,/players/n/ntilila01.html,/teams/NYK/2020.html
362,342,Kendrick Nunn,SG,24,MIA,32,32,978,10.1,22.5,.449,3.3,9.4,.349,6.8,13.1,.521,2.0,2.5,.800,0.4,4.1,4.5,5.7,1.5,0.3,3.0,3.9,25.5,,104,109,/players/n/nunnke01.html,/teams/MIA/2020.html
363,343,David Nwaba,SF,27,BRK,20,0,268,6.5,12.4,.521,2.1,4.9,.429,4.4,7.5,.581,3.1,4.7,.667,1.4,6.5,7.9,1.4,1.9,2.1,1.4,5.6,18.2,,120,105,/players/n/nwabada01.html,/teams/BRK/2020.html
364,344,Royce O'Neale,PF,26,UTA,32,29,944,3.9,8.1,.478,2.2,4.9,.454,1.6,3.2,.516,0.7,0.9,.778,0.3,7.8,8.1,4.1,1.4,0.5,1.4,4.9,10.7,,120,106,/players/o/onealro01.html,/teams/UTA/2020.html
365,345,Kyle O'Quinn,C,29,PHI,18,0,170,6.8,13.6,.500,1.7,4.5,.375,5.1,9.1,.563,0.9,2.3,.375,5.4,11.9,17.3,6.5,0.6,3.7,4.5,6.8,16.2,,106,102,/players/o/oquinky01.html,/teams/PHI/2020.html
366,346,Semi Ojeleye,PF,25,BOS,29,4,434,2.9,7.5,.388,1.7,4.7,.357,1.2,2.8,.440,0.8,1.1,.700,1.1,5.1,6.3,1.6,1.2,0.2,0.7,3.9,8.3,,111,108,/players/o/ojelese01.html,/teams/BOS/2020.html
367,347,Jahlil Okafor,C,24,NOP,20,8,337,9.1,15.0,.611,0.1,0.3,.500,9.0,14.7,.613,3.9,6.0,.651,4.6,7.8,12.3,4.0,0.7,2.1,4.2,7.3,22.3,,114,112,/players/o/okafoja01.html,/teams/NOP/2020.html
368,348,Elie Okobo,PG,22,PHO,23,1,265,7.1,16.3,.435,2.3,6.2,.371,4.8,10.1,.474,4.8,7.4,.643,0.7,4.1,4.8,9.0,1.9,0.4,1.6,3.5,21.2,,118,112,/players/o/okoboel01.html,/teams/PHO/2020.html
369,349,Josh Okogie,SG,21,MIN,29,12,706,4.7,12.3,.384,1.3,4.8,.274,3.4,7.4,.455,4.5,5.8,.782,2.5,6.3,8.8,2.7,1.7,0.9,2.9,4.2,15.2,,101,111,/players/o/okogijo01.html,/teams/MIN/2020.html
370,350,KZ Okpala,SF,20,MIA,3,0,3,0.0,0.0,,0.0,0.0,,0.0,0.0,,0.0,0.0,,0.0,16.2,16.2,0.0,0.0,0.0,16.2,0.0,0.0,,0,107,/players/o/okpalkz01.html,/teams/MIA/2020.html
371,351,Kelly Olynyk,C,28,MIA,32,0,685,6.1,13.4,.455,3.4,8.0,.425,2.7,5.4,.500,3.2,3.6,.882,1.8,9.1,10.9,3.0,1.7,0.7,2.8,5.9,18.8,,114,106,/players/o/olynyke01.html,/teams/MIA/2020.html
372,352,Miye Oni,SG,22,UTA,3,0,8,0.0,0.0,,0.0,0.0,,0.0,0.0,,0.0,0.0,,0.0,6.0,6.0,0.0,0.0,0.0,6.0,0.0,0.0,,0,112,/players/o/onimi01.html,/teams/UTA/2020.html
373,353,Cedi Osman,SF,24,CLE,32,32,920,6.3,14.6,.428,2.7,7.5,.364,3.5,7.1,.496,1.4,2.3,.605,0.7,4.9,5.6,3.6,1.7,0.5,2.3,3.5,16.6,,103,115,/players/o/osmande01.html,/teams/CLE/2020.html
374,354,Kelly Oubre,SF,24,PHO,32,32,1057,8.7,19.5,.448,2.2,6.8,.318,6.6,12.7,.517,5.0,6.2,.801,1.8,6.9,8.6,2.3,2.0,1.1,2.4,4.6,24.6,,106,109,/players/o/oubreke01.html,/teams/PHO/2020.html
375,355,Jabari Parker,PF,24,ATL,31,23,822,11.1,21.9,.506,1.8,6.3,.277,9.3,15.6,.600,3.0,4.1,.736,2.9,7.8,10.7,3.1,2.3,0.8,3.4,5.1,26.9,,106,111,/players/p/parkeja01.html,/teams/ATL/2020.html
376,356,Chandler Parsons,SF,31,ATL,5,0,54,4.3,15.5,.278,3.4,12.1,.286,0.9,3.4,.250,0.0,0.0,,0.9,5.2,6.0,2.6,3.4,0.9,2.6,2.6,12.1,,77,111,/players/p/parsoch01.html,/teams/ATL/2020.html
377,357,Eric Paschall,PF,23,GSW,29,19,819,9.2,18.8,.492,1.2,3.8,.308,8.1,15.0,.539,5.2,6.6,.788,2.5,5.5,8.0,2.9,0.7,0.6,2.5,3.3,24.8,,111,116,/players/p/pascher01.html,/teams/GSW/2020.html
378,358,Anžejs Pasečņiks,C,24,WAS,6,0,127,7.7,13.9,.553,0.0,0.0,,7.7,13.9,.553,4.7,7.7,.619,4.4,5.8,10.2,1.5,0.7,0.0,1.8,6.6,20.1,,118,120,/players/p/pasecan01.html,/teams/WAS/2020.html
379,359,Patrick Patterson,PF,30,LAC,31,14,456,5.7,13.8,.415,4.1,10.4,.392,1.6,3.4,.485,1.7,2.5,.708,2.6,7.4,9.9,2.5,0.5,0.3,1.1,2.5,17.3,,122,109,/players/p/pattepa01.html,/teams/LAC/2020.html
380,360,Justin Patton,C,22,OKC,2,0,9,5.4,16.2,.333,0.0,5.4,.000,5.4,10.8,.500,0.0,0.0,,0.0,10.8,10.8,0.0,0.0,0.0,5.4,21.6,10.8,,49,110,/players/p/pattoju01.html,/teams/OKC/2020.html
382,361,Chris Paul,PG,34,OKC,32,32,1014,8.6,18.3,.468,2.4,6.6,.372,6.1,11.7,.523,5.9,6.5,.904,0.5,6.9,7.3,10.0,2.4,0.2,2.9,3.7,25.5,,122,107,/players/p/paulch01.html,/teams/OKC/2020.html
383,362,Elfrid Payton,PG,25,NYK,16,7,383,6.6,16.8,.394,1.1,3.8,.300,5.5,13.0,.422,1.4,2.2,.647,2.4,5.2,7.6,12.1,3.2,0.5,3.8,4.1,15.8,,101,111,/players/p/paytoel01.html,/teams/NYK/2020.html
384,363,Gary Payton,G,27,WAS,3,1,95,6.8,12.2,.560,2.4,3.9,.625,4.4,8.3,.529,1.0,2.0,.500,4.4,6.3,10.7,5.9,6.3,1.0,2.9,2.0,17.1,,124,106,/players/p/paytoga02.html,/teams/WAS/2020.html
385,364,Norvel Pelle,SF,26,PHI,7,0,63,4.6,6.9,.667,0.0,0.0,,4.6,6.9,.667,3.1,4.6,.667,3.1,11.5,14.5,3.1,0.0,6.9,4.6,9.2,12.2,,103,99,/players/p/pelleno01.html,/teams/PHI/2020.html
386,365,Theo Pinson,SG,24,BRK,21,0,283,6.1,20.7,.296,2.2,10.4,.206,4.0,10.3,.387,2.5,2.7,.938,1.3,5.5,6.8,6.6,1.7,0.3,4.5,4.5,16.9,,81,109,/players/p/pinsoth01.html,/teams/BRK/2020.html
387,366,Mason Plumlee,C,29,DEN,32,1,557,8.0,13.5,.588,0.0,0.4,.000,8.0,13.2,.604,4.2,7.2,.580,5.2,11.1,16.3,6.6,1.7,1.9,4.4,6.5,20.1,,113,101,/players/p/plumlma01.html,/teams/DEN/2020.html
388,367,Vincent Poirier,C,26,BOS,9,0,44,7.7,15.4,.500,0.0,0.0,,7.7,15.4,.500,1.1,2.2,.500,8.8,7.7,16.5,3.3,2.2,2.2,3.3,11.0,16.5,,109,101,/players/p/poirivi01.html,/teams/BOS/2020.html
389,368,Jakob Pöltl,C,24,SAS,31,7,568,6.1,10.3,.593,0.0,0.0,,6.1,10.3,.593,2.0,3.7,.545,5.3,9.9,15.1,4.4,1.5,3.8,2.3,4.4,14.2,,122,107,/players/p/poeltja01.html,/teams/SAS/2020.html
390,369,Shamorie Ponds,PG,21,TOR,3,0,9,10.6,21.2,.500,0.0,5.3,.000,10.6,15.9,.667,0.0,0.0,,0.0,5.3,5.3,10.6,0.0,5.3,0.0,10.6,21.2,,121,105,/players/p/pondssh01.html,/teams/TOR/2020.html
391,370,Jordan Poole,SG,20,GSW,29,9,630,4.8,18.8,.254,2.4,10.0,.242,2.4,8.8,.267,3.6,4.3,.839,0.3,4.0,4.3,4.0,1.3,0.5,2.4,3.6,15.6,,80,115,/players/p/poolejo01.html,/teams/GSW/2020.html
392,371,Kevin Porter,SF,19,CLE,31,1,670,7.1,16.0,.441,1.9,6.0,.313,5.2,10.0,.518,2.8,3.7,.765,0.7,6.5,7.2,4.4,2.0,0.4,3.9,5.8,18.9,,97,113,/players/p/porteke02.html,/teams/CLE/2020.html
393,372,Michael Porter,PF,21,DEN,23,1,223,10.6,21.7,.490,2.9,7.7,.371,7.7,13.9,.556,2.2,2.9,.769,4.6,9.7,14.4,2.2,0.7,1.8,3.1,6.6,26.3,,109,105,/players/p/portemi01.html,/teams/DEN/2020.html
394,373,Otto Porter,SF,26,CHI,9,9,226,7.4,17.7,.417,3.4,8.4,.400,4.0,9.3,.432,3.2,4.2,.750,1.7,4.9,6.5,3.0,1.9,0.6,1.5,4.2,21.3,,111,107,/players/p/porteot01.html,/teams/CHI/2020.html
395,374,Bobby Portis,C,24,NYK,33,2,710,8.6,19.9,.433,2.3,6.6,.354,6.3,13.4,.472,2.2,3.0,.727,3.3,9.9,13.2,2.7,1.4,0.6,2.3,4.2,21.8,,104,112,/players/p/portibo01.html,/teams/NYK/2020.html
396,375,Kristaps Porziņģis,PF,24,DAL,31,31,968,9.5,23.5,.403,3.4,9.8,.343,6.1,13.6,.445,4.3,6.0,.725,2.7,11.8,14.5,2.2,0.9,3.3,2.6,4.7,26.6,,103,104,/players/p/porzikr01.html,/teams/DAL/2020.html
397,376,Dwight Powell,C,28,DAL,29,26,757,6.0,9.9,.606,0.6,1.8,.310,5.4,8.0,.675,3.1,4.7,.649,3.3,6.9,10.2,2.7,1.6,1.0,1.6,4.6,15.6,,131,108,/players/p/poweldw01.html,/teams/DAL/2020.html
398,377,Norman Powell,SG,26,TOR,27,16,780,8.6,17.4,.493,3.1,8.0,.389,5.4,9.4,.582,3.5,4.2,.826,0.9,5.5,6.4,2.8,1.8,0.7,2.6,3.2,23.7,,113,106,/players/p/powelno01.html,/teams/TOR/2020.html
399,378,Julius Randle,PF,25,NYK,33,33,1057,10.4,22.8,.457,1.8,6.2,.291,8.6,16.6,.518,5.8,8.4,.698,3.5,10.0,13.4,5.0,1.1,0.2,4.4,4.1,28.4,,105,113,/players/r/randlju01.html,/teams/NYK/2020.html
400,379,Cam Reddish,SF,20,ATL,30,20,777,5.2,16.0,.326,1.9,7.1,.261,3.4,8.9,.378,2.7,3.5,.763,1.1,5.8,6.9,2.9,1.9,0.7,3.2,3.3,15.0,,83,114,/players/r/reddica01.html,/teams/ATL/2020.html
401,380,J.J. Redick,SG,35,NOP,32,28,909,7.9,17.9,.443,5.1,11.3,.452,2.8,6.5,.425,4.2,4.8,.882,0.4,4.3,4.7,3.2,0.6,0.3,2.0,2.7,25.2,,121,117,/players/r/redicjj01.html,/teams/NOP/2020.html
403,381,Naz Reid,C,20,MIN,2,0,4,11.7,23.4,.500,11.7,23.4,.500,0.0,0.0,,0.0,0.0,,0.0,11.7,11.7,0.0,0.0,0.0,0.0,11.7,35.1,,139,113,/players/r/reidna01.html,/teams/MIN/2020.html
404,382,Josh Richardson,SG,26,PHI,27,27,855,8.4,19.4,.433,2.8,7.6,.363,5.6,11.8,.478,3.0,4.0,.761,1.4,4.0,5.4,5.0,1.6,1.0,3.3,4.3,22.6,,103,107,/players/r/richajo01.html,/teams/PHI/2020.html
405,383,Austin Rivers,SG,27,HOU,31,2,730,5.9,14.5,.406,2.6,8.1,.320,3.3,6.4,.515,1.8,2.7,.690,1.1,3.8,5.0,3.2,1.1,0.4,1.3,3.9,16.3,,110,113,/players/r/riverau01.html,/teams/HOU/2020.html
406,384,Duncan Robinson,SF,25,MIA,32,27,865,7.3,14.9,.492,5.9,12.7,.465,1.5,2.2,.650,1.1,1.1,.950,0.3,5.3,5.5,1.6,1.1,0.6,1.1,5.0,21.6,,129,109,/players/r/robindu01.html,/teams/MIA/2020.html
407,385,Glenn Robinson,SF,26,GSW,33,33,1052,6.9,15.2,.455,1.9,4.9,.393,5.0,10.3,.485,1.8,2.1,.848,2.2,4.7,7.0,2.4,1.5,0.4,1.3,2.6,17.5,,111,115,/players/r/robingl02.html,/teams/GSW/2020.html
408,386,Jerome Robinson,SG,22,LAC,26,0,306,5.2,15.1,.343,2.0,7.0,.283,3.2,8.1,.396,0.9,2.0,.462,0.5,5.8,6.3,3.8,1.1,1.1,2.7,5.5,13.3,,84,108,/players/r/robinje01.html,/teams/LAC/2020.html
409,387,Justin Robinson,PG,22,WAS,8,0,45,5.1,11.3,.455,3.1,5.1,.600,2.1,6.2,.333,0.0,0.0,,1.0,4.1,5.1,6.2,0.0,1.0,3.1,2.1,13.4,,108,121,/players/r/robinju01.html,/teams/WAS/2020.html
410,388,Mitchell Robinson,C,21,NYK,29,7,653,8.9,12.9,.688,0.0,0.0,,8.9,12.9,.688,3.9,6.4,.616,6.9,8.5,15.4,1.1,1.7,4.2,1.4,7.7,21.7,,139,107,/players/r/robinmi01.html,/teams/NYK/2020.html
411,389,Rajon Rondo,PG,33,LAL,21,1,451,6.6,15.7,.419,2.5,6.5,.393,4.0,9.2,.437,1.5,2.0,.737,1.2,6.8,8.0,12.4,2.4,0.2,4.7,2.8,17.2,,106,105,/players/r/rondora01.html,/teams/LAL/2020.html
412,390,Derrick Rose,PG,31,DET,27,1,658,13.5,27.6,.491,1.9,6.0,.321,11.6,21.6,.537,4.2,4.8,.877,1.1,3.3,4.4,11.8,1.8,0.7,4.9,1.8,33.2,,111,114,/players/r/rosede01.html,/teams/DET/2020.html
413,391,Terrence Ross,SG,28,ORL,30,0,748,8.8,21.6,.409,4.1,12.0,.337,4.8,9.6,.500,3.9,4.5,.868,0.5,5.1,5.6,1.8,1.8,0.6,2.1,3.1,25.6,,103,109,/players/r/rosste01.html,/teams/ORL/2020.html
414,392,Terry Rozier,PG,25,CHO,35,35,1170,9.1,22.0,.415,3.6,9.5,.381,5.5,12.5,.441,3.6,4.3,.843,1.2,5.3,6.6,6.3,1.8,0.3,4.0,3.3,25.5,,103,114,/players/r/roziete01.html,/teams/CHO/2020.html
415,393,Ricky Rubio,PG,29,PHO,26,26,828,7.5,18.1,.413,1.8,5.5,.316,5.7,12.6,.455,4.0,4.7,.855,1.1,5.8,6.9,13.5,1.9,0.3,3.7,3.7,20.7,,111,111,/players/r/rubiori01.html,/teams/PHO/2020.html
416,394,D'Angelo Russell,SG,23,GSW,22,22,691,12.4,28.6,.433,5.1,14.1,.363,7.3,14.5,.502,5.5,7.1,.767,0.4,4.7,5.1,9.2,1.3,0.6,4.6,3.3,35.4,,107,115,/players/r/russeda01.html,/teams/GSW/2020.html
417,395,Domantas Sabonis,C,23,IND,31,31,1060,9.8,19.5,.504,0.4,1.5,.273,9.4,18.0,.523,4.6,6.3,.737,4.7,14.2,19.0,5.6,1.1,0.8,3.8,5.0,24.6,,110,102,/players/s/sabondo01.html,/teams/IND/2020.html
418,396,JaKarr Sampson,SF,26,IND,10,7,171,6.8,11.9,.571,0.6,2.8,.200,6.2,9.1,.688,0.6,2.0,.286,2.0,5.7,7.7,1.1,1.4,1.7,1.7,6.8,14.8,,106,106,/players/s/sampsja02.html,/teams/IND/2020.html
419,397,Dario Šarić,PF,25,PHO,32,32,880,7.1,16.0,.442,2.7,7.9,.336,4.4,8.1,.546,2.3,2.7,.863,2.9,9.4,12.3,3.6,1.3,0.5,2.4,4.5,19.2,,109,111,/players/s/saricda01.html,/teams/PHO/2020.html
420,398,Tomáš Satoranský,PG,28,CHI,33,33,931,6.2,13.5,.462,2.0,5.2,.396,4.2,8.3,.503,2.5,2.9,.857,1.6,4.8,6.5,8.9,2.6,0.3,3.5,3.1,17.0,,112,106,/players/s/satorto01.html,/teams/CHI/2020.html
421,399,Admiral Schofield,SF,22,WAS,18,2,222,4.4,11.1,.396,2.3,7.1,.324,2.1,4.0,.526,1.7,2.1,.800,0.8,4.4,5.2,2.5,1.5,0.6,1.3,6.7,12.7,,107,118,/players/s/schofad01.html,/teams/WAS/2020.html
422,400,Dennis Schröder,PG,26,OKC,31,0,935,11.3,24.1,.469,2.9,8.3,.346,8.4,15.8,.533,4.2,5.1,.825,0.4,5.8,6.2,6.0,1.1,0.5,4.8,3.5,29.6,,102,110,/players/s/schrode01.html,/teams/OKC/2020.html
424,401,Mike Scott,PF,31,PHI,35,4,654,5.8,13.3,.431,3.2,9.1,.358,2.5,4.3,.586,0.9,1.1,.800,1.7,6.6,8.3,1.6,0.8,0.1,1.0,3.3,15.6,,114,109,/players/s/scottmi01.html,/teams/PHI/2020.html
425,402,Thabo Sefolosha,PF,35,HOU,23,0,227,3.3,9.8,.333,1.6,5.9,.276,1.6,3.9,.421,0.0,0.2,.000,2.5,7.4,9.8,3.1,1.8,0.8,1.4,4.3,8.2,,98,109,/players/s/sefolth01.html,/teams/HOU/2020.html
426,403,Collin Sexton,SG,21,CLE,32,32,979,11.0,24.5,.448,1.3,4.7,.274,9.7,19.8,.489,5.1,6.2,.817,1.7,3.5,5.1,3.8,1.5,0.1,3.3,3.3,28.3,,103,116,/players/s/sextoco01.html,/teams/CLE/2020.html
427,404,Landry Shamet,SG,22,LAC,17,11,462,5.1,11.8,.427,3.5,8.8,.402,1.5,3.0,.500,2.1,2.2,.955,0.1,2.9,3.0,2.7,0.8,0.4,1.6,5.2,15.8,,117,111,/players/s/shamela01.html,/teams/LAC/2020.html
428,405,Iman Shumpert,SG,29,BRK,13,0,241,4.1,12.5,.328,1.6,6.4,.242,2.5,6.0,.419,0.8,1.4,.571,1.8,4.9,6.6,2.3,2.3,0.4,1.9,4.1,10.5,,85,108,/players/s/shumpim01.html,/teams/BRK/2020.html
429,406,Pascal Siakam,PF,25,TOR,27,27,989,12.2,26.7,.457,3.2,8.2,.392,9.0,18.5,.486,5.0,6.2,.813,1.8,8.6,10.5,4.7,1.3,1.3,3.5,3.7,32.7,,107,104,/players/s/siakapa01.html,/teams/TOR/2020.html
430,407,Chris Silva,PF,23,MIA,25,0,237,7.0,10.4,.667,0.0,0.4,.000,7.0,10.0,.694,5.7,8.2,.700,9.0,9.2,18.2,3.1,1.2,3.1,5.7,12.7,19.6,,118,103,/players/s/silvach01.html,/teams/MIA/2020.html
431,408,Ben Simmons,PG,23,PHI,33,33,1161,8.1,14.4,.561,0.1,0.2,.400,8.0,14.2,.563,3.5,6.0,.579,2.3,7.3,9.6,11.9,3.1,0.9,4.9,4.7,19.7,,112,102,/players/s/simmobe01.html,/teams/PHI/2020.html
432,409,Anfernee Simons,SG,20,POR,33,1,722,7.9,18.7,.420,2.7,7.9,.339,5.2,10.8,.479,2.4,3.1,.771,0.9,4.5,5.4,2.9,0.9,0.3,1.9,4.6,20.8,,104,115,/players/s/simonan01.html,/teams/POR/2020.html
433,410,Alen Smailagić,F,19,GSW,2,0,24,8.0,12.0,.667,0.0,4.0,.000,8.0,8.0,1.000,2.0,2.0,1.000,2.0,10.0,12.0,2.0,0.0,2.0,0.0,6.0,18.0,,148,113,/players/s/smailal01.html,/teams/GSW/2020.html
434,411,Marcus Smart,SG,25,BOS,21,15,659,6.2,16.3,.380,3.2,9.6,.328,3.0,6.6,.456,2.3,2.7,.838,1.5,3.7,5.2,6.8,2.1,0.7,1.9,3.5,17.8,,112,107,/players/s/smartma01.html,/teams/BOS/2020.html
435,412,Dennis Smith,PG,22,NYK,21,1,339,5.9,18.1,.325,1.7,5.9,.293,4.2,12.2,.341,2.2,4.3,.500,1.9,4.4,6.3,8.2,1.4,1.0,4.3,6.3,15.6,,85,114,/players/s/smithde03.html,/teams/NYK/2020.html
436,413,Ish Smith,PG,31,WAS,31,12,783,7.5,16.7,.449,1.8,4.7,.380,5.7,12.1,.475,1.4,2.1,.667,0.9,4.3,5.1,7.6,1.4,0.8,2.3,2.8,18.2,,108,119,/players/s/smithis01.html,/teams/WAS/2020.html
437,414,Tony Snell,SF,28,DET,29,27,758,5.3,11.8,.451,3.6,8.6,.425,1.7,3.2,.520,0.8,0.8,1.000,0.4,2.9,3.3,2.5,0.9,0.3,0.9,3.1,15.0,,121,117,/players/s/snellto01.html,/teams/DET/2020.html
438,415,Omari Spellman,PF,22,GSW,31,0,515,6.9,16.1,.428,1.8,5.0,.352,5.1,11.1,.462,3.6,4.5,.813,5.7,8.7,14.4,2.4,1.6,1.6,3.3,2.8,19.2,,105,111,/players/s/spellom01.html,/teams/GSW/2020.html
439,416,Max Strus,SG,23,CHI,2,0,6,15.9,23.8,.667,0.0,7.9,.000,15.9,15.9,1.000,7.9,7.9,1.000,7.9,0.0,7.9,0.0,0.0,0.0,0.0,7.9,39.7,,153,115,/players/s/strusma01.html,/teams/CHI/2020.html
440,417,Edmond Sumner,PG,24,IND,10,2,151,5.8,14.5,.400,1.3,4.8,.267,4.5,9.6,.467,1.3,2.3,.571,2.3,2.9,5.1,5.8,2.6,1.3,1.9,5.5,14.1,,101,106,/players/s/sumneed01.html,/teams/IND/2020.html
441,418,Caleb Swanigan,PF,22,SAC,5,0,13,3.8,7.6,.500,0.0,0.0,,3.8,7.6,.500,3.8,7.6,.500,3.8,15.3,19.1,0.0,3.8,7.6,15.3,11.4,11.4,,48,92,/players/s/swanica01.html,/teams/SAC/2020.html
442,419,Jayson Tatum,PF,21,BOS,30,30,1024,10.9,26.1,.420,3.5,9.8,.359,7.4,16.3,.456,4.8,5.7,.842,1.7,8.2,9.9,4.1,1.9,1.1,3.2,3.2,30.2,,105,104,/players/t/tatumja01.html,/teams/BOS/2020.html
443,420,Jeff Teague,PG,31,MIN,27,13,793,7.2,15.9,.452,1.7,4.4,.378,5.5,11.6,.480,6.6,7.7,.862,0.8,3.7,4.5,10.2,1.2,0.6,3.6,3.4,22.7,,118,114,/players/t/teaguje01.html,/teams/MIN/2020.html
445,421,Garrett Temple,SG,33,BRK,31,22,903,6.0,15.6,.383,3.4,10.4,.328,2.5,5.1,.495,1.6,2.1,.756,0.9,4.5,5.5,4.0,1.5,0.8,1.9,3.0,17.0,,105,109,/players/t/templga01.html,/teams/BRK/2020.html
446,422,Daniel Theis,C,27,BOS,27,26,581,6.5,12.1,.538,0.8,2.3,.321,5.8,9.8,.590,2.2,3.1,.703,3.6,10.1,13.7,3.2,1.1,3.4,1.8,7.4,15.9,,121,101,/players/t/theisda01.html,/teams/BOS/2020.html
447,423,Isaiah Thomas,PG,30,WAS,22,19,561,9.1,21.1,.430,4.0,9.3,.425,5.1,11.8,.434,3.1,3.7,.844,0.4,2.9,3.3,8.7,0.8,0.4,3.9,3.9,25.3,,107,121,/players/t/thomais02.html,/teams/WAS/2020.html
448,424,Khyri Thomas,SG,23,DET,2,0,6,0.0,0.0,,0.0,0.0,,0.0,0.0,,8.1,16.1,.500,0.0,0.0,0.0,0.0,0.0,0.0,0.0,0.0,8.1,,123,121,/players/t/thomakh01.html,/teams/DET/2020.html
449,425,Matt Thomas,SG,25,TOR,12,0,136,7.0,13.0,.541,4.9,9.1,.538,2.1,3.9,.545,1.1,1.8,.600,0.4,4.2,4.6,1.4,1.4,0.0,1.4,4.2,20.0,,127,109,/players/t/thomama02.html,/teams/TOR/2020.html
450,426,Tristan Thompson,C,28,CLE,31,31,972,8.4,16.7,.503,0.1,0.3,.429,8.3,16.4,.505,2.8,4.8,.577,6.1,9.5,15.6,3.5,1.2,1.5,2.8,3.5,19.8,,109,112,/players/t/thomptr01.html,/teams/CLE/2020.html
451,427,Matisse Thybulle,SG,22,PHI,30,3,529,4.5,10.2,.438,2.8,6.1,.463,1.6,4.1,.400,1.5,2.2,.667,0.7,2.2,2.9,3.4,3.9,2.0,2.6,5.7,13.2,,105,101,/players/t/thybuma01.html,/teams/PHI/2020.html
452,428,Anthony Tolliver,PF,34,POR,23,8,379,3.2,9.5,.342,2.6,7.6,.344,0.6,1.9,.333,1.4,1.7,.786,1.9,6.4,8.2,2.2,0.9,0.7,2.4,4.4,10.5,,98,114,/players/t/tollian01.html,/teams/POR/2020.html
453,429,Karl-Anthony Towns,C,24,MIN,23,23,779,12.4,24.2,.514,4.9,11.8,.418,7.5,12.4,.604,6.8,8.5,.796,3.8,12.4,16.2,6.1,1.4,1.7,4.3,4.8,36.6,,123,107,/players/t/townska01.html,/teams/MIN/2020.html
454,430,Gary Trent,SG,21,POR,20,1,217,5.2,14.1,.369,3.7,9.4,.395,1.5,4.8,.318,0.9,0.9,1.000,1.1,4.1,5.2,2.0,1.5,0.7,1.5,3.9,15.0,,104,114,/players/t/trentga02.html,/teams/POR/2020.html
455,431,Allonzo Trier,PG,24,NYK,16,1,205,8.1,15.7,.515,3.6,8.8,.405,4.5,6.9,.655,7.4,9.3,.795,0.2,5.0,5.2,5.0,0.5,0.9,4.7,5.5,27.1,,117,116,/players/t/trieral01.html,/teams/NYK/2020.html
456,432,P.J. Tucker,PF,34,HOU,33,33,1190,4.2,8.8,.480,2.3,5.8,.389,2.0,3.0,.654,0.9,1.2,.767,2.1,7.3,9.4,1.8,1.6,0.5,1.4,4.3,11.6,,122,110,/players/t/tuckepj01.html,/teams/HOU/2020.html
457,433,Evan Turner,PG,31,ATL,18,0,230,4.9,12.7,.381,0.0,1.0,.000,4.9,11.7,.414,2.4,2.8,.857,1.4,5.9,7.3,7.3,1.6,1.6,5.1,3.6,12.1,,84,113,/players/t/turneev01.html,/teams/ATL/2020.html
458,434,Myles Turner,C,23,IND,25,25,731,7.2,15.9,.454,2.7,7.3,.364,4.6,8.6,.531,2.8,3.9,.724,2.3,7.2,9.5,2.0,1.0,3.5,2.3,4.1,19.9,,108,104,/players/t/turnemy01.html,/teams/IND/2020.html
459,435,Jonas Valančiūnas,C,27,MEM,31,31,774,11.4,19.3,.594,1.1,2.5,.439,10.4,16.8,.616,3.0,4.0,.742,4.9,13.2,18.1,3.6,0.5,1.6,3.9,4.8,26.9,,116,111,/players/v/valanjo01.html,/teams/MEM/2020.html
460,436,Denzel Valentine,SF,26,CHI,19,0,243,9.0,21.6,.418,5.3,13.3,.397,3.7,8.2,.452,1.0,1.0,1.000,0.6,6.9,7.5,3.9,2.5,1.0,2.2,5.1,24.3,,106,104,/players/v/valende01.html,/teams/CHI/2020.html
461,437,Jarred Vanderbilt,SF,20,DEN,3,0,9,0.0,0.0,,0.0,0.0,,0.0,0.0,,0.0,0.0,,0.0,11.0,11.0,5.5,0.0,0.0,5.5,0.0,0.0,,44,108,/players/v/vandeja01.html,/teams/DEN/2020.html
462,438,Fred VanVleet,PG,25,TOR,28,28,1021,7.7,19.4,.398,3.3,8.8,.378,4.4,10.6,.414,5.0,5.8,.871,0.3,4.7,5.0,9.1,2.7,0.3,3.3,2.8,23.8,,110,105,/players/v/vanvlfr01.html,/teams/TOR/2020.html
463,439,Noah Vonleh,C,24,MIN,22,1,284,5.8,10.9,.530,0.2,2.1,.077,5.6,8.7,.642,3.3,4.0,.833,4.6,10.2,14.8,3.8,1.5,0.8,2.8,5.1,15.0,,117,109,/players/v/vonleno01.html,/teams/MIN/2020.html
464,440,Nikola Vučević,C,29,ORL,21,21,654,10.9,24.4,.448,2.2,6.7,.337,8.7,17.7,.489,3.7,4.7,.794,4.0,13.0,17.1,5.5,1.4,1.6,1.8,3.0,27.8,,112,104,/players/v/vucevni01.html,/teams/ORL/2020.html
466,441,Dean Wade,PF,23,CLE,3,0,18,2.7,5.4,.500,2.7,2.7,1.000,0.0,2.7,.000,0.0,0.0,,0.0,5.4,5.4,0.0,2.7,0.0,0.0,8.1,8.1,,148,113,/players/w/wadede01.html,/teams/CLE/2020.html
467,442,Moritz Wagner,C,22,WAS,21,4,429,10.0,17.3,.581,2.4,6.0,.393,7.7,11.2,.683,3.9,4.6,.837,3.7,10.0,13.7,3.0,1.6,1.4,4.6,8.7,26.4,,115,114,/players/w/wagnemo01.html,/teams/WAS/2020.html
468,443,Kemba Walker,PG,29,BOS,29,29,939,11.1,25.8,.430,5.5,13.8,.397,5.6,12.0,.468,6.0,6.9,.873,1.2,4.6,5.8,7.7,1.3,0.9,3.5,2.4,33.7,,117,108,/players/w/walkeke02.html,/teams/BOS/2020.html
469,444,Lonnie Walker,SG,21,SAS,23,0,234,8.9,19.9,.449,1.6,4.7,.348,7.3,15.2,.480,2.6,4.5,.591,1.8,5.7,7.5,2.4,1.2,0.6,3.0,4.9,22.1,,95,114,/players/w/walkelo01.html,/teams/SAS/2020.html
470,445,Tyrone Wallace,SG,25,ATL,14,0,160,4.1,12.8,.318,0.3,4.4,.067,3.8,8.4,.448,3.2,4.9,.647,0.9,5.5,6.4,3.8,2.0,0.3,2.9,5.5,11.6,,79,114,/players/w/wallaty01.html,/teams/ATL/2020.html
471,446,Taurean Waller-Prince,SF,25,BRK,31,31,942,6.8,18.1,.376,3.8,10.3,.369,3.0,7.9,.386,1.4,1.9,.763,1.2,8.8,10.1,3.4,1.3,0.6,3.2,4.3,18.9,,94,107,/players/p/princta02.html,/teams/BRK/2020.html
472,447,Derrick Walton,PG,24,LAC,16,0,151,3.4,6.8,.500,1.9,4.3,.429,1.5,2.5,.625,1.9,2.2,.857,0.6,2.5,3.1,5.3,1.2,0.0,0.9,3.7,10.5,,142,111,/players/w/waltode01.html,/teams/LAC/2020.html
473,448,Brad Wanamaker,PG,30,BOS,30,0,560,5.5,12.6,.438,1.2,3.4,.359,4.3,9.3,.467,5.3,5.9,.897,1.0,4.4,5.5,7.4,1.8,0.7,3.0,4.7,17.6,,116,107,/players/w/wanambr01.html,/teams/BOS/2020.html
474,449,T.J. Warren,SF,26,IND,33,33,1069,10.5,21.2,.497,1.8,5.0,.360,8.7,16.2,.539,3.6,4.3,.842,1.3,4.2,5.4,1.8,1.5,0.6,1.9,3.8,26.5,,111,108,/players/w/warretj01.html,/teams/IND/2020.html
475,450,PJ Washington,PF,21,CHO,30,30,889,7.7,15.9,.483,2.4,5.8,.413,5.3,10.2,.522,2.9,4.3,.667,1.5,7.1,8.6,2.8,1.6,1.6,2.2,4.4,20.7,,110,112,/players/w/washipj01.html,/teams/CHO/2020.html
476,451,Yuta Watanabe,SG,25,MEM,4,0,18,7.8,15.5,.500,2.6,5.2,.500,5.2,10.4,.500,0.0,0.0,,2.6,10.4,13.0,0.0,0.0,2.6,2.6,2.6,18.1,,100,112,/players/w/watanyu01.html,/teams/MEM/2020.html
477,452,Tremont Waters,PG,22,BOS,3,0,28,8.7,20.8,.417,3.5,12.1,.286,5.2,8.7,.600,3.5,3.5,1.000,0.0,3.5,3.5,5.2,1.7,3.5,6.9,5.2,24.3,,89,104,/players/w/watertr01.html,/teams/BOS/2020.html
478,453,Russell Westbrook,PG,31,HOU,29,29,1025,11.8,27.7,.424,1.5,6.6,.234,10.2,21.2,.483,6.6,8.3,.792,2.1,8.5,10.7,9.3,2.0,0.5,5.8,4.9,31.6,,103,109,/players/w/westbru01.html,/teams/HOU/2020.html
479,454,Coby White,SG,19,CHI,33,0,791,8.2,22.2,.370,3.7,10.7,.345,4.5,11.5,.393,2.4,3.0,.800,0.6,6.4,7.1,4.5,1.4,0.2,3.0,2.5,22.5,,94,108,/players/w/whiteco01.html,/teams/CHI/2020.html
480,455,Derrick White,SG,25,SAS,29,10,685,7.0,14.8,.472,1.9,4.8,.400,5.1,10.0,.507,3.6,4.6,.788,0.9,4.6,5.5,6.4,1.1,1.2,2.5,4.4,19.5,,114,114,/players/w/whitede01.html,/teams/SAS/2020.html
481,456,Hassan Whiteside,C,30,POR,30,30,876,10.3,16.9,.608,0.1,0.1,.500,10.2,16.8,.609,4.3,5.6,.760,6.0,15.5,21.6,2.0,0.7,4.4,3.3,4.8,24.9,,122,104,/players/w/whiteha01.html,/teams/POR/2020.html
482,457,Andrew Wiggins,SF,24,MIN,26,26,931,12.1,27.0,.446,2.9,8.8,.326,9.2,18.3,.504,5.4,7.2,.748,1.6,5.4,7.0,4.3,0.9,1.5,3.2,3.2,32.4,,106,113,/players/w/wiggian01.html,/teams/MIN/2020.html
483,458,Grant Williams,PF,21,BOS,28,1,428,3.6,9.9,.368,0.6,4.2,.135,3.1,5.7,.540,2.3,2.8,.800,2.3,4.8,7.0,3.1,1.1,1.7,2.4,7.0,10.1,,95,107,/players/w/willigr01.html,/teams/BOS/2020.html
484,459,Johnathan Williams,F,24,WAS,2,1,46,4.0,6.0,.667,0.0,0.0,,4.0,6.0,.667,3.0,3.0,1.000,4.0,7.1,11.1,4.0,0.0,1.0,0.0,3.0,11.1,,177,120,/players/w/willijo04.html,/teams/WAS/2020.html
485,460,Kenrich Williams,PF,25,NOP,32,18,753,3.0,8.6,.353,1.5,5.8,.266,1.5,2.8,.533,0.6,1.5,.375,3.0,7.6,10.7,3.2,1.4,1.3,1.3,4.7,8.2,,104,111,/players/w/willike04.html,/teams/NOP/2020.html
487,461,Lou Williams,SG,33,LAC,32,4,968,9.6,23.3,.413,2.7,7.5,.353,7.0,15.8,.442,7.4,8.7,.845,0.6,4.1,4.6,9.6,1.1,0.2,4.7,2.3,29.3,,108,110,/players/w/willilo02.html,/teams/LAC/2020.html
488,462,Marvin Williams,PF,33,CHO,30,0,623,6.2,13.0,.479,2.9,7.3,.398,3.3,5.7,.583,2.6,2.9,.892,1.0,5.6,6.6,2.5,1.7,1.1,1.7,4.4,18.0,,119,113,/players/w/willima02.html,/teams/CHO/2020.html
489,463,Robert Williams,C,22,BOS,19,1,269,6.0,8.8,.673,0.0,0.0,,6.0,8.8,.673,1.4,2.5,.571,4.1,11.5,15.7,3.8,3.1,3.8,2.9,6.1,13.3,,121,96,/players/w/williro04.html,/teams/BOS/2020.html
490,464,Nigel Williams-Goss,PG,25,UTA,7,0,22,0.0,10.9,.000,0.0,2.2,.000,0.0,8.7,.000,4.4,4.4,1.000,2.2,2.2,4.4,4.4,0.0,2.2,2.2,2.2,4.4,,58,111,/players/w/willini01.html,/teams/UTA/2020.html
491,465,D.J. Wilson,PF,23,MIL,18,0,202,7.0,15.0,.470,2.5,8.9,.282,4.5,6.1,.741,0.5,0.7,.667,1.4,8.2,9.5,3.2,0.0,0.7,2.5,3.9,17.0,,104,106,/players/w/wilsodj01.html,/teams/MIL/2020.html
492,466,Justise Winslow,SF,23,MIA,10,5,337,7.2,18.3,.394,0.9,3.7,.231,6.3,14.5,.436,2.6,3.9,.667,2.3,7.9,10.2,6.2,0.9,0.6,3.3,5.2,17.8,,95,108,/players/w/winslju01.html,/teams/MIA/2020.html
493,467,Christian Wood,PF,24,DET,29,0,451,10.6,17.1,.623,1.8,4.6,.395,8.8,12.5,.707,5.9,9.0,.655,4.2,11.0,15.1,1.9,1.0,2.5,3.1,3.0,29.0,,125,109,/players/w/woodch01.html,/teams/DET/2020.html
494,468,Delon Wright,SG,27,DAL,30,2,614,6.9,13.8,.500,1.5,4.0,.373,5.4,9.8,.552,3.2,3.7,.872,2.0,6.4,8.4,7.8,3.6,0.7,1.7,2.7,18.5,,130,105,/players/w/wrighde01.html,/teams/DAL/2020.html
495,469,Thaddeus Young,PF,31,CHI,32,0,698,7.6,19.3,.397,2.3,7.2,.324,5.3,12.1,.441,1.6,2.6,.605,3.3,6.5,9.8,4.0,2.3,0.5,3.4,4.1,19.2,,94,105,/players/y/youngth01.html,/teams/CHI/2020.html
496,470,Trae Young,PG,21,ATL,31,31,1082,12.4,27.9,.444,4.6,12.4,.368,7.8,15.5,.504,8.6,10.2,.845,0.7,5.0,5.7,11.0,1.6,0.1,6.3,2.0,38.0,,110,116,/players/y/youngtr01.html,/teams/ATL/2020.html
497,471,Cody Zeller,C,27,CHO,32,20,758,9.5,17.5,.543,1.0,3.4,.283,8.5,14.0,.606,4.4,6.5,.680,6.1,9.7,15.8,2.6,1.4,0.9,3.1,5.3,24.4,,116,111,/players/z/zelleco01.html,/teams/CHO/2020.html
498,472,Ante Žižić,C,23,CLE,10,0,96,9.1,15.6,.581,0.0,0.0,,9.1,15.6,.581,4.5,5.0,.900,3.5,9.1,12.6,0.0,1.0,1.5,0.5,5.5,22.7,,133,113,/players/z/zizican01.html,/teams/CLE/2020.html
499,473,Ivica Zubac,C,22,LAC,34,32,587,8.8,15.0,.590,0.0,0.2,.000,8.8,14.8,.597,5.4,7.3,.739,6.6,11.2,17.8,2.5,0.6,2.5,2.5,6.5,23.1,,128,104,/players/z/zubaciv01.html,/teams/LAC/2020.html
