,ranker,player,pos,age,team_id,g,gs,mp,fg_per_mp,fga_per_mp,fg_pct,fg3_per_mp,fg3a_per_mp,fg3_pct,fg2_per_mp,fg2a_per_mp,fg2_pct,ft_per_mp,fta_per_mp,ft_pct,orb_per_mp,drb_per_mp,trb_per_mp,ast_per_mp,stl_per_mp,blk_per_mp,tov_per_mp,pf_per_mp,pts_per_mp,player_link,team_id_link
0,1,Steven Adams,C,26,OKC,29,29,806,6.5,10.5,.619,0.0,0.0,.000,6.5,10.5,.621,2.0,3.9,.511,4.4,8.1,12.6,3.5,0.8,1.6,2.0,2.5,15.1,/players/a/adamsst01.html,/teams/OKC/2020.html
1,2,Bam Adebayo,C,22,MIA,32,32,1098,6.1,10.8,.564,0.0,0.3,.111,6.1,10.5,.576,4.2,6.1,.686,2.7,8.4,11.0,4.8,1.5,1.3,2.9,2.8,16.4,/players/a/adebaba01.html,/teams/MIA/2020.html
2,3,LaMarcus Aldridge,C,34,SAS,29,29,953,8.7,16.9,.512,0.9,2.2,.404,7.8,14.7,.528,3.2,3.8,.832,2.3,5.9,8.2,2.6,0.7,2.1,1.6,2.5,21.3,/players/a/aldrila01.html,/teams/SAS/2020.html
3,4,Nickeil Alexander-Walker,SG,21,NOP,27,0,341,5.8,17.1,.340,3.1,9.0,.341,2.7,8.1,.338,1.2,1.7,.688,0.4,5.4,5.8,4.9,1.0,0.4,2.7,3.3,15.8,/players/a/alexani01.html,/teams/NOP/2020.html
4,5,Grayson Allen,SG,24,MEM,19,0,347,5.9,13.6,.435,2.9,7.4,.394,3.0,6.2,.483,2.1,2.4,.870,0.3,4.7,5.0,3.0,0.5,0.1,2.0,2.8,16.8,/players/a/allengr01.html,/teams/MEM/2020.html
5,6,Jarrett Allen,C,21,BRK,31,28,823,6.4,9.7,.658,0.0,0.1,.000,6.4,9.6,.664,3.7,5.9,.634,4.9,9.2,14.1,1.8,1.0,1.9,1.6,3.3,16.5,/players/a/allenja01.html,/teams/BRK/2020.html
6,7,Kadeem Allen,SG,27,NYK,2,0,18,6.0,14.0,.429,6.0,10.0,.600,0.0,4.0,.000,0.0,0.0,,0.0,0.0,0.0,4.0,2.0,0.0,4.0,4.0,18.0,/players/a/allenka01.html,/teams/NYK/2020.html
7,8,Al-Farouq Aminu,PF,29,ORL,18,2,380,2.4,8.1,.291,0.9,3.4,.250,1.5,4.7,.320,1.8,2.7,.655,2.3,6.0,8.2,2.0,1.7,0.8,1.6,2.6,7.4,/players/a/aminual01.html,/teams/ORL/2020.html
8,9,Kyle Anderson,PF,26,MEM,28,2,511,4.4,9.4,.466,0.4,1.7,.208,4.0,7.7,.523,1.6,2.6,.622,2.2,6.4,8.6,4.7,1.3,1.0,1.8,3.0,10.7,/players/a/anderky01.html,/teams/MEM/2020.html
9,10,Ryan Anderson,PF,31,HOU,2,0,14,5.1,18.0,.286,2.6,12.9,.200,2.6,5.1,.500,0.0,0.0,,0.0,18.0,18.0,5.1,2.6,0.0,2.6,2.6,12.9,/players/a/anderry01.html,/teams/HOU/2020.html
10,11,Giannis Antetokounmpo,PF,25,MIL,31,31,963,13.2,23.7,.554,1.9,5.9,.327,11.2,17.8,.630,7.1,12.0,.597,3.1,11.9,15.0,6.6,1.5,1.4,4.2,3.6,35.4,/players/a/antetgi01.html,/teams/MIL/2020.html
11,12,Kostas Antetokounmpo,PF,22,LAL,2,0,3,0.0,0.0,,0.0,0.0,,0.0,0.0,,0.0,0.0,,0.0,12.0,12.0,0.0,0.0,0.0,0.0,0.0,0.0,/players/a/antetko01.html,/teams/LAL/2020.html
12,13,Thanasis Antetokounmpo,SF,27,MIL,8,0,40,8.1,13.5,.600,0.0,0.9,.000,8.1,12.6,.643,3.6,7.2,.500,4.5,0.9,5.4,5.4,0.9,0.9,2.7,4.5,19.8,/players/a/antetth01.html,/teams/MIL/2020.html
13,14,Carmelo Anthony,PF,35,POR,18,18,561,6.9,16.6,.417,1.8,4.5,.400,5.1,12.1,.423,2.8,3.5,.815,1.3,6.0,7.3,1.3,1.3,0.9,2.4,3.6,18.5,/players/a/anthoca01.html,/teams/POR/2020.html
14,15,OG Anunoby,SF,22,TOR,32,32,947,5.3,10.8,.493,1.6,4.6,.344,3.7,6.2,.605,1.1,1.8,.625,1.3,5.7,7.0,1.9,1.3,1.0,1.6,3.1,13.4,/players/a/anunoog01.html,/teams/TOR/2020.html
15,16,Ryan Arcidiacono,PG,25,CHI,33,0,497,3.2,8.3,.383,2.0,5.0,.406,1.2,3.3,.348,1.3,1.7,.750,1.0,3.0,4.0,3.6,1.0,0.1,1.3,3.9,9.7,/players/a/arcidry01.html,/teams/CHI/2020.html
16,17,Trevor Ariza,SF,34,SAC,24,0,568,2.9,7.7,.372,2.0,5.6,.348,0.9,2.0,.438,0.8,1.0,.800,1.0,5.8,6.8,2.1,1.5,0.4,1.3,2.7,8.4,/players/a/arizatr01.html,/teams/SAC/2020.html
17,18,D.J. Augustin,PG,32,ORL,32,6,824,4.5,11.5,.395,1.6,4.8,.339,2.9,6.7,.435,3.3,3.7,.905,0.6,2.7,3.3,6.4,0.9,0.0,1.7,1.6,14.0,/players/a/augusdj01.html,/teams/ORL/2020.html
18,19,Deandre Ayton,C,21,PHO,2,2,58,11.2,20.5,.545,0.0,0.0,,11.2,20.5,.545,0.0,0.6,.000,6.2,8.1,14.3,1.9,0.6,3.1,1.2,2.5,22.3,/players/a/aytonde01.html,/teams/PHO/2020.html
19,20,Dwayne Bacon,SG,24,CHO,25,10,409,4.4,14.3,.309,0.9,4.0,.222,3.5,10.3,.342,2.1,3.1,.686,0.9,4.0,4.9,2.6,1.5,0.2,1.8,2.8,11.8,/players/b/bacondw01.html,/teams/CHO/2020.html
21,21,Marvin Bagley,PF,20,SAC,9,3,212,8.5,18.5,.459,0.5,2.4,.214,8.0,16.1,.495,3.4,4.2,.800,3.1,7.5,10.5,1.0,0.7,1.4,2.2,4.4,20.9,/players/b/baglema01.html,/teams/SAC/2020.html
22,22,Lonzo Ball,PG,22,NOP,26,17,737,5.1,13.4,.383,2.8,7.7,.361,2.3,5.7,.414,0.7,1.5,.500,1.5,5.0,6.5,6.6,1.6,0.3,3.3,2.3,13.8,/players/b/balllo01.html,/teams/NOP/2020.html
23,23,Mo Bamba,C,21,ORL,28,0,436,5.5,12.3,.450,1.7,4.5,.364,3.9,7.8,.500,0.8,1.2,.667,3.5,8.4,11.9,1.4,0.7,3.1,2.3,4.5,13.5,/players/b/bambamo01.html,/teams/ORL/2020.html
24,24,J.J. Barea,PG,35,DAL,8,0,111,9.4,20.4,.460,4.5,8.1,.560,4.9,12.3,.395,1.3,1.3,1.000,0.6,3.2,3.9,7.1,0.6,0.3,2.3,1.9,24.6,/players/b/bareajo01.html,/teams/DAL/2020.html
25,25,Harrison Barnes,PF,27,SAC,33,33,1162,5.3,12.1,.439,1.4,4.0,.341,4.0,8.1,.487,3.7,4.6,.804,1.1,4.2,5.4,2.2,0.7,0.2,1.4,1.2,15.7,/players/b/barneha02.html,/teams/SAC/2020.html
26,26,RJ Barrett,SG,19,NYK,32,32,1013,5.9,15.1,.389,1.3,4.0,.321,4.6,11.1,.413,2.6,4.8,.552,1.2,4.8,6.0,3.2,1.2,0.5,2.5,2.5,15.6,/players/b/barrerj01.html,/teams/NYK/2020.html
27,27,Will Barton,SF,29,DEN,30,30,988,6.2,13.6,.460,1.8,4.7,.377,4.4,8.8,.504,1.9,2.5,.739,1.7,5.8,7.5,3.9,1.3,0.4,1.6,2.2,16.1,/players/b/bartowi01.html,/teams/DEN/2020.html
28,28,Keita Bates-Diop,SF,24,MIN,19,0,334,5.0,10.8,.460,2.2,5.5,.392,2.8,5.3,.531,1.7,2.5,.696,1.0,4.1,5.1,0.9,0.9,0.8,0.6,1.7,13.8,/players/b/bateske01.html,/teams/MIN/2020.html
29,29,Nicolas Batum,SF,31,CHO,16,2,357,2.0,5.4,.370,1.1,3.6,.306,0.9,1.8,.500,0.6,0.6,1.000,1.8,4.7,6.6,4.8,1.3,0.8,1.9,3.2,5.7,/players/b/batumni01.html,/teams/CHO/2020.html
30,30,Aron Baynes,C,33,PHO,23,17,549,7.7,14.6,.525,2.2,6.0,.370,5.4,8.6,.634,2.1,2.9,.727,2.2,6.2,8.4,3.3,0.3,1.0,1.9,5.8,19.7,/players/b/baynear01.html,/teams/PHO/2020.html
31,31,Kent Bazemore,SF,30,POR,33,11,812,3.9,10.9,.362,2.0,5.5,.363,2.0,5.4,.361,1.9,2.3,.827,0.4,5.3,5.7,2.1,1.4,1.1,2.2,4.2,11.8,/players/b/bazemke01.html,/teams/POR/2020.html
32,32,Darius Bazley,PF,19,OKC,32,5,554,3.0,8.4,.357,1.4,4.6,.310,1.6,3.8,.414,0.8,1.3,.650,0.7,7.1,7.8,1.1,0.8,1.4,1.9,2.2,8.3,/players/b/bazleda01.html,/teams/OKC/2020.html
33,33,Bradley Beal,SG,26,WAS,30,30,1099,9.3,21.4,.436,2.5,8.0,.317,6.8,13.4,.507,6.2,7.4,.828,1.1,3.6,4.7,6.6,1.1,0.3,3.3,2.4,27.4,/players/b/bealbr01.html,/teams/WAS/2020.html
34,34,Malik Beasley,SG,23,DEN,25,0,397,5.9,14.9,.396,3.0,7.6,.393,2.9,7.3,.400,0.6,0.8,.778,0.5,2.8,3.4,2.3,1.0,0.4,1.9,2.5,15.4,/players/b/beaslma01.html,/teams/DEN/2020.html
35,35,Marco Belinelli,SG,33,SAS,29,0,468,4.5,12.5,.356,2.2,6.5,.345,2.2,6.1,.367,1.7,2.3,.733,0.1,3.6,3.7,2.7,0.5,0.0,0.8,1.8,12.8,/players/b/belinma01.html,/teams/SAS/2020.html
36,36,Jordan Bell,C,25,MIN,18,0,181,4.8,9.0,.533,0.0,1.0,.000,4.8,8.0,.600,3.2,5.0,.640,4.4,7.8,12.1,2.4,0.4,1.8,3.0,2.6,12.7,/players/b/belljo01.html,/teams/MIN/2020.html
37,37,DeAndre' Bembry,SG,25,ATL,32,4,720,4.2,9.0,.467,0.6,2.3,.255,3.6,6.6,.541,1.0,1.9,.513,1.5,4.8,6.4,3.5,2.0,0.7,2.3,3.0,10.0,/players/b/bembrde01.html,/teams/ATL/2020.html
38,38,Dragan Bender,SF,22,MIL,3,0,29,7.4,9.9,.750,2.5,5.0,.500,5.0,5.0,1.000,1.2,1.2,1.000,0.0,2.5,2.5,3.7,0.0,2.5,1.2,7.4,18.6,/players/b/bendedr01.html,/teams/MIL/2020.html
39,39,Dāvis Bertāns,PF,27,WAS,28,4,839,6.1,13.6,.449,4.5,10.4,.434,1.6,3.2,.500,1.8,2.0,.894,1.1,4.8,5.9,2.1,0.8,0.8,0.9,3.1,18.5,/players/b/bertada01.html,/teams/WAS/2020.html
40,40,Patrick Beverley,PG,31,LAC,29,29,839,3.8,9.1,.413,1.8,5.4,.328,2.0,3.8,.534,0.7,1.2,.593,1.7,5.8,7.5,4.1,1.7,0.8,1.6,4.2,10.0,/players/b/beverpa01.html,/teams/LAC/2020.html
42,41,Khem Birch,C,27,ORL,19,11,409,2.6,5.6,.469,0.0,0.1,.000,2.6,5.5,.476,1.4,3.0,.471,3.2,5.4,8.5,1.8,1.0,1.2,1.1,4.0,6.7,/players/b/birchkh01.html,/teams/ORL/2020.html
43,42,Goga Bitadze,C,20,IND,25,2,256,4.2,9.3,.455,0.6,2.3,.250,3.7,7.0,.520,2.1,3.0,.714,2.5,6.2,8.7,2.1,0.1,3.2,1.8,5.6,11.1,/players/b/bitadgo01.html,/teams/IND/2020.html
44,43,Bismack Biyombo,C,27,CHO,33,18,622,6.0,10.4,.572,0.0,0.0,,6.0,10.4,.572,3.5,6.0,.592,4.5,6.4,10.9,1.7,0.3,1.6,1.2,4.2,15.5,/players/b/biyombi01.html,/teams/CHO/2020.html
45,44,Nemanja Bjelica,PF,31,SAC,33,30,875,6.1,12.9,.476,2.5,6.0,.421,3.6,6.9,.524,1.2,1.4,.879,2.1,6.0,8.1,3.6,1.2,0.9,2.0,3.9,16.0,/players/b/bjeline01.html,/teams/SAC/2020.html
46,45,Eric Bledsoe,PG,30,MIL,26,26,693,7.6,16.0,.477,1.7,4.8,.344,6.0,11.2,.535,3.4,4.2,.813,1.1,5.6,6.6,7.6,1.1,0.6,3.1,3.1,20.3,/players/b/bledser01.html,/teams/MIL/2020.html
47,46,Bogdan Bogdanović,SG,27,SAC,28,0,795,6.7,15.8,.424,3.5,8.9,.391,3.2,6.9,.467,1.8,2.7,.661,0.4,3.4,3.8,4.7,1.4,0.3,2.6,2.5,18.7,/players/b/bogdabo01.html,/teams/SAC/2020.html
48,47,Bojan Bogdanović,SF,30,UTA,31,31,1043,7.3,16.5,.441,3.4,7.8,.436,3.9,8.7,.447,4.3,4.9,.887,0.7,4.1,4.8,2.3,0.7,0.1,3.0,2.1,22.3,/players/b/bogdabo02.html,/teams/UTA/2020.html
49,48,Jonah Bolden,PF,24,PHI,2,0,5,7.2,7.2,1.000,0.0,0.0,,7.2,7.2,1.000,0.0,14.4,.000,0.0,0.0,0.0,0.0,7.2,0.0,7.2,0.0,14.4,/players/b/boldejo01.html,/teams/PHI/2020.html
50,49,Jordan Bone,PG,22,DET,3,0,6,12.0,30.0,.400,0.0,6.0,.000,12.0,24.0,.500,0.0,0.0,,0.0,0.0,0.0,0.0,0.0,0.0,12.0,12.0,24.0,/players/b/bonejo01.html,/teams/DET/2020.html
51,50,Isaac Bonga,SF,20,WAS,26,19,410,3.0,6.5,.459,0.4,1.6,.278,2.5,4.9,.518,1.8,2.4,.778,1.9,4.4,6.3,2.6,1.5,0.4,1.4,4.8,8.3,/players/b/bongais01.html,/teams/WAS/2020.html
52,51,Devin Booker,SG,23,PHO,29,29,1035,8.9,17.6,.504,1.9,5.4,.364,6.9,12.2,.565,5.2,5.8,.898,0.7,3.2,3.9,6.5,0.7,0.3,3.9,3.1,24.9,/players/b/bookede01.html,/teams/PHO/2020.html
53,52,Chris Boucher,PF,27,TOR,30,0,387,6.0,12.7,.467,1.5,4.5,.333,4.5,8.3,.539,4.4,5.7,.770,5.2,6.6,11.8,1.3,0.8,2.2,1.0,4.6,17.8,/players/b/bouchch01.html,/teams/TOR/2020.html
54,53,Brian Bowen,SG,21,IND,3,0,10,3.6,14.4,.250,0.0,3.6,.000,3.6,10.8,.333,0.0,0.0,,0.0,3.6,3.6,0.0,0.0,3.6,0.0,0.0,7.2,/players/b/bowenbr02.html,/teams/IND/2020.html
55,54,Ky Bowman,PG,22,GSW,30,6,684,4.9,11.4,.435,1.5,3.9,.387,3.4,7.4,.461,1.2,1.3,.917,0.8,3.4,4.3,4.7,1.3,0.3,1.9,3.5,12.6,/players/b/bowmaky01.html,/teams/GSW/2020.html
56,55,Avery Bradley,SG,29,LAL,19,14,454,5.0,11.7,.429,1.0,4.0,.235,4.0,7.6,.531,0.6,0.8,.700,0.9,2.9,3.8,1.9,1.3,0.1,1.9,3.7,11.5,/players/b/bradlav01.html,/teams/LAL/2020.html
57,56,Tony Bradley,C,22,UTA,21,2,181,7.0,11.1,.625,0.0,0.0,,7.0,11.1,.625,2.2,3.2,.688,5.0,8.0,12.9,1.0,0.4,1.6,2.0,7.4,16.1,/players/b/bradlto01.html,/teams/UTA/2020.html
58,57,Jarrell Brantley,PF,23,UTA,2,0,9,0.0,0.0,,0.0,0.0,,0.0,0.0,,0.0,0.0,,0.0,16.0,16.0,4.0,0.0,8.0,4.0,4.0,0.0,/players/b/brantja01.html,/teams/UTA/2020.html
59,58,Ignas Brazdeikis,SF,21,NYK,8,0,48,3.7,15.0,.250,0.7,6.0,.125,3.0,9.0,.333,2.3,3.0,.750,1.5,2.3,3.7,1.5,0.0,0.7,1.5,2.3,10.5,/players/b/brazdig01.html,/teams/NYK/2020.html
60,59,Mikal Bridges,SF,23,PHO,32,3,696,4.1,8.3,.500,0.9,2.8,.315,3.3,5.5,.594,2.3,2.8,.800,1.5,4.8,6.3,2.1,2.2,0.6,1.4,3.1,11.4,/players/b/bridgmi01.html,/teams/PHO/2020.html
61,60,Miles Bridges,SF,21,CHO,35,35,1064,5.6,12.7,.439,1.8,5.0,.349,3.8,7.7,.498,1.4,1.9,.764,1.4,4.8,6.2,2.0,0.7,0.9,1.9,2.6,14.3,/players/b/bridgmi02.html,/teams/CHO/2020.html
63,61,Oshae Brissett,SF,21,TOR,8,0,54,3.3,8.0,.417,0.7,2.0,.333,2.7,6.0,.444,0.0,0.0,,2.0,3.3,5.3,2.0,0.7,0.7,2.0,4.7,7.3,/players/b/brissos01.html,/teams/TOR/2020.html
64,62,Ryan Broekhoff,SG,29,DAL,10,0,77,5.1,11.7,.440,4.7,9.4,.500,0.5,2.3,.200,2.3,2.8,.833,0.5,6.1,6.5,1.9,0.9,0.5,0.9,3.3,17.3,/players/b/broekry01.html,/teams/DAL/2020.html
65,63,Malcolm Brogdon,PG,27,IND,26,26,816,7.5,16.7,.452,1.6,4.9,.333,5.9,11.8,.502,4.3,4.6,.933,0.7,4.5,5.2,8.7,1.0,0.2,3.1,2.4,21.0,/players/b/brogdma01.html,/teams/IND/2020.html
66,64,Dillon Brooks,SG,24,MEM,34,34,942,6.6,16.2,.405,2.3,6.3,.366,4.3,10.0,.429,3.0,3.6,.832,1.3,3.1,4.4,2.6,1.4,0.5,2.2,4.9,18.5,/players/b/brookdi01.html,/teams/MEM/2020.html
67,65,Bruce Brown,SG,23,DET,32,26,852,4.4,9.7,.452,0.8,2.3,.370,3.5,7.4,.477,1.7,2.7,.615,1.2,4.7,6.0,5.0,1.5,0.7,2.5,3.6,11.3,/players/b/brownbr01.html,/teams/DET/2020.html
68,66,Charlie Brown,SG,22,ATL,4,0,16,2.3,6.8,.333,2.3,2.3,1.000,0.0,4.5,.000,9.0,9.0,1.000,4.5,2.3,6.8,0.0,0.0,2.3,0.0,0.0,15.8,/players/b/brownch02.html,/teams/ATL/2020.html
69,67,Jaylen Brown,SF,23,BOS,27,27,906,8.2,15.8,.518,2.3,5.8,.400,5.9,10.1,.585,3.4,4.5,.752,1.1,6.4,7.5,2.5,1.2,0.4,2.2,3.3,22.1,/players/b/brownja02.html,/teams/BOS/2020.html
70,68,Moses Brown,C,20,POR,4,0,15,7.2,16.8,.429,0.0,0.0,,7.2,16.8,.429,4.8,9.6,.500,4.8,16.8,21.6,0.0,2.4,0.0,2.4,9.6,19.2,/players/b/brownmo01.html,/teams/POR/2020.html
71,69,Sterling Brown,SF,24,MIL,25,0,422,4.2,10.8,.386,1.9,5.6,.333,2.3,5.2,.443,1.7,2.3,.741,1.3,7.3,8.5,2.3,1.5,0.3,2.0,2.6,11.9,/players/b/brownst02.html,/teams/MIL/2020.html
72,70,Troy Brown,SG,20,WAS,28,12,678,5.5,12.2,.452,0.9,3.2,.283,4.6,9.0,.512,2.0,2.5,.771,1.9,6.3,8.1,3.4,2.0,0.2,1.6,2.5,13.9,/players/b/browntr01.html,/teams/WAS/2020.html
73,71,Jalen Brunson,PG,23,DAL,32,7,564,6.5,13.6,.479,1.6,4.7,.342,4.9,8.9,.550,2.0,2.6,.756,1.0,4.3,5.3,7.3,0.9,0.1,2.5,2.7,16.6,/players/b/brunsja01.html,/teams/DAL/2020.html
74,72,Thomas Bryant,C,22,WAS,18,18,511,7.1,13.0,.549,0.7,2.5,.286,6.4,10.5,.611,2.7,3.7,.736,3.0,7.8,10.8,3.4,0.6,1.3,1.7,3.1,17.7,/players/b/bryanth01.html,/teams/WAS/2020.html
75,73,Trey Burke,PG,27,PHI,16,0,237,6.4,13.7,.467,1.8,3.9,.462,4.6,9.7,.469,1.7,2.1,.786,1.8,2.3,4.1,6.1,1.1,0.2,1.2,2.1,16.3,/players/b/burketr01.html,/teams/PHI/2020.html
76,74,Alec Burks,SG,28,GSW,31,12,901,6.5,15.2,.426,1.9,5.4,.348,4.6,9.8,.469,4.4,5.0,.887,0.8,4.6,5.5,3.7,1.6,0.4,1.8,2.7,19.2,/players/b/burksal01.html,/teams/GSW/2020.html
77,75,Deonte Burton,SG,26,OKC,17,0,153,4.0,11.8,.340,1.2,5.6,.208,2.8,6.1,.462,0.7,1.2,.600,0.9,4.9,5.9,1.4,0.2,0.7,0.9,3.5,9.9,/players/b/burtode02.html,/teams/OKC/2020.html
78,76,Jimmy Butler,SF,30,MIA,28,28,991,6.0,14.2,.426,0.9,3.2,.276,5.2,11.0,.469,8.0,9.6,.830,2.1,4.6,6.8,6.8,2.1,0.6,2.6,1.4,20.9,/players/b/butleji01.html,/teams/MIA/2020.html
79,77,Bruno Caboclo,SF,24,MEM,21,0,190,5.3,12.9,.412,0.8,4.7,.160,4.5,8.1,.558,0.4,0.6,.667,3.2,5.1,8.3,1.9,1.9,2.3,1.3,4.4,11.7,/players/c/cabocbr01.html,/teams/MEM/2020.html
80,78,Kentavious Caldwell-Pope,SG,26,LAL,33,19,838,4.9,10.3,.475,2.0,4.6,.430,2.9,5.7,.511,1.6,2.0,.787,0.9,2.2,3.1,2.6,1.2,0.3,1.3,2.6,13.4,/players/c/caldwke01.html,/teams/LAL/2020.html
81,79,Vlatko Čančar,SF,22,DEN,3,0,5,0.0,7.2,.000,0.0,0.0,,0.0,7.2,.000,14.4,14.4,1.000,7.2,0.0,7.2,7.2,0.0,0.0,0.0,0.0,14.4,/players/c/cancavl01.html,/teams/DEN/2020.html
82,80,Clint Capela,C,25,HOU,27,27,907,6.7,10.5,.642,0.0,0.0,,6.7,10.5,.642,1.3,2.8,.486,4.3,11.1,15.4,1.3,1.0,2.1,1.8,2.9,14.8,/players/c/capelca01.html,/teams/HOU/2020.html
84,81,DeMarre Carroll,SF,33,SAS,13,0,131,2.5,7.7,.321,0.8,3.6,.231,1.6,4.1,.400,3.0,4.9,.611,1.9,6.3,8.2,2.7,0.5,0.5,2.7,5.2,8.8,/players/c/carrode01.html,/teams/SAS/2020.html
85,82,Jevon Carter,PG,24,PHO,22,2,314,3.4,9.3,.370,1.8,5.3,.348,1.6,4.0,.400,0.7,0.9,.750,1.3,3.9,5.2,4.2,2.3,0.7,1.9,3.9,9.4,/players/c/carteje01.html,/teams/PHO/2020.html
86,83,Vince Carter,SF,43,ATL,27,0,419,4.5,13.0,.344,2.5,8.6,.290,2.0,4.4,.451,0.9,1.3,.667,0.4,4.0,4.5,2.3,0.7,0.9,1.4,3.8,12.3,/players/c/cartevi01.html,/teams/ATL/2020.html
87,84,Wendell Carter,C,20,CHI,33,33,991,5.4,9.9,.548,0.2,0.8,.227,5.2,9.1,.576,3.1,4.3,.720,4.1,7.6,11.7,1.3,0.9,1.1,1.9,4.7,14.1,/players/c/cartewe01.html,/teams/CHI/2020.html
88,85,Michael Carter-Williams,SG,28,ORL,19,0,310,4.1,10.8,.376,0.8,3.5,.233,3.3,7.3,.444,2.6,3.6,.710,2.1,4.9,7.0,4.4,2.3,0.9,2.0,3.1,11.5,/players/c/cartemi01.html,/teams/ORL/2020.html
89,86,Alex Caruso,PG,25,LAL,31,0,619,3.5,8.2,.433,1.2,3.7,.333,2.3,4.5,.513,1.7,2.2,.763,0.5,3.3,3.8,3.1,2.0,0.5,1.7,2.8,10.0,/players/c/carusal01.html,/teams/LAL/2020.html
90,87,Willie Cauley-Stein,C,26,GSW,31,30,724,5.7,9.9,.570,0.0,0.0,,5.7,9.9,.570,1.2,2.0,.610,2.3,7.3,9.6,2.2,1.9,2.2,1.5,4.3,12.6,/players/c/caulewi01.html,/teams/GSW/2020.html
91,88,Tyson Chandler,C,37,HOU,22,5,192,2.6,3.4,.778,0.0,0.0,,2.6,3.4,.778,1.1,2.4,.462,4.1,7.3,11.4,1.1,1.1,1.5,1.3,4.9,6.4,/players/c/chandty01.html,/teams/HOU/2020.html
92,89,Wilson Chandler,SF,32,BRK,6,0,120,4.2,10.5,.400,0.6,5.1,.118,3.6,5.4,.667,0.6,0.6,1.000,0.3,7.8,8.1,2.4,1.2,0.3,2.1,3.0,9.6,/players/c/chandwi01.html,/teams/BRK/2020.html
93,90,Zylan Cheatham,SF,24,NOP,2,0,20,1.8,7.2,.250,0.0,1.8,.000,1.8,5.4,.333,0.0,0.0,,0.0,5.4,5.4,1.8,0.0,0.0,1.8,5.4,3.6,/players/c/cheatzy01.html,/teams/NOP/2020.html
94,91,Chris Chiozza,PG,24,WAS,10,0,123,2.9,10.0,.294,2.0,4.7,.438,0.9,5.3,.167,0.0,0.0,,0.0,4.4,4.4,8.2,2.9,0.6,2.6,3.5,7.9,/players/c/chiozch01.html,/teams/WAS/2020.html
95,92,Marquese Chriss,PF,22,GSW,33,1,566,5.5,11.1,.491,0.3,1.3,.190,5.2,9.8,.532,4.3,5.3,.798,3.6,7.4,11.1,3.6,1.2,1.9,3.1,4.0,15.5,/players/c/chrisma01.html,/teams/GSW/2020.html
96,93,Gary Clark,PF,25,HOU,17,0,208,3.8,10.0,.379,2.9,8.7,.340,0.9,1.4,.625,1.0,1.2,.857,1.9,4.8,6.8,2.1,0.3,1.2,0.3,3.6,11.6,/players/c/clarkga01.html,/teams/HOU/2020.html
97,94,Brandon Clarke,PF,23,MEM,28,2,602,9.3,14.4,.647,1.0,2.1,.457,8.4,12.3,.680,2.2,2.8,.766,2.3,6.9,9.2,2.4,0.7,1.5,1.7,2.7,21.8,/players/c/clarkbr01.html,/teams/MEM/2020.html
98,95,Jordan Clarkson,SG,27,TOT,31,0,711,7.8,17.8,.442,3.1,8.6,.361,4.8,9.2,.516,4.1,4.7,.870,1.1,2.6,3.7,3.6,0.9,0.4,2.0,1.9,22.8,/players/c/clarkjo01.html,NO LINK
99,95,Jordan Clarkson,SG,27,CLE,29,0,666,7.8,17.6,.442,3.2,8.6,.371,4.6,9.0,.509,4.1,4.6,.884,1.1,2.6,3.7,3.8,0.9,0.4,2.1,1.8,22.9,/players/c/clarkjo01.html,/teams/CLE/2020.html
100,95,Jordan Clarkson,G,27,UTA,2,0,45,8.8,20.0,.440,1.6,8.0,.200,7.2,12.0,.600,3.2,4.8,.667,0.8,2.4,3.2,1.6,0.8,0.0,0.8,3.2,22.4,/players/c/clarkjo01.html,/teams/UTA/2020.html
101,96,Nicolas Claxton,PF,20,BRK,9,0,119,3.3,6.4,.524,0.0,1.5,.000,3.3,4.8,.688,1.5,3.6,.417,2.4,4.2,6.7,3.3,0.3,1.5,1.8,3.0,8.2,/players/c/claxtni01.html,/teams/BRK/2020.html
102,97,Chris Clemons,SG,22,HOU,21,0,198,7.3,17.1,.426,5.3,13.6,.387,2.0,3.5,.579,0.5,0.7,.750,0.4,2.5,2.9,2.7,1.1,0.7,1.8,3.1,20.4,/players/c/clemoch01.html,/teams/HOU/2020.html
103,98,John Collins,PF,22,ATL,8,8,255,8.8,17.1,.512,2.0,5.1,.389,6.8,12.0,.565,2.4,3.1,.773,2.4,8.6,11.0,1.7,1.1,2.5,1.6,3.7,21.9,/players/c/collijo01.html,/teams/ATL/2020.html
104,99,Zach Collins,PF,22,POR,3,3,86,3.8,8.0,.474,1.3,2.9,.429,2.5,5.0,.500,2.5,2.5,1.000,1.7,3.3,5.0,2.5,0.0,0.8,2.5,4.6,11.3,/players/c/colliza01.html,/teams/POR/2020.html
105,100,Mike Conley,PG,32,UTA,22,22,647,5.5,15.1,.365,2.2,6.2,.360,3.3,8.9,.369,3.4,4.2,.803,0.9,3.2,4.1,5.7,0.9,0.2,2.5,2.7,16.6,/players/c/conlemi01.html,/teams/UTA/2020.html
107,101,Pat Connaughton,SG,27,MIL,32,0,558,3.9,8.8,.441,1.4,4.5,.300,2.5,4.3,.591,1.0,1.5,.696,1.2,7.2,8.5,4.1,0.7,1.0,1.4,1.9,10.1,/players/c/connapa01.html,/teams/MIL/2020.html
108,102,Quinn Cook,PG,26,LAL,22,0,286,5.4,13.1,.413,1.5,4.8,.316,3.9,8.3,.470,0.5,0.6,.800,0.5,2.6,3.1,3.9,0.8,0.1,2.4,1.8,12.8,/players/c/cookqu01.html,/teams/LAL/2020.html
109,103,Tyler Cook,PF,22,CLE,6,0,17,10.6,12.7,.833,0.0,0.0,,10.6,12.7,.833,4.2,4.2,1.000,6.4,4.2,10.6,0.0,2.1,0.0,2.1,2.1,25.4,/players/c/cookty01.html,/teams/CLE/2020.html
110,104,Robert Covington,PF,29,MIN,30,29,845,5.4,12.5,.430,2.5,7.6,.330,2.9,4.9,.588,2.3,2.6,.855,0.9,6.1,7.0,1.4,1.9,1.2,2.0,4.0,15.5,/players/c/covinro01.html,/teams/MIN/2020.html
111,105,Allen Crabbe,SG,27,ATL,20,1,389,3.9,10.1,.385,2.0,6.8,.301,1.9,3.3,.556,0.8,1.1,.750,0.7,3.8,4.5,1.9,1.2,0.3,0.9,2.0,10.6,/players/c/crabbal01.html,/teams/ATL/2020.html
112,106,Torrey Craig,SF,29,DEN,22,2,267,3.4,8.6,.391,0.9,4.0,.233,2.4,4.6,.529,0.9,1.8,.538,1.9,4.3,6.2,2.0,0.9,1.8,1.1,4.9,8.6,/players/c/craigto01.html,/teams/DEN/2020.html
113,107,Jae Crowder,SF,29,MEM,32,32,986,3.9,10.8,.364,2.2,7.4,.292,1.8,3.5,.516,1.8,2.3,.750,1.0,6.2,7.2,3.3,1.0,0.4,1.6,2.3,11.8,/players/c/crowdja01.html,/teams/MEM/2020.html
114,108,Jarrett Culver,SG,20,MIN,30,17,661,5.0,13.8,.362,1.3,5.4,.240,3.7,8.4,.442,1.3,3.2,.414,1.7,3.4,5.1,3.1,1.5,1.0,2.0,3.2,12.6,/players/c/culveja01.html,/teams/MIN/2020.html
115,109,Seth Curry,SG,29,DAL,30,9,653,5.5,12.2,.448,2.8,7.1,.395,2.6,5.1,.522,2.3,2.4,.932,0.7,2.6,3.3,2.9,0.9,0.2,1.8,2.8,16.0,/players/c/curryse01.html,/teams/DAL/2020.html
116,110,Stephen Curry,PG,31,GSW,4,4,112,8.7,21.2,.409,2.9,11.9,.243,5.8,9.3,.621,5.8,5.8,1.000,1.3,5.1,6.4,8.4,1.6,0.6,4.8,3.2,26.0,/players/c/curryst01.html,/teams/GSW/2020.html
117,111,Troy Daniels,SG,28,LAL,24,0,304,4.6,12.0,.386,3.0,8.6,.342,1.7,3.3,.500,0.5,0.8,.571,0.5,2.8,3.3,0.9,0.8,0.1,0.7,2.0,12.7,/players/d/danietr01.html,/teams/LAL/2020.html
118,112,Anthony Davis,PF,26,LAL,31,31,1089,9.8,19.6,.500,1.1,3.8,.287,8.7,15.8,.551,7.3,8.5,.853,2.4,7.1,9.5,3.4,1.5,2.6,2.5,2.6,28.0,/players/d/davisan02.html,/teams/LAL/2020.html
119,113,Ed Davis,C,30,UTA,19,0,219,1.8,4.6,.393,0.0,0.0,,1.8,4.6,.393,0.7,1.5,.444,3.5,9.9,13.3,1.3,1.5,1.3,2.0,7.6,4.3,/players/d/davised01.html,/teams/UTA/2020.html
120,114,Terence Davis,SG,22,TOR,33,0,549,5.2,11.1,.467,2.5,6.2,.400,2.7,4.9,.554,1.5,1.6,.958,1.4,5.3,6.7,4.1,1.1,0.4,1.8,3.4,14.4,/players/d/daviste02.html,/teams/TOR/2020.html
121,115,Dewayne Dedmon,C,30,SAC,23,4,312,5.1,12.1,.419,1.3,5.5,.229,3.8,6.6,.579,1.3,1.5,.846,3.0,7.2,10.2,0.9,1.0,1.4,3.7,6.3,12.7,/players/d/dedmode01.html,/teams/SAC/2020.html
122,116,Matthew Dellavedova,PG,29,CLE,30,0,399,2.6,8.2,.319,0.5,4.5,.120,2.1,3.7,.561,1.9,2.0,.955,1.1,2.8,3.9,7.1,1.1,0.1,2.2,4.2,7.7,/players/d/dellama01.html,/teams/CLE/2020.html
123,117,DeMar DeRozan,SF,30,SAS,31,31,1043,8.7,16.8,.520,0.2,0.7,.263,8.6,16.2,.530,5.0,6.1,.809,0.6,5.1,5.7,5.3,1.0,0.4,2.7,3.1,22.6,/players/d/derozde01.html,/teams/SAS/2020.html
124,118,Cheick Diallo,C,23,PHO,21,0,202,8.0,11.6,.692,0.2,0.2,1.000,7.8,11.4,.688,3.2,3.7,.857,2.7,8.0,10.7,2.0,0.4,0.7,2.1,3.9,19.4,/players/d/diallch01.html,/teams/PHO/2020.html
125,119,Hamidou Diallo,SF,21,OKC,12,1,256,6.5,12.9,.500,0.3,1.8,.154,6.2,11.1,.557,1.5,2.5,.611,2.0,4.5,6.5,1.4,2.5,0.6,2.0,4.1,14.8,/players/d/diallha01.html,/teams/OKC/2020.html
126,120,Gorgui Dieng,C,30,MIN,27,8,438,5.2,11.9,.434,1.7,5.0,.344,3.5,6.9,.500,2.4,3.0,.784,3.0,8.4,11.4,2.2,2.1,2.1,1.7,3.9,14.5,/players/d/dienggo01.html,/teams/MIN/2020.html
128,121,Spencer Dinwiddie,SG,26,BRK,31,20,951,8.7,20.4,.428,2.2,7.5,.298,6.5,12.9,.503,6.8,8.4,.807,0.3,3.3,3.5,7.3,0.9,0.5,3.3,3.8,26.5,/players/d/dinwisp01.html,/teams/BRK/2020.html
129,122,Donte DiVincenzo,SG,23,MIL,31,18,691,5.1,11.7,.438,1.8,5.5,.333,3.3,6.2,.529,1.5,1.9,.806,1.4,5.9,7.3,3.6,2.5,0.4,2.0,2.8,13.5,/players/d/divindo01.html,/teams/MIL/2020.html
130,123,Luka Dončić,PG,20,DAL,28,28,897,10.4,21.8,.474,3.3,10.2,.324,7.1,11.7,.605,8.3,10.3,.813,1.5,9.1,10.6,10.1,1.4,0.1,4.9,2.5,32.3,/players/d/doncilu01.html,/teams/DAL/2020.html
131,124,Luguentz Dort,SG,20,OKC,7,0,115,2.5,7.8,.320,0.3,4.4,.071,2.2,3.4,.636,1.9,3.1,.600,0.3,2.8,3.1,0.9,0.6,0.0,0.9,5.6,7.2,/players/d/dortlu01.html,/teams/OKC/2020.html
132,125,Damyean Dotson,SG,25,NYK,29,0,496,4.9,12.0,.404,2.3,7.3,.317,2.5,4.7,.538,1.2,1.7,.696,0.3,3.3,3.6,2.8,0.9,0.3,0.9,1.7,13.2,/players/d/dotsoda01.html,/teams/NYK/2020.html
133,126,Sekou Doumbouya,SF,19,DET,6,0,22,6.5,18.0,.364,0.0,4.9,.000,6.5,13.1,.500,1.6,4.9,.333,0.0,6.5,6.5,0.0,1.6,0.0,1.6,4.9,14.7,/players/d/doumbse01.html,/teams/DET/2020.html
134,127,Goran Dragić,PG,33,MIA,22,1,636,6.8,15.1,.455,2.8,6.8,.405,4.1,8.2,.497,3.5,4.9,.721,0.5,3.5,4.0,6.3,0.8,0.3,3.1,2.2,20.0,/players/d/dragigo01.html,/teams/MIA/2020.html
135,128,Andre Drummond,C,26,DET,31,30,1045,8.0,14.5,.551,0.0,0.6,.000,8.0,14.0,.573,3.2,5.2,.612,4.7,12.3,17.1,3.0,2.0,1.9,3.7,3.9,19.2,/players/d/drumman01.html,/teams/DET/2020.html
136,129,Jared Dudley,SF,34,LAL,23,1,180,2.2,5.6,.393,2.0,3.8,.526,0.2,1.8,.111,0.4,0.4,1.000,0.6,3.4,4.0,2.8,1.6,0.2,0.6,4.0,6.8,/players/d/dudleja01.html,/teams/LAL/2020.html
137,130,Kris Dunn,PG,25,CHI,33,14,779,4.5,10.4,.431,0.7,3.2,.232,3.7,7.2,.519,0.9,1.3,.690,0.8,4.4,5.2,4.9,3.2,0.6,1.7,5.3,10.6,/players/d/dunnkr01.html,/teams/CHI/2020.html
138,131,Carsen Edwards,SG,21,BOS,24,0,246,4.0,12.6,.314,2.5,7.8,.321,1.5,4.8,.303,1.6,1.9,.846,0.7,4.7,5.4,2.5,1.2,0.3,1.9,3.4,12.0,/players/e/edwarca01.html,/teams/BOS/2020.html
139,132,Henry Ellenson,PF,23,BRK,4,0,14,2.6,18.0,.143,0.0,10.3,.000,2.6,7.7,.333,0.0,0.0,,5.1,5.1,10.3,0.0,0.0,0.0,0.0,2.6,5.1,/players/e/ellenhe01.html,/teams/BRK/2020.html
140,133,Wayne Ellington,SG,32,NYK,18,1,257,3.6,11.3,.321,2.9,9.7,.304,0.7,1.7,.417,0.6,0.8,.667,0.1,3.9,4.1,2.2,0.7,0.3,1.7,2.8,10.8,/players/e/ellinwa01.html,/teams/NYK/2020.html
141,134,Joel Embiid,C,25,PHI,29,29,897,9.0,18.9,.477,1.5,4.5,.339,7.5,14.4,.520,8.1,9.7,.834,3.1,11.4,14.5,3.7,0.9,1.6,3.5,4.1,27.6,/players/e/embiijo01.html,/teams/PHI/2020.html
142,135,James Ennis,SF,29,PHI,35,0,616,4.9,10.5,.461,1.9,5.0,.372,3.0,5.5,.543,2.3,3.0,.765,2.4,4.7,7.1,2.0,0.9,0.7,1.3,4.0,13.9,/players/e/ennisja01.html,/teams/PHI/2020.html
143,136,Drew Eubanks,PF,22,SAS,5,0,34,8.5,13.8,.615,0.0,0.0,,8.5,13.8,.615,1.1,1.1,1.000,6.4,10.6,16.9,2.1,0.0,1.1,4.2,4.2,18.0,/players/e/eubandr01.html,/teams/SAS/2020.html
144,137,Jacob Evans,SG,22,GSW,13,0,177,3.9,12.6,.306,1.4,3.3,.438,2.4,9.4,.261,2.4,2.6,.923,0.6,2.8,3.5,2.4,0.4,0.8,2.8,3.9,11.6,/players/e/evansja02.html,/teams/GSW/2020.html
145,138,Dante Exum,SG,24,TOT,13,0,114,5.1,10.4,.485,0.9,2.5,.375,4.1,7.9,.520,1.9,2.5,.750,0.9,3.8,4.7,2.5,1.3,0.6,4.1,2.8,12.9,/players/e/exumda01.html,NO LINK
146,138,Dante Exum,SG,24,UTA,11,0,83,4.3,10.0,.435,0.9,2.6,.333,3.5,7.4,.471,0.9,0.9,1.000,1.3,3.9,5.2,3.0,0.4,0.9,4.3,3.5,10.4,/players/e/exumda01.html,/teams/UTA/2020.html
147,138,Dante Exum,G,24,CLE,2,0,31,7.0,11.6,.600,1.2,2.3,.500,5.8,9.3,.625,4.6,7.0,.667,0.0,3.5,3.5,1.2,3.5,0.0,3.5,1.2,19.7,/players/e/exumda01.html,/teams/CLE/2020.html
148,139,Tacko Fall,C,24,BOS,3,0,11,19.6,26.2,.750,0.0,0.0,,19.6,26.2,.750,3.3,6.5,.500,0.0,22.9,22.9,0.0,0.0,6.5,9.8,9.8,42.5,/players/f/fallta01.html,/teams/BOS/2020.html
149,140,Derrick Favors,C,28,NOP,18,16,415,6.1,10.8,.560,0.1,0.3,.333,6.0,10.6,.566,0.8,1.6,.474,5.4,10.3,15.7,3.6,0.9,1.3,2.3,3.7,13.0,/players/f/favorde01.html,/teams/NOP/2020.html
151,141,Terrance Ferguson,SF,21,OKC,26,26,699,2.4,6.3,.385,1.6,4.9,.326,0.8,1.4,.593,0.4,0.5,.778,0.9,1.8,2.7,1.3,0.7,0.3,1.0,4.6,6.8,/players/f/fergute01.html,/teams/OKC/2020.html
152,142,Bruno Fernando,C,21,ATL,32,5,380,4.6,9.6,.485,0.4,2.2,.174,4.3,7.4,.577,1.8,3.0,.594,3.3,6.2,9.5,3.0,0.9,1.0,2.7,5.2,11.5,/players/f/fernabr01.html,/teams/ATL/2020.html
153,143,Yogi Ferrell,PG,26,SAC,25,0,355,4.9,11.5,.425,1.1,4.2,.268,3.8,7.3,.514,2.8,3.2,.875,0.4,3.1,3.5,4.6,1.0,0.3,1.9,2.2,13.7,/players/f/ferreyo01.html,/teams/SAC/2020.html
154,144,Dorian Finney-Smith,PF,26,DAL,32,29,912,4.1,8.4,.491,1.8,4.6,.393,2.3,3.7,.611,1.3,1.9,.708,2.3,4.3,6.6,1.8,0.8,0.6,1.2,2.6,11.4,/players/f/finnedo01.html,/teams/DAL/2020.html
155,145,Bryn Forbes,SG,26,SAS,31,31,801,5.7,13.8,.410,3.1,8.5,.363,2.6,5.3,.487,1.8,2.1,.870,0.4,3.0,3.4,2.5,0.6,0.0,1.2,2.5,16.2,/players/f/forbebr01.html,/teams/SAS/2020.html
156,146,Evan Fournier,SG,27,ORL,32,32,984,8.0,16.7,.480,3.1,7.5,.420,4.9,9.2,.530,3.5,4.3,.814,0.1,3.0,3.1,3.8,1.2,0.2,2.2,2.7,22.7,/players/f/fournev01.html,/teams/ORL/2020.html
157,147,De'Aaron Fox,PG,22,SAC,15,13,443,7.6,16.0,.472,1.2,3.9,.313,6.3,12.1,.523,5.1,7.3,.700,1.1,3.6,4.7,8.3,1.3,0.4,4.2,3.5,21.5,/players/f/foxde01.html,/teams/SAC/2020.html
158,148,Melvin Frazier,SG,23,ORL,7,0,19,5.7,18.9,.300,3.8,7.6,.500,1.9,11.4,.167,1.9,3.8,.500,1.9,1.9,3.8,1.9,1.9,0.0,0.0,5.7,17.1,/players/f/frazime01.html,/teams/ORL/2020.html
159,149,Tim Frazier,PG,29,DET,19,7,248,3.8,10.0,.377,1.5,3.5,.417,2.3,6.5,.356,2.6,3.2,.818,0.7,2.0,2.8,10.0,1.5,0.3,2.6,4.5,11.6,/players/f/fraziti01.html,/teams/DET/2020.html
160,150,Markelle Fultz,PG,21,ORL,31,26,812,6.4,13.8,.466,0.6,2.3,.269,5.8,11.5,.506,2.3,3.1,.739,0.5,3.3,3.9,5.9,1.5,0.3,2.7,2.8,15.7,/players/f/fultzma01.html,/teams/ORL/2020.html
161,151,Wenyen Gabriel,PF,22,SAC,8,0,49,3.7,11.8,.313,0.7,5.9,.125,2.9,5.9,.500,3.7,6.6,.556,2.9,2.9,5.9,2.2,1.5,1.5,2.2,4.4,11.8,/players/g/gabriwe01.html,/teams/SAC/2020.html
162,152,Daniel Gafford,C,21,CHI,23,0,256,6.0,8.4,.717,0.0,0.0,,6.0,8.4,.717,1.8,3.5,.520,2.8,3.1,5.9,0.8,0.1,3.9,1.0,5.6,13.9,/players/g/gaffoda01.html,/teams/CHI/2020.html
163,153,Danilo Gallinari,PF,31,OKC,27,27,823,6.6,15.2,.432,3.3,8.3,.395,3.3,6.9,.478,4.9,5.4,.903,0.6,6.1,6.7,2.6,0.8,0.2,1.7,1.7,21.3,/players/g/gallida01.html,/teams/OKC/2020.html
164,154,Langston Galloway,SG,28,DET,33,6,872,5.0,11.5,.439,3.1,7.4,.413,2.0,4.1,.485,2.2,2.4,.898,0.6,2.4,3.0,1.9,0.9,0.3,0.9,1.7,15.3,/players/g/gallola01.html,/teams/DET/2020.html
165,155,Darius Garland,PG,20,CLE,32,32,902,5.5,13.8,.399,2.2,6.0,.371,3.3,7.8,.421,1.2,1.4,.853,0.6,2.0,2.6,3.7,0.9,0.0,3.3,1.9,14.4,/players/g/garlada01.html,/teams/CLE/2020.html
166,156,Marc Gasol,C,35,TOR,27,27,762,3.0,8.2,.364,1.5,4.2,.352,1.5,4.0,.376,1.0,1.3,.750,1.1,7.4,8.5,4.3,1.0,1.4,1.6,4.0,8.4,/players/g/gasolma01.html,/teams/TOR/2020.html
167,157,Rudy Gay,PF,33,SAS,31,5,706,6.4,14.0,.456,1.7,5.3,.320,4.7,8.7,.538,2.9,3.3,.877,1.7,7.8,9.4,3.0,0.8,1.1,2.5,2.3,17.3,/players/g/gayru01.html,/teams/SAS/2020.html
168,158,Paul George,SF,29,LAC,23,23,717,8.9,20.7,.431,4.2,10.7,.394,4.7,10.0,.470,5.3,5.8,.913,0.6,6.3,6.9,4.1,1.7,0.6,3.9,2.9,27.4,/players/g/georgpa01.html,/teams/LAC/2020.html
169,159,Taj Gibson,C,34,NYK,30,24,481,4.5,9.4,.476,0.1,0.7,.200,4.3,8.7,.500,0.7,1.3,.529,4.0,5.8,9.8,2.5,1.3,0.9,1.8,4.9,9.8,/players/g/gibsota01.html,/teams/NYK/2020.html
170,160,Harry Giles,PF,21,SAC,8,0,69,7.8,16.7,.469,0.0,0.0,,7.8,16.7,.469,2.6,3.1,.833,1.6,3.7,5.2,4.2,1.6,2.1,2.6,9.4,18.3,/players/g/gilesha01.html,/teams/SAC/2020.html
172,161,Shai Gilgeous-Alexander,SG,21,OKC,32,32,1131,7.3,16.0,.456,1.4,3.8,.364,6.0,12.3,.484,4.1,5.1,.807,0.7,4.4,5.1,2.9,1.2,0.4,2.1,1.8,20.1,/players/g/gilgesh01.html,/teams/OKC/2020.html
173,162,Rudy Gobert,C,27,UTA,30,30,1037,6.0,8.7,.688,0.0,0.0,,6.0,8.7,.688,3.6,5.9,.609,3.7,10.9,14.6,1.5,0.7,1.9,2.2,3.1,15.5,/players/g/goberru01.html,/teams/UTA/2020.html
174,163,Brandon Goodwin,PG,24,ATL,4,0,32,2.3,13.5,.167,1.1,6.8,.167,1.1,6.8,.167,0.0,0.0,,1.1,3.4,4.5,3.4,1.1,1.1,2.3,3.4,5.6,/players/g/goodwbr01.html,/teams/ATL/2020.html
175,164,Aaron Gordon,PF,24,ORL,29,29,903,5.7,14.1,.404,1.3,4.5,.292,4.4,9.6,.456,2.6,3.6,.703,2.0,6.2,8.3,3.3,0.7,0.8,1.8,2.4,15.3,/players/g/gordoaa01.html,/teams/ORL/2020.html
176,165,Eric Gordon,SG,31,HOU,10,3,287,5.0,15.3,.328,3.1,10.2,.309,1.9,5.1,.366,1.6,2.8,.591,0.5,1.8,2.3,1.3,0.8,0.3,1.9,2.6,14.8,/players/g/gordoer01.html,/teams/HOU/2020.html
177,166,Devonte' Graham,PG,24,CHO,35,25,1215,6.3,16.6,.379,3.9,9.9,.392,2.4,6.7,.358,3.3,4.2,.801,1.0,3.0,4.0,8.0,0.9,0.3,3.1,2.0,19.8,/players/g/grahade01.html,/teams/CHO/2020.html
178,167,Treveon Graham,SG,26,MIN,29,20,612,3.4,9.6,.350,1.1,4.6,.231,2.3,5.0,.459,1.5,2.1,.714,1.6,3.8,5.5,1.5,0.9,0.1,0.9,3.5,9.2,/players/g/grahatr01.html,/teams/MIN/2020.html
179,168,Jerami Grant,PF,25,DEN,32,3,753,5.5,11.9,.462,2.1,5.1,.411,3.4,6.8,.500,2.4,3.7,.662,0.7,4.2,4.9,1.3,0.7,1.0,1.3,2.8,15.5,/players/g/grantje01.html,/teams/DEN/2020.html
180,169,Josh Gray,PG,26,NOP,2,0,23,1.6,3.1,.500,0.0,0.0,,1.6,3.1,.500,0.0,0.0,,1.6,1.6,3.1,3.1,0.0,0.0,7.8,1.6,3.1,/players/g/grayjo01.html,/teams/NOP/2020.html
181,170,Danny Green,SG,32,LAL,33,33,837,4.1,10.0,.414,2.8,7.3,.376,1.4,2.7,.516,0.8,1.0,.792,1.0,4.2,5.2,1.7,1.6,0.7,1.3,3.3,11.8,/players/g/greenda02.html,/teams/LAL/2020.html
182,171,Draymond Green,PF,29,GSW,24,24,704,4.2,10.2,.410,1.0,3.5,.294,3.2,6.8,.470,2.3,3.1,.738,0.8,7.0,7.7,6.9,1.9,0.8,3.0,3.2,11.7,/players/g/greendr01.html,/teams/GSW/2020.html
183,172,JaMychal Green,PF,29,LAC,25,0,514,4.2,10.5,.400,2.6,7.2,.359,1.6,3.3,.489,1.3,1.6,.826,2.2,8.8,11.0,1.1,1.1,0.6,1.5,4.3,12.3,/players/g/greenja01.html,/teams/LAC/2020.html
184,173,Javonte Green,SF,26,BOS,24,0,183,5.7,10.0,.569,0.6,2.6,.231,5.1,7.5,.684,0.8,1.4,.571,1.2,4.7,5.9,1.4,0.8,0.8,1.6,3.9,12.8,/players/g/greenja02.html,/teams/BOS/2020.html
185,174,Jeff Green,PF,33,UTA,30,2,553,4.9,12.7,.385,2.2,6.8,.327,2.7,5.9,.451,3.2,4.1,.778,0.9,4.4,5.3,1.3,0.8,0.7,1.8,3.0,15.2,/players/g/greenje02.html,/teams/UTA/2020.html
186,175,Blake Griffin,PF,30,DET,18,18,512,6.2,17.6,.352,1.9,7.8,.243,4.3,9.8,.439,5.3,6.9,.776,1.2,4.7,5.9,4.1,0.5,0.5,2.8,1.9,19.6,/players/g/griffbl01.html,/teams/DET/2020.html
187,176,Marko Guduric,SG,24,MEM,26,0,382,4.4,11.9,.373,1.7,6.0,.281,2.7,5.8,.468,1.4,1.6,.882,1.1,3.9,5.0,3.4,0.8,0.6,2.6,2.4,12.0,/players/g/gudurma01.html,/teams/MEM/2020.html
188,177,Rui Hachimura,PF,21,WAS,25,25,729,7.2,15.0,.482,0.5,2.4,.208,6.7,12.6,.533,2.3,2.7,.852,1.9,5.2,7.2,2.0,0.9,0.1,1.0,2.8,17.2,/players/h/hachiru01.html,/teams/WAS/2020.html
189,178,Devon Hall,SG,24,OKC,5,0,20,1.8,9.0,.200,0.0,3.6,.000,1.8,5.4,.333,5.4,7.2,.750,0.0,1.8,1.8,5.4,0.0,0.0,1.8,1.8,9.0,/players/h/hallde01.html,/teams/OKC/2020.html
190,179,Tim Hardaway,SG,27,DAL,32,19,816,6.8,16.1,.419,3.7,9.6,.382,3.1,6.5,.473,2.2,2.7,.806,0.4,3.2,3.6,2.4,0.8,0.1,1.3,2.3,19.4,/players/h/hardati02.html,/teams/DAL/2020.html
191,180,James Harden,SG,30,HOU,32,32,1205,10.8,23.5,.458,4.9,13.1,.378,5.8,10.4,.559,10.2,11.8,.865,1.0,4.7,5.6,7.2,1.8,0.7,4.5,3.2,36.6,/players/h/hardeja01.html,/teams/HOU/2020.html
193,181,Maurice Harkless,SF,26,LAC,34,23,788,3.4,6.9,.493,0.8,2.4,.346,2.6,4.5,.571,0.9,1.5,.576,1.4,4.2,5.6,1.7,1.8,1.1,1.4,4.1,8.5,/players/h/harklma01.html,/teams/LAC/2020.html
194,182,Jared Harper,PG,22,PHO,1,0,2,0.0,18.0,.000,0.0,18.0,.000,0.0,0.0,,0.0,0.0,,0.0,0.0,0.0,0.0,0.0,0.0,0.0,0.0,0.0,/players/h/harpeja01.html,/teams/PHO/2020.html
195,183,Montrezl Harrell,C,26,LAC,33,2,964,9.6,16.7,.575,0.0,0.4,.000,9.6,16.2,.591,4.2,6.3,.663,3.6,5.6,9.2,2.3,0.9,1.4,2.4,2.9,23.4,/players/h/harremo01.html,/teams/LAC/2020.html
196,184,Gary Harris,SG,25,DEN,31,31,1019,4.7,10.8,.436,1.6,4.7,.341,3.1,6.1,.509,1.4,1.8,.820,0.6,2.5,3.0,2.4,1.6,0.3,1.1,2.5,12.4,/players/h/harriga01.html,/teams/DEN/2020.html
197,185,Joe Harris,SF,28,BRK,31,31,980,6.2,13.2,.471,3.0,7.1,.428,3.2,6.1,.521,1.0,1.4,.757,1.0,3.6,4.6,2.4,0.7,0.4,1.6,2.7,16.5,/players/h/harrijo01.html,/teams/BRK/2020.html
198,186,Tobias Harris,PF,27,PHI,35,35,1203,8.1,16.6,.486,1.6,4.8,.340,6.4,11.8,.546,2.8,3.5,.795,0.8,6.2,7.1,3.2,0.9,0.7,1.8,2.5,20.6,/players/h/harrito02.html,/teams/PHI/2020.html
199,187,Shaquille Harrison,SF,26,CHI,19,4,153,4.7,12.2,.385,0.7,2.4,.300,4.0,9.9,.405,3.1,4.7,.650,1.4,6.1,7.5,5.4,2.4,1.2,1.4,4.5,13.2,/players/h/harrish01.html,/teams/CHI/2020.html
200,188,Josh Hart,SF,24,NOP,27,4,747,4.8,11.7,.407,2.9,8.2,.353,1.9,3.5,.534,1.7,2.3,.766,1.1,6.5,7.6,2.1,1.3,0.3,1.6,3.5,14.2,/players/h/hartjo01.html,/teams/NOP/2020.html
201,189,Isaiah Hartenstein,C,21,HOU,11,1,162,5.3,7.6,.706,0.0,0.2,.000,5.3,7.3,.727,2.4,3.3,.733,3.3,7.3,10.7,2.2,0.9,1.3,2.2,5.6,13.1,/players/h/harteis01.html,/teams/HOU/2020.html
202,190,Udonis Haslem,PF,39,MIA,2,0,11,3.3,3.3,1.000,0.0,0.0,,3.3,3.3,1.000,9.8,13.1,.750,0.0,9.8,9.8,0.0,0.0,0.0,0.0,9.8,16.4,/players/h/hasleud01.html,/teams/MIA/2020.html
203,191,Jaxson Hayes,C,19,NOP,31,10,626,5.5,8.7,.629,0.1,0.2,.250,5.4,8.5,.639,3.6,5.5,.653,3.3,4.9,8.2,1.5,1.2,2.0,1.5,5.4,14.5,/players/h/hayesja02.html,/teams/NOP/2020.html
204,192,Gordon Hayward,SF,29,BOS,14,14,427,7.8,14.8,.526,1.5,4.4,.346,6.2,10.4,.602,2.1,2.5,.833,0.8,6.2,7.0,5.2,0.9,0.6,1.9,2.2,19.1,/players/h/haywago01.html,/teams/BOS/2020.html
205,193,John Henson,PF,29,CLE,14,0,178,4.9,9.1,.533,0.4,2.4,.167,4.4,6.7,.667,1.2,3.4,.353,2.6,7.1,9.7,3.8,1.8,4.0,2.2,4.4,11.3,/players/h/hensojo01.html,/teams/CLE/2020.html
206,194,Dewan Hernandez,C,23,TOR,4,0,11,3.3,16.4,.200,0.0,3.3,.000,3.3,13.1,.250,6.5,6.5,1.000,6.5,16.4,22.9,0.0,3.3,0.0,3.3,19.6,13.1,/players/h/hernade01.html,/teams/TOR/2020.html
207,195,Juan Hernangómez,PF,24,DEN,20,0,256,3.5,9.8,.357,1.7,6.3,.267,1.8,3.5,.520,1.1,2.1,.533,1.7,5.2,6.9,2.0,0.1,0.4,1.4,2.3,9.8,/players/h/hernaju01.html,/teams/DEN/2020.html
208,196,Willy Hernangómez,C,25,CHO,11,0,69,5.7,13.6,.423,1.0,3.7,.286,4.7,9.9,.474,3.1,6.3,.500,5.2,7.3,12.5,1.6,0.5,1.6,3.1,2.6,15.7,/players/h/hernawi01.html,/teams/CHO/2020.html
209,197,Tyler Herro,SG,20,MIA,31,3,894,6.3,15.0,.422,2.6,6.7,.389,3.7,8.3,.449,2.1,2.5,.869,0.4,5.0,5.4,2.7,0.8,0.1,2.3,1.6,17.4,/players/h/herroty01.html,/teams/MIA/2020.html
210,198,Kevin Hervey,F,23,OKC,2,0,8,0.0,18.0,.000,0.0,13.5,.000,0.0,4.5,.000,0.0,0.0,,0.0,9.0,9.0,4.5,0.0,0.0,0.0,4.5,0.0,/players/h/herveke01.html,/teams/OKC/2020.html
211,199,Mario Hezonja,PF,24,POR,25,4,414,3.0,8.7,.350,0.9,2.8,.313,2.2,5.9,.368,2.1,2.5,.828,1.4,8.0,9.4,1.9,1.1,0.2,1.7,4.8,9.0,/players/h/hezonma01.html,/teams/POR/2020.html
212,200,Buddy Hield,SG,27,SAC,33,33,1128,7.9,19.0,.414,3.8,10.6,.360,4.0,8.3,.483,1.8,2.2,.812,0.9,4.3,5.3,3.2,0.9,0.4,2.6,2.6,21.3,/players/h/hieldbu01.html,/teams/SAC/2020.html
214,201,George Hill,PG,33,MIL,32,0,688,6.3,11.3,.560,2.8,5.2,.530,3.6,6.1,.586,2.3,2.7,.843,1.6,3.8,5.4,5.0,1.3,0.2,1.6,2.4,17.7,/players/h/hillge01.html,/teams/MIL/2020.html
215,202,Solomon Hill,SF,28,MEM,32,2,631,4.0,9.8,.409,2.3,5.8,.392,1.7,3.9,.435,1.0,1.4,.708,1.1,4.8,6.0,3.4,1.5,0.3,1.7,2.9,11.2,/players/h/hillso01.html,/teams/MEM/2020.html
216,203,Jaylen Hoard,SF,20,POR,5,0,18,6.0,12.0,.500,0.0,0.0,,6.0,12.0,.500,2.0,4.0,.500,6.0,8.0,14.0,4.0,2.0,0.0,0.0,2.0,14.0,/players/h/hoardja01.html,/teams/POR/2020.html
217,204,Aaron Holiday,PG,23,IND,31,14,718,6.3,14.4,.436,2.7,6.3,.424,3.6,8.1,.444,1.8,2.1,.878,0.6,3.4,3.9,4.8,1.4,0.2,2.2,2.7,17.0,/players/h/holidaa01.html,/teams/IND/2020.html
218,205,Jrue Holiday,SG,29,NOP,32,32,1142,8.0,18.2,.442,2.0,5.8,.348,6.0,12.4,.486,2.0,2.8,.689,1.4,3.5,4.9,6.6,1.8,0.8,3.1,2.2,20.0,/players/h/holidjr01.html,/teams/NOP/2020.html
219,206,Justin Holiday,SG,30,IND,33,2,829,3.7,9.5,.393,2.2,5.9,.365,1.6,3.6,.439,0.9,1.1,.800,0.7,4.5,5.2,2.1,1.5,0.8,0.8,2.3,10.5,/players/h/holidju01.html,/teams/IND/2020.html
220,207,Rondae Hollis-Jefferson,SF,25,TOR,25,0,490,5.5,11.2,.493,0.1,0.7,.200,5.4,10.4,.514,3.7,5.0,.750,4.1,5.4,9.6,2.8,1.4,0.7,2.0,4.0,14.9,/players/h/holliro01.html,/teams/TOR/2020.html
221,208,Richaun Holmes,C,26,SAC,33,29,968,6.7,10.1,.664,0.0,0.0,,6.7,10.1,.664,2.4,2.9,.821,3.8,6.7,10.5,1.3,1.3,1.6,1.5,5.0,15.8,/players/h/holmeri01.html,/teams/SAC/2020.html
222,209,Rodney Hood,SF,27,POR,21,21,619,5.1,10.0,.506,2.0,4.1,.493,3.0,5.9,.515,1.2,1.6,.778,0.6,3.6,4.2,1.9,1.0,0.2,1.1,2.7,13.4,/players/h/hoodro01.html,/teams/POR/2020.html
223,210,Al Horford,C,33,PHI,31,31,946,6.1,13.3,.460,1.6,4.8,.344,4.5,8.6,.524,1.0,1.5,.692,1.9,5.9,7.8,4.5,1.2,1.2,1.3,2.8,14.9,/players/h/horfoal01.html,/teams/PHI/2020.html
224,211,Talen Horton-Tucker,SG,19,LAL,2,0,5,0.0,7.2,.000,0.0,7.2,.000,0.0,0.0,,0.0,0.0,,0.0,0.0,0.0,14.4,7.2,0.0,0.0,0.0,0.0,/players/h/hortota01.html,/teams/LAL/2020.html
225,212,Danuel House,SF,26,HOU,27,25,832,4.6,10.5,.440,2.6,6.8,.385,2.0,3.8,.540,1.5,2.0,.761,1.4,3.4,4.8,1.5,1.2,0.6,1.1,2.6,13.4,/players/h/houseda01.html,/teams/HOU/2020.html
226,213,Dwight Howard,C,34,LAL,33,0,647,5.3,7.0,.762,0.1,0.2,.333,5.3,6.8,.772,2.3,4.7,.488,4.1,8.6,12.6,1.3,0.7,2.5,2.2,6.3,13.0,/players/h/howardw01.html,/teams/LAL/2020.html
227,214,Kevin Huerter,SG,21,ATL,22,14,557,4.7,12.1,.385,2.5,7.0,.352,2.2,5.1,.430,1.6,1.9,.833,0.7,3.9,4.6,4.8,1.3,0.6,2.3,3.0,13.4,/players/h/huertke01.html,/teams/ATL/2020.html
228,215,De'Andre Hunter,SF,22,ATL,32,31,1015,5.1,12.9,.398,1.9,5.6,.338,3.3,7.3,.444,2.1,2.7,.763,0.5,3.8,4.4,2.1,0.7,0.3,1.9,3.0,14.2,/players/h/huntede01.html,/teams/ATL/2020.html
229,216,Chandler Hutchison,SF,23,CHI,9,6,154,4.7,10.3,.455,1.2,2.8,.417,3.5,7.5,.469,4.4,6.8,.655,0.2,7.5,7.7,1.9,1.2,0.5,2.8,2.8,15.0,/players/h/hutchch01.html,/teams/CHI/2020.html
230,217,Serge Ibaka,C,30,TOR,23,6,569,8.0,16.5,.483,1.2,3.6,.333,6.8,12.9,.525,3.0,3.9,.770,3.1,8.4,11.5,1.8,0.7,1.3,2.8,3.9,20.1,/players/i/ibakase01.html,/teams/TOR/2020.html
231,218,Ersan İlyasova,PF,32,MIL,31,4,526,6.4,12.4,.519,2.1,5.4,.392,4.3,7.0,.618,2.6,3.3,.792,2.7,8.6,11.3,2.1,1.0,0.8,1.2,3.1,17.6,/players/i/ilyaser01.html,/teams/MIL/2020.html
232,219,Joe Ingles,SF,32,UTA,32,12,957,4.3,9.6,.441,2.5,6.2,.409,1.7,3.5,.500,1.3,1.6,.810,0.5,4.8,5.3,5.2,1.1,0.2,2.4,2.9,12.3,/players/i/inglejo01.html,/teams/UTA/2020.html
233,220,Brandon Ingram,PF,22,NOP,30,30,1022,9.5,19.3,.491,2.5,6.0,.409,7.0,13.3,.528,5.3,6.2,.857,0.9,6.5,7.4,4.1,1.0,0.8,3.0,3.1,26.7,/players/i/ingrabr01.html,/teams/NOP/2020.html
235,221,Kyrie Irving,PG,27,BRK,11,11,372,10.8,24.4,.444,3.0,8.8,.341,7.8,15.6,.503,5.7,6.1,.937,1.0,4.7,5.7,7.6,1.2,0.6,2.5,3.1,30.4,/players/i/irvinky01.html,/teams/BRK/2020.html
236,222,Jonathan Isaac,SF,22,ORL,30,30,914,5.6,12.1,.463,1.2,3.5,.337,4.4,8.6,.514,2.2,2.7,.809,2.0,6.4,8.4,1.7,1.8,3.0,1.9,3.0,14.5,/players/i/isaacjo01.html,/teams/ORL/2020.html
237,223,Wesley Iwundu,SF,25,ORL,18,3,251,2.4,8.6,.283,0.1,2.3,.063,2.3,6.3,.364,2.4,2.9,.850,1.1,4.2,5.3,2.4,1.3,0.6,1.3,2.7,7.5,/players/i/iwundwe01.html,/teams/ORL/2020.html
238,224,Frank Jackson,PG,21,NOP,27,1,355,5.6,15.1,.369,2.0,7.0,.290,3.5,8.1,.438,2.6,3.2,.813,0.5,2.8,3.3,2.3,0.9,0.1,2.3,3.8,15.8,/players/j/jacksfr01.html,/teams/NOP/2020.html
239,225,Jaren Jackson,C,20,MEM,33,33,918,8.2,17.5,.471,3.3,8.3,.396,4.9,9.2,.538,3.0,4.0,.755,1.3,4.8,6.1,2.0,0.8,1.7,2.3,5.2,22.8,/players/j/jacksja02.html,/teams/MEM/2020.html
240,226,Justin Jackson,PF,24,DAL,28,0,414,5.5,13.0,.423,2.2,6.5,.333,3.3,6.4,.514,1.4,1.8,.762,1.0,5.0,6.0,1.4,0.4,0.2,0.4,3.0,14.5,/players/j/jacksju01.html,/teams/DAL/2020.html
241,227,Reggie Jackson,PG,29,DET,2,2,36,4.0,11.0,.364,1.0,5.0,.200,3.0,6.0,.500,1.0,1.0,1.000,1.0,4.0,5.0,8.0,0.0,0.0,1.0,2.0,10.0,/players/j/jacksre01.html,/teams/DET/2020.html
242,228,Justin James,SG,23,SAC,15,0,176,5.1,12.3,.417,1.2,4.3,.286,3.9,8.0,.487,0.4,1.8,.222,0.6,4.5,5.1,2.3,1.0,1.6,1.4,2.7,11.9,/players/j/jamesju01.html,/teams/SAC/2020.html
243,229,LeBron James,PG,35,LAL,32,32,1119,9.9,20.3,.487,2.2,6.4,.345,7.7,13.9,.553,3.8,5.6,.688,1.1,6.7,7.7,11.2,1.3,0.6,3.9,2.0,25.9,/players/j/jamesle01.html,/teams/LAL/2020.html
244,230,Amile Jefferson,PF,26,ORL,8,0,21,5.1,6.9,.750,0.0,0.0,,5.1,6.9,.750,0.0,3.4,.000,5.1,6.9,12.0,3.4,0.0,0.0,3.4,5.1,10.3,/players/j/jeffeam01.html,/teams/ORL/2020.html
245,231,DaQuan Jeffries,SG,22,SAC,2,0,11,3.3,3.3,1.000,0.0,0.0,,3.3,3.3,1.000,0.0,0.0,,3.3,0.0,3.3,3.3,0.0,0.0,0.0,3.3,6.5,/players/j/jeffrda01.html,/teams/SAC/2020.html
246,232,Ty Jerome,PG,22,PHO,10,0,134,4.3,13.2,.327,1.6,5.4,.300,2.7,7.8,.345,1.1,1.3,.800,0.8,3.8,4.6,5.9,3.0,0.0,2.4,3.5,11.3,/players/j/jeromty01.html,/teams/PHO/2020.html
247,233,Alize Johnson,SF,23,IND,10,0,43,5.9,10.9,.538,0.0,0.0,,5.9,10.9,.538,2.5,3.3,.750,5.0,7.5,12.6,1.7,0.0,0.0,0.8,5.0,14.2,/players/j/johnsal02.html,/teams/IND/2020.html
248,234,B.J. Johnson,SF,24,ORL,1,0,3,0.0,0.0,,0.0,0.0,,0.0,0.0,,0.0,0.0,,0.0,0.0,0.0,0.0,0.0,0.0,0.0,0.0,0.0,/players/j/johnsbj01.html,/teams/ORL/2020.html
249,235,Cameron Johnson,PF,23,PHO,29,0,613,5.2,12.1,.427,3.4,8.5,.403,1.8,3.6,.484,1.4,1.7,.793,1.6,3.9,5.5,1.8,0.9,0.5,1.1,2.7,15.1,/players/j/johnsca02.html,/teams/PHO/2020.html
250,236,James Johnson,PF,32,MIA,6,0,68,4.2,9.5,.444,1.1,4.8,.222,3.2,4.8,.667,1.1,2.1,.500,1.1,4.8,5.8,2.1,1.6,1.1,2.1,2.6,10.6,/players/j/johnsja01.html,/teams/MIA/2020.html
251,237,Keldon Johnson,SF,20,SAS,1,0,2,0.0,18.0,.000,0.0,0.0,,0.0,18.0,.000,0.0,0.0,,0.0,0.0,0.0,0.0,0.0,0.0,0.0,0.0,0.0,/players/j/johnske04.html,/teams/SAS/2020.html
252,238,Stanley Johnson,PF,23,TOR,7,0,25,8.6,18.7,.462,1.4,5.8,.250,7.2,13.0,.556,0.0,0.0,,2.9,10.1,13.0,0.0,2.9,0.0,7.2,8.6,18.7,/players/j/johnsst04.html,/teams/TOR/2020.html
253,239,Tyler Johnson,SG,27,PHO,22,3,403,4.2,11.0,.382,1.7,5.4,.311,2.5,5.5,.452,1.8,2.3,.769,0.7,3.1,3.8,3.8,0.7,0.6,1.8,2.9,11.9,/players/j/johnsty01.html,/teams/PHO/2020.html
254,240,Nikola Jokić,C,24,DEN,32,32,997,8.2,16.5,.498,1.4,4.7,.310,6.8,11.9,.571,2.9,3.6,.810,2.6,8.9,11.5,7.8,1.2,0.6,2.9,3.6,20.8,/players/j/jokicni01.html,/teams/DEN/2020.html
256,241,Damian Jones,C,24,ATL,30,19,533,5.6,8.2,.686,0.1,0.4,.333,5.5,7.8,.704,2.5,3.6,.698,3.2,4.5,7.7,1.4,0.9,1.8,1.2,6.3,13.8,/players/j/jonesda03.html,/teams/ATL/2020.html
257,242,Derrick Jones,SF,22,MIA,18,0,408,4.7,9.1,.515,0.8,3.3,.243,3.9,5.8,.667,2.7,3.7,.738,1.3,4.6,5.9,1.7,1.7,0.8,1.3,3.8,12.9,/players/j/jonesde02.html,/teams/MIA/2020.html
258,243,Tyus Jones,PG,23,MEM,34,6,674,4.8,10.9,.434,1.0,3.0,.321,3.8,8.0,.477,1.1,1.5,.750,0.3,2.7,3.0,8.8,1.7,0.2,1.9,1.4,11.6,/players/j/jonesty01.html,/teams/MEM/2020.html
259,244,DeAndre Jordan,C,31,BRK,28,3,592,5.6,8.7,.643,0.0,0.0,,5.6,8.7,.643,2.6,3.9,.672,4.3,12.6,16.8,3.6,0.7,1.6,2.0,3.4,13.8,/players/j/jordade01.html,/teams/BRK/2020.html
260,245,Cory Joseph,PG,28,SAC,33,20,884,3.3,8.6,.377,0.7,2.7,.273,2.5,5.9,.425,1.0,1.1,.893,0.8,3.0,3.8,5.3,1.0,0.6,1.8,2.8,8.3,/players/j/josepco01.html,/teams/SAC/2020.html
261,246,Mfiondu Kabengele,C,22,LAC,10,0,44,8.2,18.0,.455,4.9,9.8,.500,3.3,8.2,.400,2.5,2.5,1.000,0.8,5.7,6.5,0.8,0.8,0.8,0.8,4.9,23.7,/players/k/kabenmf01.html,/teams/LAC/2020.html
262,247,Frank Kaminsky,C,26,PHO,32,13,718,6.4,14.0,.455,2.0,5.6,.348,4.4,8.4,.527,3.0,4.4,.670,1.5,6.4,7.9,3.6,0.7,0.5,1.7,3.5,17.6,/players/k/kaminfr01.html,/teams/PHO/2020.html
263,248,Enes Kanter,C,27,BOS,23,3,402,7.3,12.7,.570,0.1,0.3,.333,7.2,12.4,.576,2.7,4.0,.667,6.2,9.2,15.4,2.2,1.3,1.3,1.7,3.1,17.3,/players/k/kanteen01.html,/teams/BOS/2020.html
264,249,Luke Kennard,SG,23,DET,28,25,922,5.9,13.4,.442,2.9,7.1,.399,3.0,6.2,.491,2.6,2.9,.893,0.4,3.5,3.8,4.5,0.5,0.2,1.7,2.5,17.3,/players/k/kennalu01.html,/teams/DET/2020.html
265,250,Stanton Kidd,SF,27,UTA,4,0,15,0.0,7.2,.000,0.0,2.4,.000,0.0,4.8,.000,0.0,0.0,,0.0,7.2,7.2,2.4,0.0,0.0,4.8,7.2,0.0,/players/k/kiddst01.html,/teams/UTA/2020.html
266,251,Michael Kidd-Gilchrist,PF,26,CHO,11,0,151,4.1,12.2,.333,1.2,4.1,.294,2.9,8.1,.353,1.7,2.1,.778,2.1,6.0,8.1,2.1,0.0,0.7,1.7,4.3,11.0,/players/k/kiddgmi01.html,/teams/CHO/2020.html
267,252,Louis King,F,20,DET,2,0,7,15.4,30.9,.500,5.1,15.4,.333,10.3,15.4,.667,0.0,0.0,,5.1,5.1,10.3,5.1,5.1,0.0,5.1,0.0,36.0,/players/k/kinglo02.html,/teams/DET/2020.html
268,253,Maxi Kleber,C,28,DAL,31,5,736,4.3,9.6,.444,2.2,5.6,.383,2.1,4.0,.531,1.6,1.8,.889,2.4,5.7,8.1,1.5,0.4,1.0,1.2,3.4,12.2,/players/k/klebima01.html,/teams/DAL/2020.html
269,254,Brandon Knight,PG,28,CLE,10,0,114,5.1,14.8,.340,3.8,11.1,.343,1.3,3.8,.333,0.9,2.5,.375,0.3,2.2,2.5,5.1,1.3,0.3,2.5,2.8,14.8,/players/k/knighbr03.html,/teams/CLE/2020.html
270,255,Kevin Knox,SF,20,NYK,32,4,642,4.8,12.6,.384,2.3,6.6,.347,2.5,5.9,.425,2.3,3.4,.683,0.7,4.6,5.3,2.1,1.0,0.9,1.4,2.9,14.2,/players/k/knoxke01.html,/teams/NYK/2020.html
271,256,John Konchar,SG,23,MEM,2,0,8,0.0,0.0,,0.0,0.0,,0.0,0.0,,0.0,0.0,,0.0,4.5,4.5,0.0,0.0,0.0,0.0,0.0,0.0,/players/k/konchjo01.html,/teams/MEM/2020.html
272,257,Furkan Korkmaz,SG,22,PHI,34,11,706,5.3,12.3,.432,2.8,7.4,.379,2.5,4.9,.510,1.0,1.3,.760,0.4,3.6,3.9,1.4,1.0,0.4,1.2,2.5,14.4,/players/k/korkmfu01.html,/teams/PHI/2020.html
273,258,Luke Kornet,C,24,CHI,16,0,148,3.9,11.9,.327,1.5,6.8,.214,2.4,5.1,.476,1.2,1.2,1.000,1.5,4.1,5.6,1.5,0.5,2.7,0.7,3.2,10.5,/players/k/kornelu01.html,/teams/CHI/2020.html
274,259,Kyle Korver,SF,38,MIL,29,0,479,4.4,11.0,.401,3.5,8.9,.395,0.9,2.1,.429,1.2,1.4,.842,0.5,3.4,3.9,2.3,1.1,0.5,1.7,2.5,13.6,/players/k/korveky01.html,/teams/MIL/2020.html
275,260,Rodions Kurucs,PF,21,BRK,16,0,169,3.6,8.3,.436,1.5,3.0,.500,2.1,5.3,.400,1.1,2.1,.500,1.9,6.4,8.3,1.1,1.3,0.2,4.0,5.5,9.8,/players/k/kurucro01.html,/teams/BRK/2020.html
277,261,Kyle Kuzma,PF,24,LAL,24,1,567,6.7,15.4,.432,2.5,7.2,.354,4.1,8.3,.500,2.3,3.2,.720,0.8,4.6,5.4,1.1,0.6,0.6,2.4,2.5,18.2,/players/k/kuzmaky01.html,/teams/LAL/2020.html
278,262,Skal Labissière,C,23,POR,33,1,567,5.1,9.3,.551,0.2,0.8,.231,5.0,8.5,.582,1.6,2.1,.758,4.1,6.6,10.7,2.7,0.4,2.0,1.9,5.7,12.1,/players/l/labissk01.html,/teams/POR/2020.html
279,263,Jeremy Lamb,SG,27,IND,22,22,667,6.2,13.8,.447,1.3,4.4,.293,4.9,9.3,.520,2.6,3.1,.845,0.6,4.9,5.6,2.9,1.5,0.8,1.7,2.6,16.2,/players/l/lambje01.html,/teams/IND/2020.html
280,264,Romeo Langford,SG,20,BOS,7,0,86,2.9,7.5,.389,0.8,3.8,.222,2.1,3.8,.556,1.3,1.7,.750,1.7,1.3,2.9,0.4,1.3,0.8,0.8,2.5,8.0,/players/l/langfro01.html,/teams/BOS/2020.html
281,265,Zach LaVine,SG,24,CHI,33,33,1099,8.5,19.8,.431,3.3,8.4,.396,5.2,11.5,.457,5.0,6.0,.831,0.8,4.2,5.0,4.2,1.4,0.5,3.7,2.5,25.4,/players/l/lavinza01.html,/teams/CHI/2020.html
282,266,Jake Layman,PF,25,MIN,14,2,369,6.0,12.9,.462,1.9,5.3,.352,4.1,7.6,.538,0.6,1.0,.600,1.2,2.8,4.0,1.1,1.2,1.0,1.8,3.0,14.3,/players/l/laymaja01.html,/teams/MIN/2020.html
283,267,T.J. Leaf,PF,22,IND,20,1,172,5.7,13.0,.435,1.0,2.7,.385,4.6,10.3,.449,1.3,2.1,.600,4.2,8.0,12.1,1.3,1.5,0.6,1.3,3.1,13.6,/players/l/leaftj01.html,/teams/IND/2020.html
284,268,Courtney Lee,SG,34,DAL,8,3,69,6.8,11.5,.591,3.7,6.3,.583,3.1,5.2,.600,0.0,0.0,,0.0,1.6,1.6,1.6,0.0,1.0,1.0,2.6,17.2,/players/l/leeco01.html,/teams/DAL/2020.html
285,269,Damion Lee,SG,27,GSW,20,7,505,5.6,13.5,.416,1.9,5.1,.375,3.7,8.4,.441,4.2,4.8,.881,1.4,6.2,7.6,3.1,1.1,0.0,1.6,2.7,17.4,/players/l/leeda03.html,/teams/GSW/2020.html
286,270,Alex Len,C,26,ATL,31,9,552,6.8,12.3,.559,0.9,2.7,.333,5.9,9.5,.623,2.3,3.5,.648,3.2,7.3,10.5,2.3,1.0,1.5,2.1,4.6,16.9,/players/l/lenal01.html,/teams/ATL/2020.html
287,271,Kawhi Leonard,SF,28,LAC,25,25,795,10.1,22.2,.455,2.0,5.5,.369,8.1,16.7,.484,6.8,7.7,.882,1.3,7.6,8.9,5.8,2.0,0.6,3.8,2.2,29.0,/players/l/leonaka01.html,/teams/LAC/2020.html
288,272,Meyers Leonard,PF,27,MIA,32,32,604,4.4,8.0,.552,1.7,3.8,.460,2.7,4.2,.634,0.5,0.8,.615,1.0,7.8,8.8,1.9,0.4,0.8,1.4,3.9,11.0,/players/l/leoname01.html,/teams/MIA/2020.html
289,273,Caris LeVert,SG,25,BRK,9,9,284,7.5,17.7,.421,1.6,4.6,.361,5.8,13.2,.442,2.5,3.9,.645,1.3,4.4,5.7,4.6,0.8,0.1,3.9,2.5,19.1,/players/l/leverca01.html,/teams/BRK/2020.html
290,274,Damian Lillard,PG,29,POR,31,31,1141,8.2,18.6,.442,3.3,9.3,.356,4.9,9.2,.529,6.7,7.4,.898,0.4,3.6,4.0,7.4,0.9,0.4,2.8,2.0,26.4,/players/l/lillada01.html,/teams/POR/2020.html
291,275,Nassir Little,PF,19,POR,22,3,310,3.7,9.2,.405,0.6,3.5,.167,3.1,5.7,.551,2.0,3.0,.654,2.4,5.3,7.8,1.5,0.9,0.8,1.0,4.4,10.0,/players/l/littlna01.html,/teams/POR/2020.html
292,276,Kevon Looney,C,23,GSW,10,3,105,3.8,11.0,.344,0.3,0.7,.500,3.4,10.3,.333,1.0,1.7,.600,5.1,4.8,9.9,1.4,1.0,0.7,2.1,5.8,8.9,/players/l/looneke01.html,/teams/GSW/2020.html
293,277,Brook Lopez,C,31,MIL,32,32,845,4.9,12.3,.399,2.0,6.6,.308,2.9,5.6,.508,2.3,2.5,.898,0.9,5.8,6.8,2.1,1.0,3.3,1.4,3.1,14.1,/players/l/lopezbr01.html,/teams/MIL/2020.html
294,278,Robin Lopez,C,31,MIL,34,2,487,5.8,11.2,.513,1.2,3.9,.302,4.6,7.3,.626,1.3,2.3,.548,2.4,4.1,6.5,1.7,0.4,1.6,2.6,3.8,14.0,/players/l/lopezro01.html,/teams/MIL/2020.html
295,279,Kevin Love,PF,31,CLE,27,27,826,6.4,14.1,.451,2.8,7.4,.385,3.5,6.8,.523,4.1,4.9,.841,1.1,11.3,12.5,3.4,0.7,0.4,3.2,1.6,19.7,/players/l/loveke01.html,/teams/CLE/2020.html
296,280,Kyle Lowry,PG,33,TOR,22,22,839,5.9,13.8,.427,2.9,7.9,.372,3.0,5.9,.500,4.9,5.7,.865,0.5,4.2,4.7,7.0,1.2,0.3,3.2,2.8,19.6,/players/l/lowryky01.html,/teams/TOR/2020.html
298,281,Timothé Luwawu-Cabarrot,SG,24,BRK,9,0,149,2.9,8.2,.353,1.2,3.9,.313,1.7,4.3,.389,2.2,2.9,.750,0.5,3.6,4.1,1.4,1.0,0.2,2.2,2.9,9.2,/players/l/luwawti01.html,/teams/BRK/2020.html
299,282,Trey Lyles,PF,24,SAS,31,21,529,3.8,8.6,.444,1.7,4.7,.362,2.1,3.9,.544,0.5,0.9,.615,2.3,9.6,11.9,2.8,0.5,0.7,1.4,2.4,9.9,/players/l/lylestr01.html,/teams/SAS/2020.html
300,283,Daryl Macon,SG,24,MIA,4,0,14,2.6,7.7,.333,2.6,5.1,.500,0.0,2.6,.000,0.0,0.0,,0.0,0.0,0.0,2.6,0.0,0.0,5.1,2.6,7.7,/players/m/maconda01.html,/teams/MIA/2020.html
301,284,Josh Magette,PG,30,ORL,4,0,12,9.0,21.0,.429,0.0,0.0,,9.0,21.0,.429,3.0,6.0,.500,3.0,6.0,9.0,6.0,6.0,0.0,9.0,0.0,21.0,/players/m/magetjo01.html,/teams/ORL/2020.html
302,285,Ian Mahinmi,C,33,WAS,11,8,227,4.6,9.7,.475,0.2,1.3,.125,4.4,8.4,.528,3.8,6.0,.632,4.9,6.0,10.9,1.6,1.1,2.4,2.7,5.6,13.2,/players/m/mahinia01.html,/teams/WAS/2020.html
303,286,Thon Maker,C,22,DET,31,3,344,3.7,7.3,.500,0.8,2.2,.381,2.8,5.1,.551,3.5,5.3,.647,2.0,4.3,6.3,1.5,0.9,1.9,1.9,4.5,11.6,/players/m/makerth01.html,/teams/DET/2020.html
304,287,Terance Mann,SG,23,LAC,22,5,203,3.7,7.4,.500,0.4,1.6,.222,3.4,5.9,.576,1.4,1.8,.800,0.5,3.9,4.4,5.0,1.1,0.5,2.1,4.6,9.2,/players/m/mannte01.html,/teams/LAC/2020.html
305,288,Boban Marjanović,C,31,DAL,15,1,143,7.8,14.9,.525,0.0,0.8,.000,7.8,14.1,.554,3.5,5.0,.700,3.8,11.3,15.1,1.8,0.5,0.8,3.0,5.8,19.1,/players/m/marjabo01.html,/teams/DAL/2020.html
306,289,Lauri Markkanen,PF,22,CHI,33,33,995,5.9,14.3,.416,2.5,7.3,.337,3.5,6.9,.500,3.5,4.3,.824,1.3,6.7,8.0,2.0,1.0,0.7,2.1,2.4,17.9,/players/m/markkla01.html,/teams/CHI/2020.html
307,290,Caleb Martin,SF,24,CHO,5,0,32,3.4,11.3,.300,0.0,3.4,.000,3.4,7.9,.429,3.4,5.6,.600,1.1,4.5,5.6,3.4,1.1,2.3,3.4,3.4,10.1,/players/m/martica02.html,/teams/CHO/2020.html
308,291,Cody Martin,SF,24,CHO,26,0,392,3.2,8.0,.402,0.6,3.1,.206,2.6,4.9,.528,2.7,3.9,.690,1.2,5.3,6.5,3.0,2.0,0.4,1.4,3.9,9.7,/players/m/martico01.html,/teams/CHO/2020.html
309,292,Kelan Martin,SF,24,MIN,12,0,174,5.2,13.9,.373,2.3,7.7,.297,2.9,6.2,.467,0.4,0.4,1.000,0.8,6.0,6.8,1.0,0.6,0.2,1.0,5.0,13.0,/players/m/martike03.html,/teams/MIN/2020.html
310,293,Frank Mason,PG,25,MIL,4,0,18,2.0,14.0,.143,2.0,8.0,.250,0.0,6.0,.000,4.0,8.0,.500,2.0,2.0,4.0,10.0,2.0,0.0,2.0,4.0,10.0,/players/m/masonfr01.html,/teams/MIL/2020.html
311,294,Garrison Mathews,SG,23,WAS,10,0,101,2.9,7.5,.381,2.5,6.8,.368,0.4,0.7,.500,2.5,2.9,.875,1.4,3.9,5.3,2.1,0.7,0.4,1.8,4.6,10.7,/players/m/mathega01.html,/teams/WAS/2020.html
312,295,Wesley Matthews,SG,33,MIL,33,33,789,4.0,9.2,.431,2.4,6.3,.380,1.6,3.0,.538,1.4,1.8,.795,0.3,3.3,3.6,2.1,1.1,0.2,1.1,2.2,11.7,/players/m/matthwe02.html,/teams/MIL/2020.html
313,296,Patrick McCaw,SF,24,TOR,12,6,319,3.4,7.2,.469,1.4,3.6,.375,2.0,3.6,.563,0.3,0.5,.750,0.8,2.5,3.3,2.5,1.7,0.1,1.8,2.3,8.5,/players/m/mccawpa01.html,/teams/TOR/2020.html
314,297,CJ McCollum,SG,28,POR,33,33,1209,8.7,19.1,.455,2.7,7.1,.376,6.0,12.1,.501,1.9,2.3,.818,0.7,3.5,4.3,3.6,0.8,0.7,2.0,2.5,21.9,/players/m/mccolcj01.html,/teams/POR/2020.html
315,298,T.J. McConnell,PG,27,IND,31,0,563,6.4,12.5,.510,0.2,0.6,.300,6.2,11.9,.522,0.9,1.1,.824,1.0,4.3,5.2,10.0,1.3,0.3,2.8,2.2,13.9,/players/m/mccontj01.html,/teams/IND/2020.html
316,299,Jalen McDaniels,PF,22,CHO,2,0,7,10.3,25.7,.400,0.0,5.1,.000,10.3,20.6,.500,0.0,0.0,,5.1,0.0,5.1,0.0,0.0,0.0,0.0,0.0,20.6,/players/m/mcdanja01.html,/teams/CHO/2020.html
317,300,Doug McDermott,PF,28,IND,33,0,697,6.2,13.1,.472,3.3,7.1,.460,2.9,6.0,.487,1.0,1.2,.792,0.8,4.0,4.9,2.0,0.2,0.2,1.2,3.3,16.6,/players/m/mcderdo01.html,/teams/IND/2020.html
319,301,JaVale McGee,C,32,LAL,33,33,541,6.9,10.8,.638,0.1,0.1,1.000,6.9,10.8,.636,1.5,2.3,.629,4.3,8.7,12.9,1.3,1.1,3.3,1.7,5.2,15.4,/players/m/mcgeeja01.html,/teams/LAL/2020.html
320,302,Rodney McGruder,SG,28,LAC,22,2,380,3.0,8.0,.381,1.5,4.8,.314,1.5,3.1,.485,0.6,1.1,.500,1.2,4.5,5.8,1.3,1.0,0.4,0.9,3.8,8.1,/players/m/mcgruro01.html,/teams/LAC/2020.html
321,303,Alfonzo McKinnie,SF,27,CLE,21,0,202,3.6,9.8,.364,1.4,4.5,.320,2.1,5.3,.400,1.2,2.0,.636,2.0,4.8,6.8,0.5,1.2,0.5,1.6,3.9,9.8,/players/m/mckinal01.html,/teams/CLE/2020.html
322,304,Jordan McLaughlin,PG,23,MIN,5,0,80,5.0,12.6,.393,1.8,6.3,.286,3.2,6.3,.500,1.8,1.8,1.000,0.5,3.6,4.1,5.4,1.8,0.0,1.8,2.3,13.5,/players/m/mclaujo01.html,/teams/MIN/2020.html
323,305,Ben McLemore,SG,26,HOU,33,8,794,4.9,12.1,.404,3.6,10.3,.352,1.3,1.8,.700,1.6,2.0,.800,0.5,3.1,3.6,1.5,1.1,0.4,1.2,3.0,15.1,/players/m/mclembe01.html,/teams/HOU/2020.html
324,306,Jordan McRae,SG,28,WAS,15,0,279,7.1,15.1,.470,2.3,5.3,.439,4.8,9.8,.487,3.0,3.6,.821,0.5,4.4,4.9,5.2,1.2,0.6,2.1,3.7,19.5,/players/m/mcraejo01.html,/teams/WAS/2020.html
325,307,Nicolò Melli,C,29,NOP,26,3,370,4.2,10.6,.394,2.2,7.3,.307,1.9,3.3,.588,2.2,2.9,.767,1.4,4.6,5.9,2.5,1.4,0.5,1.8,4.4,12.8,/players/m/mellini01.html,/teams/NOP/2020.html
326,308,De'Anthony Melton,PG,21,MEM,23,0,382,5.6,12.3,.450,1.2,3.4,.361,4.3,9.0,.484,3.3,3.9,.854,1.8,6.3,8.1,6.6,2.9,0.5,3.3,4.4,15.6,/players/m/meltode01.html,/teams/MEM/2020.html
327,309,Chimezie Metu,PF,22,SAS,9,0,34,11.6,21.2,.550,0.0,0.0,,11.6,21.2,.550,2.1,4.2,.500,8.5,8.5,16.9,2.1,1.1,3.2,1.1,1.1,25.4,/players/m/metuch01.html,/teams/SAS/2020.html
328,310,Khris Middleton,SF,28,MIL,27,24,755,9.0,18.4,.490,2.8,6.8,.408,6.2,11.6,.537,3.3,3.7,.897,1.2,6.0,7.2,4.9,1.2,0.2,2.6,3.0,24.1,/players/m/middlkh01.html,/teams/MIL/2020.html
329,311,C.J. Miles,SG,32,WAS,10,0,161,4.2,13.2,.322,2.5,7.8,.314,1.8,5.4,.333,3.4,4.5,.750,0.9,1.8,2.7,2.7,2.2,0.9,0.9,3.1,14.3,/players/m/milescj01.html,/teams/WAS/2020.html
330,312,Malcolm Miller,SF,26,TOR,18,1,108,2.0,6.3,.316,1.7,5.0,.333,0.3,1.3,.250,0.3,2.0,.167,0.3,4.3,4.7,2.3,1.3,0.7,1.0,3.3,6.0,/players/m/millema01.html,/teams/TOR/2020.html
331,313,Patty Mills,PG,31,SAS,31,1,714,6.3,13.9,.451,3.4,8.3,.415,2.8,5.6,.505,2.0,2.6,.769,0.4,2.0,2.4,3.2,1.4,0.3,1.6,2.3,17.9,/players/m/millspa02.html,/teams/SAS/2020.html
332,314,Paul Millsap,PF,34,DEN,28,28,697,6.2,12.9,.484,1.5,3.4,.462,4.7,9.6,.492,3.9,4.4,.882,2.7,5.6,8.3,2.0,1.2,1.0,1.9,3.9,17.9,/players/m/millspa01.html,/teams/DEN/2020.html
333,315,Shake Milton,SG,23,PHI,10,0,83,5.6,15.6,.361,1.7,8.2,.211,3.9,7.4,.529,3.0,3.9,.778,0.4,3.0,3.5,3.0,0.4,0.0,5.2,5.6,16.0,/players/m/miltosh01.html,/teams/PHI/2020.html
334,316,Donovan Mitchell,SG,23,UTA,32,32,1122,9.7,21.1,.458,2.3,6.4,.355,7.4,14.7,.503,4.3,5.1,.831,0.8,3.9,4.7,4.4,1.2,0.3,2.6,2.4,25.9,/players/m/mitchdo01.html,/teams/UTA/2020.html
335,317,Naz Mitrou-Long,SG,26,IND,3,0,43,5.0,13.4,.375,1.7,9.2,.182,3.3,4.2,.800,0.0,0.0,,0.0,5.0,5.0,5.9,0.8,0.8,1.7,0.8,11.7,/players/m/mitrona01.html,/teams/IND/2020.html
336,318,Adam Mokoka,G,21,CHI,1,0,3,0.0,24.0,.000,0.0,0.0,,0.0,24.0,.000,0.0,0.0,,24.0,0.0,24.0,0.0,0.0,0.0,0.0,0.0,0.0,/players/m/mokokad01.html,/teams/CHI/2020.html
337,319,Malik Monk,SG,21,CHO,34,0,691,6.4,14.5,.441,1.7,6.5,.266,4.7,8.1,.581,2.0,2.5,.813,0.7,4.3,5.0,3.8,0.8,0.4,2.3,2.6,16.6,/players/m/monkma01.html,/teams/CHO/2020.html
338,320,E'Twaun Moore,SG,30,NOP,22,3,440,7.0,16.1,.431,2.9,6.6,.432,4.1,9.5,.431,1.1,1.9,.609,1.4,4.1,5.5,2.9,1.0,0.2,1.1,2.8,17.9,/players/m/mooreet01.html,/teams/NOP/2020.html
340,321,Ja Morant,PG,20,MEM,28,28,819,8.0,17.1,.466,1.1,2.8,.397,6.9,14.3,.480,4.4,5.6,.789,0.8,3.2,4.0,8.0,1.3,0.4,3.8,2.1,21.5,/players/m/moranja01.html,/teams/MEM/2020.html
341,322,Juwan Morgan,PF,22,UTA,3,0,9,0.0,0.0,,0.0,0.0,,0.0,0.0,,0.0,0.0,,0.0,8.0,8.0,0.0,0.0,0.0,4.0,4.0,0.0,/players/m/morgaju01.html,/teams/UTA/2020.html
342,323,Marcus Morris,SF,30,NYK,30,30,944,6.8,15.8,.429,3.0,6.5,.459,3.8,9.3,.408,4.3,5.0,.864,1.2,5.2,6.4,1.7,0.9,0.5,1.9,3.6,20.9,/players/m/morrima03.html,/teams/NYK/2020.html
343,324,Markieff Morris,PF,30,DET,31,15,698,6.4,13.6,.470,2.7,6.7,.411,3.7,7.0,.526,1.8,2.4,.745,0.9,5.4,6.3,2.7,1.0,0.4,2.7,3.7,17.3,/players/m/morrima02.html,/teams/DET/2020.html
344,325,Monte Morris,PG,24,DEN,32,0,563,5.5,13.1,.420,1.2,3.0,.404,4.3,10.1,.424,1.7,2.2,.765,0.6,2.6,3.2,6.6,1.3,0.5,1.3,1.6,13.9,/players/m/morrimo01.html,/teams/DEN/2020.html
345,326,Johnathan Motley,PF,24,LAC,4,0,11,3.3,9.8,.333,3.3,3.3,1.000,0.0,6.5,.000,0.0,0.0,,3.3,3.3,6.5,9.8,9.8,0.0,9.8,9.8,9.8,/players/m/motlejo01.html,/teams/LAC/2020.html
346,327,Emmanuel Mudiay,PG,23,UTA,29,0,476,6.2,13.0,.477,1.1,3.3,.341,5.1,9.7,.523,2.5,3.3,.767,0.7,5.0,5.7,5.1,0.7,0.5,3.5,3.6,16.0,/players/m/mudiaem01.html,/teams/UTA/2020.html
347,328,Dejounte Murray,PG,23,SAS,28,20,662,6.4,13.1,.488,0.5,2.0,.270,5.8,11.0,.527,2.4,3.0,.786,1.7,7.2,8.9,6.3,2.8,0.5,3.5,3.8,15.7,/players/m/murrade01.html,/teams/SAS/2020.html
348,329,Jamal Murray,PG,22,DEN,32,32,1023,7.2,16.7,.432,1.9,5.7,.327,5.3,11.0,.486,3.2,3.5,.909,1.1,3.8,4.9,5.2,1.5,0.3,2.6,2.0,19.5,/players/m/murraja01.html,/teams/DEN/2020.html
349,330,Džanan Musa,SF,20,BRK,23,0,307,3.8,11.7,.320,1.1,5.9,.180,2.7,5.9,.460,2.7,3.6,.742,1.2,4.8,6.0,2.8,1.1,0.1,2.8,2.0,11.3,/players/m/musadz01.html,/teams/BRK/2020.html
350,331,Mike Muscala,C,28,OKC,20,0,200,3.4,11.7,.292,2.2,8.6,.250,1.3,3.1,.412,1.6,1.8,.900,1.3,5.9,7.2,2.5,0.7,0.5,1.1,3.8,10.6,/players/m/muscami01.html,/teams/OKC/2020.html
351,332,Sviatoslav Mykhailiuk,SF,22,DET,28,5,483,4.2,10.5,.404,3.3,7.7,.427,1.0,2.8,.342,0.8,1.0,.786,0.4,2.3,2.8,2.9,1.0,0.1,1.8,2.8,12.6,/players/m/mykhasv01.html,/teams/DET/2020.html
352,333,Abdel Nader,SF,26,OKC,25,5,457,4.8,10.3,.466,2.0,5.4,.382,2.8,5.0,.556,2.0,2.6,.788,0.6,3.0,3.6,1.4,0.7,0.7,2.0,3.0,13.7,/players/n/naderab01.html,/teams/OKC/2020.html
353,334,Larry Nance,C,27,CLE,29,5,715,4.7,9.6,.495,1.5,4.3,.341,3.3,5.3,.619,1.3,2.0,.667,2.5,8.0,10.5,2.2,1.1,0.8,1.4,2.3,12.2,/players/n/nancela02.html,/teams/CLE/2020.html
354,335,Shabazz Napier,PG,28,MIN,18,4,340,4.6,13.8,.331,1.8,8.4,.215,2.8,5.4,.510,2.8,3.3,.839,0.4,3.7,4.1,7.1,2.2,0.4,3.4,2.2,13.7,/players/n/napiesh01.html,/teams/MIN/2020.html
355,336,Raul Neto,PG,27,PHI,28,2,325,4.9,10.0,.489,1.8,3.9,.457,3.1,6.1,.509,0.7,0.9,.750,0.3,2.9,3.2,4.7,1.6,0.2,2.8,2.2,12.2,/players/n/netora01.html,/teams/PHI/2020.html
356,337,Georges Niang,PF,26,UTA,26,0,310,5.0,11.0,.453,2.9,7.1,.410,2.1,3.9,.529,0.8,1.2,.700,0.7,4.5,5.2,1.3,0.5,0.3,1.5,4.1,13.7,/players/n/niangge01.html,/teams/UTA/2020.html
357,338,Nerlens Noel,C,25,OKC,31,3,575,5.9,8.8,.671,0.0,0.0,,5.9,8.8,.671,3.3,4.1,.815,2.8,6.6,9.4,2.5,2.2,2.9,2.2,5.1,15.1,/players/n/noelne01.html,/teams/OKC/2020.html
358,339,Zach Norvell,SG,22,LAL,2,0,5,0.0,7.2,.000,0.0,0.0,,0.0,7.2,.000,0.0,0.0,,0.0,7.2,7.2,0.0,0.0,0.0,0.0,0.0,0.0,/players/n/norveza01.html,/teams/LAL/2020.html
359,340,Jaylen Nowell,SG,20,MIN,5,0,59,4.3,9.8,.438,0.0,5.5,.000,4.3,4.3,1.000,3.1,3.1,1.000,0.0,1.2,1.2,3.1,0.0,0.0,0.6,1.2,11.6,/players/n/nowelja01.html,/teams/MIN/2020.html
361,341,Frank Ntilikina,PG,21,NYK,31,23,699,3.4,8.9,.382,1.3,4.0,.338,2.1,4.9,.417,1.1,1.3,.840,0.6,2.7,3.2,4.7,1.9,0.6,2.0,4.3,9.2,/players/n/ntilila01.html,/teams/NYK/2020.html
362,342,Kendrick Nunn,SG,24,MIA,32,32,978,7.5,16.7,.449,2.4,7.0,.349,5.1,9.8,.521,1.5,1.8,.800,0.3,3.0,3.3,4.2,1.1,0.3,2.2,2.9,18.9,/players/n/nunnke01.html,/teams/MIA/2020.html
363,343,David Nwaba,SF,27,BRK,20,0,268,5.0,9.5,.521,1.6,3.8,.429,3.4,5.8,.581,2.4,3.6,.667,1.1,5.0,6.0,1.1,1.5,1.6,1.1,4.3,14.0,/players/n/nwabada01.html,/teams/BRK/2020.html
364,344,Royce O'Neale,PF,26,UTA,32,29,944,2.9,6.1,.478,1.7,3.7,.454,1.2,2.4,.516,0.5,0.7,.778,0.2,5.9,6.1,3.1,1.1,0.4,1.1,3.7,8.0,/players/o/onealro01.html,/teams/UTA/2020.html
365,345,Kyle O'Quinn,C,29,PHI,18,0,170,5.1,10.2,.500,1.3,3.4,.375,3.8,6.8,.563,0.6,1.7,.375,4.0,8.9,12.9,4.9,0.4,2.8,3.4,5.1,12.1,/players/o/oquinky01.html,/teams/PHI/2020.html
366,346,Semi Ojeleye,PF,25,BOS,29,4,434,2.2,5.6,.388,1.2,3.5,.357,0.9,2.1,.440,0.6,0.8,.700,0.8,3.8,4.6,1.2,0.9,0.2,0.5,2.9,6.1,/players/o/ojelese01.html,/teams/BOS/2020.html
367,347,Jahlil Okafor,C,24,NOP,20,8,337,7.1,11.5,.611,0.1,0.2,.500,6.9,11.3,.613,3.0,4.6,.651,3.5,6.0,9.5,3.1,0.5,1.6,3.2,5.7,17.2,/players/o/okafoja01.html,/teams/NOP/2020.html
368,348,Elie Okobo,PG,22,PHO,23,1,265,5.4,12.5,.435,1.8,4.8,.371,3.7,7.7,.474,3.7,5.7,.643,0.5,3.1,3.7,6.9,1.5,0.3,1.2,2.7,16.3,/players/o/okoboel01.html,/teams/PHO/2020.html
369,349,Josh Okogie,SG,21,MIN,29,12,706,3.6,9.4,.384,1.0,3.7,.274,2.6,5.7,.455,3.5,4.4,.782,1.9,4.8,6.8,2.1,1.3,0.7,2.2,3.3,11.7,/players/o/okogijo01.html,/teams/MIN/2020.html
370,350,KZ Okpala,SF,20,MIA,3,0,3,0.0,0.0,,0.0,0.0,,0.0,0.0,,0.0,0.0,,0.0,12.0,12.0,0.0,0.0,0.0,12.0,0.0,0.0,/players/o/okpalkz01.html,/teams/MIA/2020.html
371,351,Kelly Olynyk,C,28,MIA,32,0,685,4.5,9.9,.455,2.5,5.9,.425,2.0,4.0,.500,2.4,2.7,.882,1.4,6.7,8.1,2.2,1.3,0.5,2.0,4.4,13.9,/players/o/olynyke01.html,/teams/MIA/2020.html
372,352,Miye Oni,SG,22,UTA,3,0,8,0.0,0.0,,0.0,0.0,,0.0,0.0,,0.0,0.0,,0.0,4.5,4.5,0.0,0.0,0.0,4.5,0.0,0.0,/players/o/onimi01.html,/teams/UTA/2020.html
373,353,Cedi Osman,SF,24,CLE,32,32,920,4.7,10.9,.428,2.0,5.6,.364,2.6,5.3,.496,1.0,1.7,.605,0.5,3.6,4.2,2.7,1.3,0.4,1.7,2.6,12.4,/players/o/osmande01.html,/teams/CLE/2020.html
374,354,Kelly Oubre,SF,24,PHO,32,32,1057,6.7,15.0,.448,1.7,5.2,.318,5.0,9.7,.517,3.8,4.8,.801,1.4,5.3,6.6,1.8,1.5,0.8,1.9,3.5,18.9,/players/o/oubreke01.html,/teams/PHO/2020.html
375,355,Jabari Parker,PF,24,ATL,31,23,822,8.6,16.9,.506,1.4,4.9,.277,7.2,12.0,.600,2.3,3.2,.736,2.3,6.0,8.3,2.4,1.8,0.7,2.6,4.0,20.8,/players/p/parkeja01.html,/teams/ATL/2020.html
376,356,Chandler Parsons,SF,31,ATL,5,0,54,3.3,12.0,.278,2.7,9.3,.286,0.7,2.7,.250,0.0,0.0,,0.7,4.0,4.7,2.0,2.7,0.7,2.0,2.0,9.3,/players/p/parsoch01.html,/teams/ATL/2020.html
377,357,Eric Paschall,PF,23,GSW,29,19,819,6.9,14.1,.492,0.9,2.9,.308,6.1,11.3,.539,3.9,5.0,.788,1.8,4.1,6.0,2.2,0.5,0.4,1.9,2.5,18.7,/players/p/pascher01.html,/teams/GSW/2020.html
378,358,Anžejs Pasečņiks,C,24,WAS,6,0,127,6.0,10.8,.553,0.0,0.0,,6.0,10.8,.553,3.7,6.0,.619,3.4,4.5,7.9,1.1,0.6,0.0,1.4,5.1,15.6,/players/p/pasecan01.html,/teams/WAS/2020.html
379,359,Patrick Patterson,PF,30,LAC,31,14,456,4.4,10.7,.415,3.2,8.1,.392,1.3,2.6,.485,1.3,1.9,.708,2.0,5.7,7.7,1.9,0.4,0.2,0.9,1.9,13.3,/players/p/pattepa01.html,/teams/LAC/2020.html
380,360,Justin Patton,C,22,OKC,2,0,9,4.0,12.0,.333,0.0,4.0,.000,4.0,8.0,.500,0.0,0.0,,0.0,8.0,8.0,0.0,0.0,0.0,4.0,16.0,8.0,/players/p/pattoju01.html,/teams/OKC/2020.html
382,361,Chris Paul,PG,34,OKC,32,32,1014,6.3,13.5,.468,1.8,4.9,.372,4.5,8.6,.523,4.4,4.8,.904,0.4,5.1,5.4,7.4,1.8,0.2,2.2,2.7,18.8,/players/p/paulch01.html,/teams/OKC/2020.html
383,362,Elfrid Payton,PG,25,NYK,16,7,383,4.9,12.4,.394,0.8,2.8,.300,4.0,9.6,.422,1.0,1.6,.647,1.8,3.9,5.6,8.9,2.3,0.4,2.8,3.0,11.7,/players/p/paytoel01.html,/teams/NYK/2020.html
384,363,Gary Payton,G,27,WAS,3,1,95,5.3,9.5,.560,1.9,3.0,.625,3.4,6.4,.529,0.8,1.5,.500,3.4,4.9,8.3,4.5,4.9,0.8,2.3,1.5,13.3,/players/p/paytoga02.html,/teams/WAS/2020.html
385,364,Norvel Pelle,SF,26,PHI,7,0,63,3.4,5.1,.667,0.0,0.0,,3.4,5.1,.667,2.3,3.4,.667,2.3,8.6,10.9,2.3,0.0,5.1,3.4,6.9,9.1,/players/p/pelleno01.html,/teams/PHI/2020.html
386,365,Theo Pinson,SG,24,BRK,21,0,283,4.7,15.9,.296,1.7,8.0,.206,3.1,7.9,.387,1.9,2.0,.938,1.0,4.2,5.2,5.1,1.3,0.3,3.4,3.4,13.0,/players/p/pinsoth01.html,/teams/BRK/2020.html
387,366,Mason Plumlee,C,29,DEN,32,1,557,5.8,9.9,.588,0.0,0.3,.000,5.8,9.6,.604,3.0,5.2,.580,3.8,8.1,11.9,4.8,1.2,1.4,3.2,4.7,14.7,/players/p/plumlma01.html,/teams/DEN/2020.html
388,367,Vincent Poirier,C,26,BOS,9,0,44,5.7,11.5,.500,0.0,0.0,,5.7,11.5,.500,0.8,1.6,.500,6.5,5.7,12.3,2.5,1.6,1.6,2.5,8.2,12.3,/players/p/poirivi01.html,/teams/BOS/2020.html
389,368,Jakob Pöltl,C,24,SAS,31,7,568,4.6,7.8,.593,0.0,0.0,,4.6,7.8,.593,1.5,2.8,.545,4.0,7.5,11.5,3.4,1.1,2.9,1.7,3.4,10.8,/players/p/poeltja01.html,/teams/SAS/2020.html
390,369,Shamorie Ponds,PG,21,TOR,3,0,9,8.0,16.0,.500,0.0,4.0,.000,8.0,12.0,.667,0.0,0.0,,0.0,4.0,4.0,8.0,0.0,4.0,0.0,8.0,16.0,/players/p/pondssh01.html,/teams/TOR/2020.html
391,370,Jordan Poole,SG,20,GSW,29,9,630,3.6,14.2,.254,1.8,7.5,.242,1.8,6.6,.267,2.7,3.2,.839,0.2,3.0,3.3,3.0,1.0,0.4,1.8,2.7,11.7,/players/p/poolejo01.html,/teams/GSW/2020.html
392,371,Kevin Porter,SF,19,CLE,31,1,670,5.3,11.9,.441,1.4,4.5,.313,3.9,7.5,.518,2.1,2.7,.765,0.5,4.8,5.4,3.3,1.5,0.3,2.9,4.3,14.0,/players/p/porteke02.html,/teams/CLE/2020.html
393,372,Michael Porter,PF,21,DEN,23,1,223,7.7,15.8,.490,2.1,5.7,.371,5.7,10.2,.556,1.6,2.1,.769,3.4,7.1,10.5,1.6,0.5,1.3,2.3,4.8,19.2,/players/p/portemi01.html,/teams/DEN/2020.html
394,373,Otto Porter,SF,26,CHI,9,9,226,5.6,13.4,.417,2.5,6.4,.400,3.0,7.0,.432,2.4,3.2,.750,1.3,3.7,4.9,2.2,1.4,0.5,1.1,3.2,16.1,/players/p/porteot01.html,/teams/CHI/2020.html
395,374,Bobby Portis,C,24,NYK,33,2,710,6.4,14.8,.433,1.7,4.9,.354,4.7,9.9,.472,1.6,2.2,.727,2.4,7.3,9.7,2.0,1.1,0.5,1.7,3.1,16.1,/players/p/portibo01.html,/teams/NYK/2020.html
396,375,Kristaps Porziņģis,PF,24,DAL,31,31,968,7.1,17.6,.403,2.5,7.4,.343,4.5,10.2,.445,3.2,4.5,.725,2.0,8.8,10.8,1.7,0.7,2.5,1.9,3.5,19.9,/players/p/porzikr01.html,/teams/DAL/2020.html
397,376,Dwight Powell,C,28,DAL,29,26,757,4.5,7.4,.606,0.4,1.4,.310,4.0,6.0,.675,2.3,3.5,.649,2.5,5.1,7.6,2.0,1.2,0.7,1.2,3.4,11.7,/players/p/poweldw01.html,/teams/DAL/2020.html
398,377,Norman Powell,SG,26,TOR,27,16,780,6.5,13.1,.493,2.4,6.0,.389,4.1,7.1,.582,2.6,3.2,.826,0.7,4.2,4.8,2.1,1.4,0.5,2.0,2.4,17.9,/players/p/powelno01.html,/teams/TOR/2020.html
399,378,Julius Randle,PF,25,NYK,33,33,1057,7.7,16.9,.457,1.3,4.6,.291,6.4,12.3,.518,4.3,6.2,.698,2.6,7.4,9.9,3.7,0.8,0.1,3.3,3.0,21.0,/players/r/randlju01.html,/teams/NYK/2020.html
400,379,Cam Reddish,SF,20,ATL,30,20,777,4.0,12.4,.326,1.4,5.5,.261,2.6,6.9,.378,2.1,2.7,.763,0.9,4.5,5.4,2.2,1.4,0.6,2.5,2.5,11.6,/players/r/reddica01.html,/teams/ATL/2020.html
401,380,J.J. Redick,SG,35,NOP,32,28,909,6.1,13.8,.443,4.0,8.8,.452,2.1,5.0,.425,3.2,3.7,.882,0.3,3.3,3.6,2.5,0.4,0.2,1.5,2.1,19.4,/players/r/redicjj01.html,/teams/NOP/2020.html
403,381,Naz Reid,C,20,MIN,2,0,4,9.0,18.0,.500,9.0,18.0,.500,0.0,0.0,,0.0,0.0,,0.0,9.0,9.0,0.0,0.0,0.0,0.0,9.0,27.0,/players/r/reidna01.html,/teams/MIN/2020.html
404,382,Josh Richardson,SG,26,PHI,27,27,855,6.3,14.5,.433,2.1,5.7,.363,4.2,8.8,.478,2.3,3.0,.761,1.0,3.0,4.0,3.7,1.2,0.8,2.4,3.2,16.9,/players/r/richajo01.html,/teams/PHI/2020.html
405,383,Austin Rivers,SG,27,HOU,31,2,730,4.6,11.3,.406,2.0,6.3,.320,2.6,5.0,.515,1.4,2.1,.690,0.9,3.0,3.8,2.5,0.9,0.3,1.0,3.0,12.6,/players/r/riverau01.html,/teams/HOU/2020.html
406,384,Duncan Robinson,SF,25,MIA,32,27,865,5.5,11.1,.492,4.4,9.4,.465,1.1,1.7,.650,0.8,0.8,.950,0.2,3.9,4.1,1.2,0.8,0.4,0.8,3.7,16.1,/players/r/robindu01.html,/teams/MIA/2020.html
407,385,Glenn Robinson,SF,26,GSW,33,33,1052,5.2,11.4,.455,1.4,3.7,.393,3.8,7.8,.485,1.3,1.6,.848,1.7,3.6,5.2,1.8,1.1,0.3,1.0,2.0,13.2,/players/r/robingl02.html,/teams/GSW/2020.html
408,386,Jerome Robinson,SG,22,LAC,26,0,306,4.0,11.6,.343,1.5,5.4,.283,2.5,6.2,.396,0.7,1.5,.462,0.4,4.5,4.8,2.9,0.8,0.8,2.1,4.2,10.2,/players/r/robinje01.html,/teams/LAC/2020.html
409,387,Justin Robinson,PG,22,WAS,8,0,45,4.0,8.8,.455,2.4,4.0,.600,1.6,4.8,.333,0.0,0.0,,0.8,3.2,4.0,4.8,0.0,0.8,2.4,1.6,10.4,/players/r/robinju01.html,/teams/WAS/2020.html
410,388,Mitchell Robinson,C,21,NYK,29,7,653,6.6,9.5,.688,0.0,0.0,,6.6,9.5,.688,2.9,4.7,.616,5.1,6.3,11.4,0.8,1.3,3.1,1.0,5.7,16.0,/players/r/robinmi01.html,/teams/NYK/2020.html
411,389,Rajon Rondo,PG,33,LAL,21,1,451,4.9,11.8,.419,1.9,4.9,.393,3.0,6.9,.437,1.1,1.5,.737,0.9,5.1,6.0,9.3,1.8,0.2,3.5,2.1,12.9,/players/r/rondora01.html,/teams/LAL/2020.html
412,390,Derrick Rose,PG,31,DET,27,1,658,10.1,20.5,.491,1.4,4.4,.321,8.6,16.1,.537,3.1,3.6,.877,0.8,2.5,3.3,8.8,1.4,0.5,3.7,1.4,24.7,/players/r/rosede01.html,/teams/DET/2020.html
413,391,Terrence Ross,SG,28,ORL,30,0,748,6.5,15.9,.409,3.0,8.9,.337,3.5,7.0,.500,2.8,3.3,.868,0.4,3.8,4.1,1.3,1.3,0.4,1.5,2.3,18.8,/players/r/rosste01.html,/teams/ORL/2020.html
414,392,Terry Rozier,PG,25,CHO,35,35,1170,6.7,16.1,.415,2.6,7.0,.381,4.0,9.1,.441,2.6,3.1,.843,0.9,3.9,4.8,4.6,1.3,0.2,2.9,2.4,18.6,/players/r/roziete01.html,/teams/CHO/2020.html
415,393,Ricky Rubio,PG,29,PHO,26,26,828,5.7,13.9,.413,1.3,4.3,.316,4.4,9.7,.455,3.1,3.6,.855,0.8,4.5,5.3,10.3,1.4,0.3,2.9,2.8,15.9,/players/r/rubiori01.html,/teams/PHO/2020.html
416,394,D'Angelo Russell,SG,23,GSW,22,22,691,9.3,21.5,.433,3.9,10.6,.363,5.5,10.9,.502,4.1,5.4,.767,0.3,3.5,3.9,6.9,1.0,0.4,3.5,2.5,26.6,/players/r/russeda01.html,/teams/GSW/2020.html
417,395,Domantas Sabonis,C,23,IND,31,31,1060,7.3,14.4,.504,0.3,1.1,.273,7.0,13.3,.523,3.4,4.7,.737,3.5,10.6,14.1,4.1,0.8,0.6,2.8,3.7,18.3,/players/s/sabondo01.html,/teams/IND/2020.html
418,396,JaKarr Sampson,SF,26,IND,10,7,171,5.1,8.8,.571,0.4,2.1,.200,4.6,6.7,.688,0.4,1.5,.286,1.5,4.2,5.7,0.8,1.1,1.3,1.3,5.1,10.9,/players/s/sampsja02.html,/teams/IND/2020.html
419,397,Dario Šarić,PF,25,PHO,32,32,880,5.4,12.3,.442,2.0,6.1,.336,3.4,6.2,.546,1.8,2.1,.863,2.3,7.2,9.5,2.8,1.0,0.4,1.8,3.5,14.7,/players/s/saricda01.html,/teams/PHO/2020.html
420,398,Tomáš Satoranský,PG,28,CHI,33,33,931,4.7,10.2,.462,1.5,3.9,.396,3.2,6.3,.503,1.9,2.2,.857,1.2,3.6,4.9,6.7,1.9,0.2,2.7,2.3,12.8,/players/s/satorto01.html,/teams/CHI/2020.html
421,399,Admiral Schofield,SF,22,WAS,18,2,222,3.4,8.6,.396,1.8,5.5,.324,1.6,3.1,.526,1.3,1.6,.800,0.6,3.4,4.1,1.9,1.1,0.5,1.0,5.2,9.9,/players/s/schofad01.html,/teams/WAS/2020.html
422,400,Dennis Schröder,PG,26,OKC,31,0,935,8.4,17.8,.469,2.1,6.1,.346,6.2,11.7,.533,3.1,3.7,.825,0.3,4.3,4.6,4.4,0.8,0.4,3.5,2.6,21.9,/players/s/schrode01.html,/teams/OKC/2020.html
424,401,Mike Scott,PF,31,PHI,35,4,654,4.3,10.0,.431,2.4,6.8,.358,1.9,3.2,.586,0.7,0.8,.800,1.3,4.9,6.2,1.2,0.6,0.1,0.7,2.5,11.7,/players/s/scottmi01.html,/teams/PHI/2020.html
425,402,Thabo Sefolosha,PF,35,HOU,23,0,227,2.5,7.6,.333,1.3,4.6,.276,1.3,3.0,.421,0.0,0.2,.000,1.9,5.7,7.6,2.4,1.4,0.6,1.1,3.3,6.3,/players/s/sefolth01.html,/teams/HOU/2020.html
426,403,Collin Sexton,SG,21,CLE,32,32,979,8.2,18.2,.448,1.0,3.5,.274,7.2,14.7,.489,3.8,4.6,.817,1.3,2.6,3.8,2.8,1.1,0.1,2.4,2.5,21.1,/players/s/sextoco01.html,/teams/CLE/2020.html
427,404,Landry Shamet,SG,22,LAC,17,11,462,3.9,9.1,.427,2.7,6.8,.402,1.2,2.3,.500,1.6,1.7,.955,0.1,2.3,2.3,2.1,0.6,0.3,1.2,4.0,12.2,/players/s/shamela01.html,/teams/LAC/2020.html
428,405,Iman Shumpert,SG,29,BRK,13,0,241,3.1,9.6,.328,1.2,4.9,.242,1.9,4.6,.419,0.6,1.0,.571,1.3,3.7,5.1,1.8,1.8,0.3,1.5,3.1,8.1,/players/s/shumpim01.html,/teams/BRK/2020.html
429,406,Pascal Siakam,PF,25,TOR,27,27,989,9.2,20.2,.457,2.4,6.2,.392,6.8,13.9,.486,3.8,4.7,.813,1.4,6.5,7.9,3.5,0.9,0.9,2.6,2.8,24.6,/players/s/siakapa01.html,/teams/TOR/2020.html
430,407,Chris Silva,PF,23,MIA,25,0,237,5.2,7.7,.667,0.0,0.3,.000,5.2,7.4,.694,4.3,6.1,.700,6.7,6.8,13.5,2.3,0.9,2.3,4.3,9.4,14.6,/players/s/silvach01.html,/teams/MIA/2020.html
431,408,Ben Simmons,PG,23,PHI,33,33,1161,6.0,10.7,.561,0.1,0.2,.400,6.0,10.6,.563,2.6,4.5,.579,1.7,5.5,7.2,8.9,2.3,0.7,3.7,3.5,14.7,/players/s/simmobe01.html,/teams/PHI/2020.html
432,409,Anfernee Simons,SG,20,POR,33,1,722,6.0,14.3,.420,2.0,6.0,.339,3.9,8.2,.479,1.8,2.4,.771,0.7,3.4,4.1,2.2,0.6,0.2,1.4,3.5,15.9,/players/s/simonan01.html,/teams/POR/2020.html
433,410,Alen Smailagić,F,19,GSW,2,0,24,6.0,9.0,.667,0.0,3.0,.000,6.0,6.0,1.000,1.5,1.5,1.000,1.5,7.5,9.0,1.5,0.0,1.5,0.0,4.5,13.5,/players/s/smailal01.html,/teams/GSW/2020.html
434,411,Marcus Smart,SG,25,BOS,21,15,659,4.6,12.1,.380,2.3,7.2,.328,2.2,4.9,.456,1.7,2.0,.838,1.1,2.7,3.8,5.1,1.6,0.5,1.4,2.6,13.2,/players/s/smartma01.html,/teams/BOS/2020.html
435,412,Dennis Smith,PG,22,NYK,21,1,339,4.4,13.4,.325,1.3,4.4,.293,3.1,9.0,.341,1.6,3.2,.500,1.4,3.3,4.7,6.1,1.1,0.7,3.2,4.7,11.6,/players/s/smithde03.html,/teams/NYK/2020.html
436,413,Ish Smith,PG,31,WAS,31,12,783,5.8,13.0,.449,1.4,3.6,.380,4.5,9.4,.475,1.1,1.7,.667,0.7,3.3,4.0,5.9,1.1,0.6,1.8,2.2,14.2,/players/s/smithis01.html,/teams/WAS/2020.html
437,414,Tony Snell,SF,28,DET,29,27,758,3.9,8.7,.451,2.7,6.4,.425,1.2,2.4,.520,0.6,0.6,1.000,0.3,2.2,2.5,1.9,0.7,0.2,0.7,2.3,11.2,/players/s/snellto01.html,/teams/DET/2020.html
438,415,Omari Spellman,PF,22,GSW,31,0,515,5.2,12.1,.428,1.3,3.8,.352,3.8,8.3,.462,2.7,3.4,.813,4.3,6.6,10.8,1.8,1.2,1.2,2.5,2.1,14.4,/players/s/spellom01.html,/teams/GSW/2020.html
439,416,Max Strus,SG,23,CHI,2,0,6,12.0,18.0,.667,0.0,6.0,.000,12.0,12.0,1.000,6.0,6.0,1.000,6.0,0.0,6.0,0.0,0.0,0.0,0.0,6.0,30.0,/players/s/strusma01.html,/teams/CHI/2020.html
440,417,Edmond Sumner,PG,24,IND,10,2,151,4.3,10.7,.400,1.0,3.6,.267,3.3,7.2,.467,1.0,1.7,.571,1.7,2.1,3.8,4.3,1.9,1.0,1.4,4.1,10.5,/players/s/sumneed01.html,/teams/IND/2020.html
441,418,Caleb Swanigan,PF,22,SAC,5,0,13,2.8,5.5,.500,0.0,0.0,,2.8,5.5,.500,2.8,5.5,.500,2.8,11.1,13.8,0.0,2.8,5.5,11.1,8.3,8.3,/players/s/swanica01.html,/teams/SAC/2020.html
442,419,Jayson Tatum,PF,21,BOS,30,30,1024,8.1,19.3,.420,2.6,7.2,.359,5.5,12.1,.456,3.6,4.2,.842,1.3,6.1,7.3,3.1,1.4,0.8,2.4,2.4,22.4,/players/t/tatumja01.html,/teams/BOS/2020.html
443,420,Jeff Teague,PG,31,MIN,27,13,793,5.5,12.3,.452,1.3,3.4,.378,4.3,8.9,.480,5.1,5.9,.862,0.6,2.9,3.5,7.9,1.0,0.5,2.8,2.6,17.4,/players/t/teaguje01.html,/teams/MIN/2020.html
445,421,Garrett Temple,SG,33,BRK,31,22,903,4.6,12.0,.383,2.6,8.0,.328,2.0,3.9,.495,1.2,1.6,.756,0.7,3.5,4.2,3.1,1.1,0.6,1.4,2.3,13.0,/players/t/templga01.html,/teams/BRK/2020.html
446,422,Daniel Theis,C,27,BOS,27,26,581,4.8,9.0,.538,0.6,1.7,.321,4.3,7.2,.590,1.6,2.3,.703,2.7,7.5,10.2,2.4,0.8,2.5,1.4,5.5,11.8,/players/t/theisda01.html,/teams/BOS/2020.html
447,423,Isaiah Thomas,PG,30,WAS,22,19,561,7.1,16.4,.430,3.1,7.3,.425,4.0,9.2,.434,2.4,2.9,.844,0.3,2.2,2.6,6.7,0.6,0.3,3.0,3.0,19.6,/players/t/thomais02.html,/teams/WAS/2020.html
448,424,Khyri Thomas,SG,23,DET,2,0,6,0.0,0.0,,0.0,0.0,,0.0,0.0,,6.0,12.0,.500,0.0,0.0,0.0,0.0,0.0,0.0,0.0,0.0,6.0,/players/t/thomakh01.html,/teams/DET/2020.html
449,425,Matt Thomas,SG,25,TOR,12,0,136,5.3,9.8,.541,3.7,6.9,.538,1.6,2.9,.545,0.8,1.3,.600,0.3,3.2,3.4,1.1,1.1,0.0,1.1,3.2,15.1,/players/t/thomama02.html,/teams/TOR/2020.html
450,426,Tristan Thompson,C,28,CLE,31,31,972,6.3,12.4,.503,0.1,0.3,.429,6.1,12.2,.505,2.1,3.6,.577,4.6,7.0,11.6,2.6,0.9,1.1,2.1,2.6,14.7,/players/t/thomptr01.html,/teams/CLE/2020.html
451,427,Matisse Thybulle,SG,22,PHI,30,3,529,3.3,7.6,.438,2.1,4.6,.463,1.2,3.1,.400,1.1,1.6,.667,0.5,1.6,2.2,2.5,2.9,1.5,1.9,4.2,9.9,/players/t/thybuma01.html,/teams/PHI/2020.html
452,428,Anthony Tolliver,PF,34,POR,23,8,379,2.5,7.2,.342,2.0,5.8,.344,0.5,1.4,.333,1.0,1.3,.786,1.4,4.8,6.3,1.7,0.7,0.6,1.8,3.3,8.0,/players/t/tollian01.html,/teams/POR/2020.html
453,429,Karl-Anthony Towns,C,24,MIN,23,23,779,9.6,18.6,.514,3.8,9.1,.418,5.8,9.6,.604,5.2,6.6,.796,2.9,9.5,12.4,4.7,1.1,1.3,3.3,3.7,28.1,/players/t/townska01.html,/teams/MIN/2020.html
454,430,Gary Trent,SG,21,POR,20,1,217,4.0,10.8,.369,2.8,7.1,.395,1.2,3.6,.318,0.7,0.7,1.000,0.8,3.2,4.0,1.5,1.2,0.5,1.2,3.0,11.4,/players/t/trentga02.html,/teams/POR/2020.html
455,431,Allonzo Trier,PG,24,NYK,16,1,205,6.0,11.6,.515,2.6,6.5,.405,3.3,5.1,.655,5.4,6.8,.795,0.2,3.7,3.9,3.7,0.4,0.7,3.5,4.0,20.0,/players/t/trieral01.html,/teams/NYK/2020.html
456,432,P.J. Tucker,PF,34,HOU,33,33,1190,3.3,6.9,.480,1.8,4.5,.389,1.5,2.4,.654,0.7,0.9,.767,1.6,5.7,7.3,1.4,1.2,0.4,1.1,3.3,9.0,/players/t/tuckepj01.html,/teams/HOU/2020.html
457,433,Evan Turner,PG,31,ATL,18,0,230,3.8,9.9,.381,0.0,0.8,.000,3.8,9.1,.414,1.9,2.2,.857,1.1,4.5,5.6,5.6,1.3,1.3,3.9,2.8,9.4,/players/t/turneev01.html,/teams/ATL/2020.html
458,434,Myles Turner,C,23,IND,25,25,731,5.4,11.8,.454,2.0,5.4,.364,3.4,6.4,.531,2.1,2.9,.724,1.7,5.4,7.0,1.5,0.7,2.6,1.7,3.0,14.8,/players/t/turnemy01.html,/teams/IND/2020.html
459,435,Jonas Valančiūnas,C,27,MEM,31,31,774,8.8,14.9,.594,0.8,1.9,.439,8.0,13.0,.616,2.3,3.1,.742,3.8,10.2,14.0,2.7,0.4,1.3,3.0,3.7,20.8,/players/v/valanjo01.html,/teams/MEM/2020.html
460,436,Denzel Valentine,SF,26,CHI,19,0,243,6.8,16.3,.418,4.0,10.1,.397,2.8,6.2,.452,0.7,0.7,1.000,0.4,5.2,5.6,3.0,1.9,0.7,1.6,3.9,18.4,/players/v/valende01.html,/teams/CHI/2020.html
461,437,Jarred Vanderbilt,SF,20,DEN,3,0,9,0.0,0.0,,0.0,0.0,,0.0,0.0,,0.0,0.0,,0.0,8.0,8.0,4.0,0.0,0.0,4.0,0.0,0.0,/players/v/vandeja01.html,/teams/DEN/2020.html
462,438,Fred VanVleet,PG,25,TOR,28,28,1021,5.8,14.6,.398,2.5,6.6,.378,3.3,8.0,.414,3.8,4.4,.871,0.2,3.6,3.8,6.8,2.0,0.2,2.5,2.2,17.9,/players/v/vanvlfr01.html,/teams/TOR/2020.html
463,439,Noah Vonleh,C,24,MIN,22,1,284,4.4,8.4,.530,0.1,1.6,.077,4.3,6.7,.642,2.5,3.0,.833,3.5,7.9,11.4,2.9,1.1,0.6,2.2,3.9,11.5,/players/v/vonleno01.html,/teams/MIN/2020.html
464,440,Nikola Vučević,C,29,ORL,21,21,654,8.0,17.9,.448,1.7,4.9,.337,6.4,13.0,.489,2.8,3.5,.794,3.0,9.6,12.6,4.1,1.0,1.2,1.3,2.2,20.5,/players/v/vucevni01.html,/teams/ORL/2020.html
466,441,Dean Wade,PF,23,CLE,3,0,18,2.0,4.0,.500,2.0,2.0,1.000,0.0,2.0,.000,0.0,0.0,,0.0,4.0,4.0,0.0,2.0,0.0,0.0,6.0,6.0,/players/w/wadede01.html,/teams/CLE/2020.html
467,442,Moritz Wagner,C,22,WAS,21,4,429,7.8,13.4,.581,1.8,4.7,.393,6.0,8.7,.683,3.0,3.6,.837,2.9,7.8,10.7,2.3,1.3,1.1,3.6,6.8,20.5,/players/w/wagnemo01.html,/teams/WAS/2020.html
468,443,Kemba Walker,PG,29,BOS,29,29,939,8.2,19.2,.430,4.1,10.2,.397,4.2,8.9,.468,4.5,5.1,.873,0.9,3.5,4.3,5.8,1.0,0.7,2.6,1.8,25.0,/players/w/walkeke02.html,/teams/BOS/2020.html
469,444,Lonnie Walker,SG,21,SAS,23,0,234,6.8,15.1,.449,1.2,3.5,.348,5.5,11.5,.480,2.0,3.4,.591,1.4,4.3,5.7,1.8,0.9,0.5,2.3,3.7,16.8,/players/w/walkelo01.html,/teams/SAS/2020.html
470,445,Tyrone Wallace,SG,25,ATL,14,0,160,3.2,9.9,.318,0.2,3.4,.067,2.9,6.5,.448,2.5,3.8,.647,0.7,4.3,5.0,2.9,1.6,0.2,2.3,4.3,9.0,/players/w/wallaty01.html,/teams/ATL/2020.html
471,446,Taurean Waller-Prince,SF,25,BRK,31,31,942,5.2,13.9,.376,2.9,7.9,.369,2.3,6.0,.386,1.1,1.5,.763,1.0,6.8,7.7,2.6,1.0,0.5,2.4,3.3,14.5,/players/p/princta02.html,/teams/BRK/2020.html
472,447,Derrick Walton,PG,24,LAC,16,0,151,2.6,5.2,.500,1.4,3.3,.429,1.2,1.9,.625,1.4,1.7,.857,0.5,1.9,2.4,4.1,1.0,0.0,0.7,2.9,8.1,/players/w/waltode01.html,/teams/LAC/2020.html
473,448,Brad Wanamaker,PG,30,BOS,30,0,560,4.1,9.4,.438,0.9,2.5,.359,3.2,6.9,.467,3.9,4.4,.897,0.8,3.3,4.1,5.5,1.4,0.5,2.3,3.5,13.1,/players/w/wanambr01.html,/teams/BOS/2020.html
474,449,T.J. Warren,SF,26,IND,33,33,1069,7.8,15.7,.497,1.3,3.7,.360,6.5,12.0,.539,2.7,3.2,.842,0.9,3.1,4.0,1.3,1.1,0.5,1.4,2.8,19.7,/players/w/warretj01.html,/teams/IND/2020.html
475,450,PJ Washington,PF,21,CHO,30,30,889,5.6,11.7,.483,1.7,4.2,.413,3.9,7.5,.522,2.1,3.2,.667,1.1,5.2,6.3,2.0,1.1,1.1,1.6,3.2,15.1,/players/w/washipj01.html,/teams/CHO/2020.html
476,451,Yuta Watanabe,SG,25,MEM,4,0,18,6.0,12.0,.500,2.0,4.0,.500,4.0,8.0,.500,0.0,0.0,,2.0,8.0,10.0,0.0,0.0,2.0,2.0,2.0,14.0,/players/w/watanyu01.html,/teams/MEM/2020.html
477,452,Tremont Waters,PG,22,BOS,3,0,28,6.4,15.4,.417,2.6,9.0,.286,3.9,6.4,.600,2.6,2.6,1.000,0.0,2.6,2.6,3.9,1.3,2.6,5.1,3.9,18.0,/players/w/watertr01.html,/teams/BOS/2020.html
478,453,Russell Westbrook,PG,31,HOU,29,29,1025,9.1,21.5,.424,1.2,5.1,.234,7.9,16.4,.483,5.1,6.4,.792,1.7,6.6,8.3,7.2,1.5,0.4,4.5,3.8,24.6,/players/w/westbru01.html,/teams/HOU/2020.html
479,454,Coby White,SG,19,CHI,33,0,791,6.2,16.7,.370,2.8,8.1,.345,3.4,8.7,.393,1.8,2.3,.800,0.5,4.9,5.3,3.4,1.0,0.1,2.3,1.9,17.0,/players/w/whiteco01.html,/teams/CHI/2020.html
480,455,Derrick White,SG,25,SAS,29,10,685,5.3,11.2,.472,1.5,3.7,.400,3.8,7.6,.507,2.7,3.5,.788,0.7,3.5,4.2,4.8,0.8,0.9,1.9,3.3,14.8,/players/w/whitede01.html,/teams/SAS/2020.html
481,456,Hassan Whiteside,C,30,POR,30,30,876,7.8,12.9,.608,0.0,0.1,.500,7.8,12.8,.609,3.2,4.3,.760,4.6,11.8,16.4,1.6,0.5,3.4,2.5,3.7,19.0,/players/w/whiteha01.html,/teams/POR/2020.html
482,457,Andrew Wiggins,SF,24,MIN,26,26,931,9.3,20.8,.446,2.2,6.8,.326,7.1,14.0,.504,4.1,5.5,.748,1.2,4.2,5.4,3.3,0.7,1.1,2.5,2.5,24.9,/players/w/wiggian01.html,/teams/MIN/2020.html
483,458,Grant Williams,PF,21,BOS,28,1,428,2.7,7.3,.368,0.4,3.1,.135,2.3,4.2,.540,1.7,2.1,.800,1.7,3.5,5.2,2.3,0.8,1.3,1.8,5.2,7.5,/players/w/willigr01.html,/teams/BOS/2020.html
484,459,Johnathan Williams,F,24,WAS,2,1,46,3.1,4.7,.667,0.0,0.0,,3.1,4.7,.667,2.3,2.3,1.000,3.1,5.5,8.6,3.1,0.0,0.8,0.0,2.3,8.6,/players/w/willijo04.html,/teams/WAS/2020.html
485,460,Kenrich Williams,PF,25,NOP,32,18,753,2.3,6.6,.353,1.2,4.5,.266,1.1,2.2,.533,0.4,1.1,.375,2.3,5.9,8.2,2.5,1.1,1.0,1.0,3.6,6.3,/players/w/willike04.html,/teams/NOP/2020.html
487,461,Lou Williams,SG,33,LAC,32,4,968,7.4,18.0,.413,2.0,5.8,.353,5.4,12.2,.442,5.7,6.7,.845,0.4,3.1,3.6,7.4,0.8,0.2,3.6,1.8,22.6,/players/w/willilo02.html,/teams/LAC/2020.html
488,462,Marvin Williams,PF,33,CHO,30,0,623,4.6,9.5,.479,2.1,5.4,.398,2.4,4.2,.583,1.9,2.1,.892,0.8,4.1,4.9,1.8,1.2,0.8,1.2,3.2,13.2,/players/w/willima02.html,/teams/CHO/2020.html
489,463,Robert Williams,C,22,BOS,19,1,269,4.4,6.6,.673,0.0,0.0,,4.4,6.6,.673,1.1,1.9,.571,3.1,8.6,11.6,2.8,2.3,2.8,2.1,4.6,9.9,/players/w/williro04.html,/teams/BOS/2020.html
490,464,Nigel Williams-Goss,PG,25,UTA,7,0,22,0.0,8.2,.000,0.0,1.6,.000,0.0,6.5,.000,3.3,3.3,1.000,1.6,1.6,3.3,3.3,0.0,1.6,1.6,1.6,3.3,/players/w/willini01.html,/teams/UTA/2020.html
491,465,D.J. Wilson,PF,23,MIL,18,0,202,5.5,11.8,.470,2.0,7.0,.282,3.6,4.8,.741,0.4,0.5,.667,1.1,6.4,7.5,2.5,0.0,0.5,2.0,3.0,13.4,/players/w/wilsodj01.html,/teams/MIL/2020.html
492,466,Justise Winslow,SF,23,MIA,10,5,337,5.3,13.6,.394,0.6,2.8,.231,4.7,10.8,.436,1.9,2.9,.667,1.7,5.9,7.6,4.6,0.6,0.4,2.5,3.8,13.2,/players/w/winslju01.html,/teams/MIA/2020.html
493,467,Christian Wood,PF,24,DET,29,0,451,7.9,12.7,.623,1.4,3.4,.395,6.5,9.3,.707,4.4,6.7,.655,3.1,8.1,11.3,1.4,0.7,1.8,2.3,2.2,21.6,/players/w/woodch01.html,/teams/DET/2020.html
494,468,Delon Wright,SG,27,DAL,30,2,614,5.2,10.3,.500,1.1,3.0,.373,4.0,7.3,.552,2.4,2.8,.872,1.5,4.7,6.3,5.8,2.7,0.5,1.3,2.1,13.8,/players/w/wrighde01.html,/teams/DAL/2020.html
495,469,Thaddeus Young,PF,31,CHI,32,0,698,5.8,14.5,.397,1.8,5.4,.324,4.0,9.1,.441,1.2,2.0,.605,2.5,4.9,7.4,3.0,1.8,0.4,2.6,3.1,14.5,/players/y/youngth01.html,/teams/CHI/2020.html
496,470,Trae Young,PG,21,ATL,31,31,1082,9.6,21.6,.444,3.5,9.6,.368,6.1,12.0,.504,6.7,7.9,.845,0.5,3.9,4.4,8.6,1.3,0.1,4.9,1.6,29.4,/players/y/youngtr01.html,/teams/ATL/2020.html
497,471,Cody Zeller,C,27,CHO,32,20,758,6.9,12.8,.543,0.7,2.5,.283,6.2,10.3,.606,3.2,4.7,.680,4.5,7.1,11.6,1.9,1.0,0.7,2.3,3.9,17.8,/players/z/zelleco01.html,/teams/CHO/2020.html
498,472,Ante Žižić,C,23,CLE,10,0,96,6.8,11.6,.581,0.0,0.0,,6.8,11.6,.581,3.4,3.7,.900,2.6,6.8,9.4,0.0,0.7,1.1,0.4,4.1,16.9,/players/z/zizican01.html,/teams/CLE/2020.html
499,473,Ivica Zubac,C,22,LAC,34,32,587,6.8,11.5,.590,0.0,0.1,.000,6.8,11.4,.597,4.2,5.6,.739,5.1,8.6,13.7,2.0,0.4,1.9,2.0,5.0,17.8,/players/z/zubaciv01.html,/teams/LAC/2020.html
